16|Aagenaes syndrome
19|Aaron sign
20|Aarskog-Scott syndrome
26|Abadie sign of tabes dorsalis
30|gait
32|astasia-abasia
39|Abbé condenser
38|Abbe flap
40|Abbott stain for spores
41|Abbott tube
41|Miller-Abbott tube
51699|parietal lymph nodes of abdomen
51699|visceral lymph nodes of abdomen
65769|esophagus
76|Abegg rule
77|method
78|Abelson murine leukemia virus
81|Abernethy fascia
31949|iliac fascia
6934|accessory obturator artery
6934|pubic branch of inferior epigastric artery
106|blood gases
106|under gas
4824|ABO blood group
135|Blood Groups Appendix
168|auditory brainstem response
169|amelia
172|Abrahams sign
173|Abrams heart reflex
312|half-value layer
312|photoelectric effect
312|attenuation
360|acantho-
393|mange
403|grain itch
424|radial acceleration
37481|factor V(null)
37481|factor V
37481|serum accelerator globulin
61307|dorsal accessory olivary nucleus
61307|medial accessory olivary nucleus
451|equilibration5
526|acet-
587|ACH
593|Achard syndrome
593|Achard-Thiers syndrome
602|Achenbach syndrome
603|Achilles bursa
603|Achilles reflex
603|Achilles tendon
27084|achondroplasia
768|Acosta disease
84106|macula of utricle
84106|macula of saccule
77324|centric jaw relation
785|Acrel ganglion
850|erythromelalgia
872|idiopathic hypertrophic osteoarthropathy
880|CREST syndrome
28468|emanon
918|Actinomadura latina
82519|activated sludge method
43652|acquired immunity
18693|activity2
77311|primary rejection
48986|lymphocytic leukemia
36978|necrotizing ulcerative gingivitis
1033|model
1038|artery of Adamkiewicz
1039|Adams-Stokes disease
1039|Stokes-Adams disease
1039|Adams-Stokes syncope
1039|Adams-Stokes syndrome
1039|Stokes-Adams syndrome
1039|Morgagni-Adams-Stokes syndrome
1041|adansonian classification
1042|development1
1042|equilibration5
79797|intelligence
1064|Addis count
90353|Addis count
1066|Addison clinical planes
1066|under plane
1065|Addison anemia
1065|Addison disease
1065|addisonian anemia
1065|addisonian crisis
1065|Addison-Biermer disease
1082|adeno-
92207|lymphatic tissue
92207|epithelium
1132|adenoid
1219|adenylic acid
1220|adenylic acid
1207|adenosine 3′
1207|5′-cyclic monophosphate
1209|adenosine 5′-diphosphate
1211|adenylic acid
1213|adenylic acid
1259|adenosine 5′-phosphosulfate kinase
1293|Adie pupil
1293|Adie syndrome
1293|Holmes-Adie pupil
1293|Holmes-Adie syndrome
1299|adip-
1343|Adler test
1342|adlerian psychology
1342|adlerian psychoanalysis
1347|admov
1353|impedance
1353|immittance
1353|compliance
43653|acquired immunity
1373|adreno-
1385|α-adrenergic receptors
1385|under receptor
1385|β-adrenergic receptors
1385|under receptor
1413|Adson test
1413|Adson forceps
1413|Adson maneuver
1413|Brown-Adson forceps
1420|anterograde
1435|paralysis.
1438|Aeby plane
1464|aer-
1465|Enterobacter
1514|acid-fast
73704|mood disorders
73704|under disorder
73704|bipolar disorder
73704|major depressive disorder
1540|AFORMED phenomenon
1541|fetoproteins
81713|Gambian trypanosomiasis
81713|Rhodesian trypanosomiasis
20094|aftercontraction
21942|aftercurrent
25209|afterdischarge
27997|aftereffect
56173|aftermovement
64440|afterpains
71545|afterpotential
82978|aftersound
89752|aftertaste
1548|flashback
1812|Dasyprocta2A tropic rodent.Dasyprocta
20742|cerebral cortex
92098|atrioventricular conduction
1846|Aicardi syndrome
91488|gas thermometer
50287|lime1
1875|Flynn-Aird syndrome
1906|acnemia
1932|Alagille syndrome
1933|Foix-Alajouanine myelitis
1933|Foix-Alajouanine syndrome
1934|aphonia
1945|Alanson amputation
65775|nasalis (muscle)
1955|Albarran glands
1955|under gland
1955|Albarran test
1955|Albarran y Dominguez tubules
1955|under tubule
1957|Albers-Schönberg disease
1958|Albert suture
1959|Albert stain
1963|Albini nodules
1963|under nodule
1964|ocular albinism
1964|piebaldism
1980|Albinus muscle
1982|Albrecht bone
1983|Albright disease
1983|Albright syndrome
1983|Albright hereditary osteodystrophy
1983|Forbes-Albright syndrome
1983|McCune-Albright syndrome
1984|tunica albuginea
1984|tunica albuginea of corpus spongiosum
1984|tunica albuginea of corpora cavernosa
1984|tunica albuginea of ovary
1984|tunica albuginea of testis
1984|sclera
1991|inherited albumin variants
1991|under variant
1997|inherited albumin variants
1997|under variant
2001|inherited albumin variants
2001|under variant
2002|inherited albumin variants
2002|under variant
2008|inherited albumin variants
2008|under variant
77926|hypertensive retinopathy
2054|Alcock canal
24123|chronic alcoholism
2105|Alder anomaly
2105|Alder bodies
2105|under body
2111|aldol condensation
2129|Aldrich syndrome
2129|Wiskott-Aldrich syndrome
11131|cutaneous leishmaniasis
2145|Alexander hearing impairment
2146|Alexander disease
2160|alge-
2175|alge-
2179|alge-
19516|cyclic compound
54590|alkaline earth elements
54590|under element
91324|alkalitherapy
27613|alkaline earth elements
27613|under element
2322|Bowditch law
2269|allantoidoangiopagous twins
2269|under twin
2275|DNA markers
36611|allele
36611|dominance of traits
2289|Allen test
2288|Allen-Doisy test
2288|Allen-Doisy unit
2287|Corner-Allen test
2287|Corner-Allen unit
2287|Allen-Masters syndrome
2290|Allen test
44442|allergic reaction
2319|Allis forceps
2338|alloploid
2347|alloploid
2366|alloploid
2379|pregnane
2394|alloploid
2402|alloploid
2439|Almén test for blood
2438|Almeida disease
2438|Lutz-Splendore-Almeida disease
2484|Alpers disease
90363|Beta tests
2492|Alport syndrome
2496|Alström syndrome
2499|Altemeier operation
2526|Meyenburg-Altherr-Uehlinger syndrome
2529|Altmann fixative
2529|Altmann granule
2529|Altmann anilin-acid fuchsin stain
2529|Altmann theory
2529|Altmann-Gersh method
2610|Alzheimer dementia
2610|Alzheimer disease
2610|Alzheimer sclerosis
2616|Amadori rearrangement
2650|amber codon
2651|Amberg lateral sinus line
2666|approach-avoidance conflict
2756|criminal insanity
79164|criminal insanity
2757|rule
94308|South American trypanosomiasis
2763|Ames assay
2763|Ames test
666|amino acid
2862|alanine
2878|Ammon's horn
2879|Ammon fissure
2879|Ammon prominence
87659|amnionic fluid embolism
2954|adenylic acid
2957|ampere
2957|statampere
2957|Ampère postulate
2956|ampere
2958|abampere
2958|coulomb
2960|amphi-
2960|ampho-
82830|solvolysissolvolysis
82979|amphoric voice
3014|average pulse magnitude
3014|peak magnitude
3130|Amsler chart
3130|Amsler grid
3130|Amsler test
3138|Amussat valve
3138|Amussat valvula
3164|amylo-
72941|amyloid
3210|glycogenosis type 4
3239|a-
3252|anaclitic depression
3254|anacrotic pulse
3302|psychoanalysis
77677|immune response
3384|anaphylatoxin
76060|anaplerotic
3415|communication
11777|orbital branch of middle meningeal artery
97114|inferior anastomotic vein
97114|superior anastomotic vein
3542|ankylo-
3553|Andernach ossicles
3553|under ossicle
3554|Anders disease
3555|Andersch ganglion
3555|Andersch nerve
3556|Andersen disease
3558|Anderson splint
3558|Roger Anderson pin fixation appliance
3557|Anderson-Collip test
3562|andral decubitus
2448|female pattern alopecia
2448|male pattern alopecia
3591|transonic
3592|Anel method
36339|inhalation anesthetic
3897|angio-
87665|Prader-Willi syndrome
3899|Angelucci syndrome
3900|Anger camera
3901|angio-
3952|coronary angiography
15100|Seldinger technique
9335|balloon-tip catheter
4089|angiotensin I
4089|angiotensin II
4089|angiotensin III
4099|Angle classification of malocclusion
4148|lateral angle of eye
4148|medial angle of eye
4162|angle of inclination of femur
95659|angstrom
4239|Turbatrix
52315|hypnosis
52315|mesmerism
4308|homunculus
4309|kingdom
77534|anion exchange
77534|anion exchanger
4357|Anitschkow cell
4357|Anitschkow myocyte
92530|dental ankylosis
74812|pair production
93868|protanomaly
93868|deuteranomaly
93868|tritanomaly
4523|Anrep phenomenon
4540|cutis anserina
4540|pes anserinus
4552|anti-
11795|segmental arteries of kidney
11795|under artery
87670|iridocorneal endothelial syndrome
92910|pyramidal tract
11786|medial mammary branches
32829|external arcuate fibers
69776|external vertebral venous plexus
19259|gray commissure
12768|fasciculi proprii
12768|under fasciculus
41545|lateral ventricle
61330|anterior hypothalamic area
6956|segmental arteries of kidney
69777|internal vertebral venous plexus
49382|anterior ligament of malleus
61326|anterior horn
61335|nuclei of trapezoid body
61333|anterior hypothalamic area
6968|perforating branches
6968|under branch
75149|anterior ramus of spinal nerve
75157|anterior ramus of spinal nerve
75159|anterior ramus of spinal nerve
75162|anterior ramus of spinal nerve
80573|anterior (bronchopulmonary) segment [S III]
80573|anterior basal (bronchopulmonary) segment [S VIII]
80573|anterior inferior renal segment
80573|anterior superior renal segment
80573|anterior segment of eyeball
6971|left pulmonary artery
6971|right pulmonary artery
13587|semicircular canals (of bony labyrinth)
92914|spinothalamic tract
6975|segmental arteries of kidney
23107|tegmental decussations2
38867|transverse temporal gyri
61337|anterior nuclei of thalamus
93363|anterograde
61339|anterior horn
61341|anterior nuclei of thalamus
61343|anterior nuclei of thalamus
87674|agammaglobulinemia
87674|hypogammaglobulinemia
87674|immunodeficiency
30873|prozone
19396|immune complex
4972|anti-G
90373|Coombs test
8687|antiidiotype antibody
83371|spectrum2
5088|antisense DNA
5088|antisense RNA
5100|military antishock trousers
5100|pneumatic antishock garment
5103|antisocial personality
5103|antisocial personality disorder
67425|psychopath
67425|sociopath
67425|antisocial personality disorder
67425|antisocial
5143|antitragicus (muscle)
5144|antitragohelicine fissure
5162|vivisection
5165|Anton syndrome
5166|Antoni type A neurilemoma
5166|Antoni type B neurilemoma
5198|Antyllus method
49394|anular ligament of radius
49394|anular ligament of stapes
49394|anular ligaments of trachea
80347|ring scotoma
25965|neurosis
87678|anxiety
84677|anxiety disorders
84677|under disorder
44887|aortic regurgitation
5308|hydroxyapatite
5318|Apert syndrome
5376|apex beat
5403|Apgar score
6987|left pulmonary artery
6987|right pulmonary artery
66291|sleep apnea
11158|hydrophobic interaction
5581|patellar retinaculum
5581|medial patellar retinaculum
5581|lateral patellar retinaculum
5719|appendicular artery
5719|appendicular lymph nodes
5719|under lymph node
5719|appendicular skeleton
5719|appendicular vein
19776|ambivalence
5806|persic oil
15480|apud
5826|water3
5826|solution3
16458|anterior chamber of eyeball
16458|posterior chamber of eyeball
5888|cranial arachnoid mater
5888|spinal arachnoid mater
5905|Aran-Duchenne disease
5905|Duchenne-Aran disease
5907|Arantius ligament
5907|Arantius nodule
5907|Arantius ventricle
5907|corpus arantii
5907|ductus venosus arantii
5920|arch
5920|arcus
5920|arcade
5948|arcus
89257|Galton system of classification of fingerprints
89257|under fingerprint
6052|Meyer-Archambault loop
6053|arch-
5986|deep plantar (arterial) arch
5986|medial longitudinal arch of foot
5986|plantar venous arch
5986|transverse arch of foot
5986|superficial plantar (arterial) arch
5986|dorsal venous arch of foot
5986|lateral longitudinal arch of foot
6059|arch-
32830|arcuate fibers of cerebrum
32830|external arcuate fibers
32830|internal arcuate fibers
50333|arcuate line of ilium
50333|arcuate line of rectus sheath
6097|palatoglossal arch
6097|palatopharyngeal arch
6117|inferior palpebral (arterial) arch
6117|superior palpebral (arterial) arch
6243|intermediate hypothalamic area
6314|Argyll Robertson pupil
6321|Arias-Stella effect
6321|Arias-Stella phenomenon
6321|Arias-Stella reaction
6325|Aristotle anomaly
6325|aristotelian method
6329|Arlt operation
6329|Arlt sinus
6342|Armanni-Ebstein kidney
6342|Armanni-Ebstein change
6346|Armitage-Doll model
6348|King-Armstrong unit
6350|Arneth classification
6350|Arneth count
6350|Arneth formula
6350|Arneth index
6350|Arneth stages
6350|under stage
18018|Arneth stages
18018|under stage
6352|Arnold bundle
6352|Arnold canal
6352|Arnold ganglion
6352|Arnold nerve
6352|Arnold tract
6352|foramen of Arnold
6353|Arnold bodies
6353|under body
6353|Arnold-Chiari deformity
6353|Arnold-Chiari malformation
6353|Arnold-Chiari syndrome
6355|aromatic compound
19519|cyclic compound
6377|Arrhenius doctrine
6377|Arrhenius equation
6377|Arrhenius law
6377|Arrhenius-Madsen theory
6392|Arruga forceps
6410|arsenic trioxide
6425|norepinephrine
6426|arterio-
6606|left pulmonary artery
6607|left pulmonary artery
6608|left pulmonary artery
6612|left pulmonary artery
6612|right pulmonary artery
6613|right pulmonary artery
6742|left pulmonary artery
6742|right pulmonary artery
6743|left pulmonary artery
6743|right pulmonary artery
6749|left pulmonary artery
6749|right pulmonary artery
6750|left pulmonary artery
6750|right pulmonary artery
6751|left pulmonary artery
6751|right pulmonary artery
6752|left pulmonary artery
6752|right pulmonary artery
6753|segmental arteries of kidney
6753|under artery
6754|segmental arteries of kidney
6754|under artery
6756|segmental arteries of kidney
6756|under artery
6757|segmental arteries of kidney
6757|under artery
6758|segmental arteries of kidney
6758|under artery
6591|ileal arteries
6591|under artery
6591|jejunal arteries
6591|under artery
6610|left pulmonary artery
6610|right pulmonary artery
6609|left pulmonary artery
6609|right pulmonary artery
6611|left pulmonary artery
6611|right pulmonary artery
5957|marginal artery of colon
43056|hypotension1
7315|dorsal artery of penis
7315|deep artery of penis
7537|arthro-
7648|Arthus phenomenon
7648|Arthus reaction
59893|plane joint
17715|articular vascular network
43655|acquired immunity
43656|acquired immunity
37069|laryngeal glands
7845|Ascher aqueous influx phenomenon
7845|Ascher syndrome
7846|Aschner phenomenon
7846|Aschner reflex
7846|Aschner-Dagnini reflex
7847|Aschoff bodies
7847|under body
7847|Aschoff nodules
7847|under nodule
7847|node of Aschoff and Tawara
7847|Rokitansky-Aschoff sinuses
7847|under sinus
7847|Aschoff cell
7862|Ascoli reaction
7862|Ascoli test
7879|Aselli pancreas
7879|Aselli gland
7887|Ashby method
7889|Asherman syndrome
7890|Ashman phenomenon
7891|xerostomia
7896|Ask-Upmark kidney
7895|Askanazy cell
7933|Asperger disorder
8007|Assézat triangle
8008|assimilation
8009|equilibration5
89884|eugenics
8012|Assmann tuberculous infiltrate
92918|association system
85405|conditioning
8148|micro-Astrup method
8149|Astwood test
8226|ataxia telangiectasia
8276|allothreonines
8283|hypothyroidism
65790|vertebral artery
53868|anterior atlantooccipital membrane
53868|posterior atlanto-occipital membrane
8296|atlanto-
2301|atopy
8343|ATP:citrate (pro-3S)-lyase
96675|tricuspid valve
96675|mitral valve
8406|belladonna
8504|scopolamine
8506|approach1
8506|avoidance
8506|ambivalence
8558|auricularis anterior (muscle)
70337|primary atypical pneumonia
8566|Aub-DuBois table
8568|Aubert phenomenon
42317|hyperacusis
61350|nuclei nervi vestibulocochlearis
15488|Corti cells
8602|Auenbrugger sign
8603|Auer bodies
8603|under body
8603|Auer rods
8603|under rod
8604|Auerbach ganglia
8604|under ganglion
8604|Auerbach plexus
36107|myenteric (nerve) plexus
8605|Aufrecht sign
8606|Auger electron
28315|photoelectric effect
28315|transition electron
8608|Aujeszky disease virus
8633|left auricle
8633|right auricle
8638|left atrium of heart
8638|right atrium of heart
97144|anterior auricular vein
97144|posterior auricular vein
8662|Auspitz sign
8663|Flint
8664|auto-
25972|autism
25972|infantile autism2a diagnosis from the Diagnostic and Statistical Manual that is established when the specified criteria are met.autism
25972|infantile autism
8712|autoploid
80961|autoerythrocyte sensitization syndrome
8733|autoploid
27377|APECED
8752|autotransfusion
36109|autonomic (visceral motor) division of nervous system
60140|motor neuron
8774|autoploid
8789|autopolymer resin
8814|phantom limb
8823|autoploid
8834|autoploid
8854|auxano-
8871|Avellis syndrome
8875|ivermectin
8888|Avogadro constant
8888|Avogadro hypothesis
8888|Avogadro law
8888|Avogadro number
8888|Avogadro postulate
8889|attachment
25973|avoidant disorder of childhood
50337|anterior axillary line
50337|midaxillary line
50337|posterior axillary line
56628|inferior axioappendicular muscles
56628|superior axioappendicular muscles
8924|axiomesiodistal plane
8935|trunk
8988|synapse
8989|synapse
9003|synapse
9007|Ayala index
9007|Ayala quotient
9008|Ayerza disease
9008|Ayerza syndrome
9009|Ayre brush
9039|zidovudine
74736|prescription2
