15558|delta cell of pancreas
29555|4-α-d-glucanotransferase
51303|displacement loop
21948|high-frequency current
67928|Twort-d'Herelle phenomenon
2835|ampicillin
40475|sedoheptulose
29884|quinovose
35976|pectic acid
37678|cellohexose
37688|Cori ester
37689|Robison ester
37689|Robison-Embden ester
37712|glucurone
37865|glycogenetic
52650|manna sugar
52650|mannite
90487|Doerfler-Stewart test
82938|ketose reductase
25403|epidemic pleurodynia
94856|papillary intralymphatic angioendothelioma
22773|dacryoadenitis
22775|dacryadenitis
22777|dacryocystocele
22778|lacrimal sac
22782|dacryocele
22787|lacrimal calculus
22787|ophthalmolith
22787|tear stone
22796|actinomycin D
22797|digit
22799|dactylodynia
22807|dactylalgia
22809|cheirology
22809|chirology
22810|megadactyly
22813|digit
22820|inulin
22821|podolite
50368|accretion lines
34105|Dakin solution
82792|Dakin fluid
93467|Carrel treatment
48162|law of partial pressures
22842|deoxyadenosine methylase
72188|Damus-Stancel-Kaye anastomosis
3433|Damus-Kaye-Stancel procedure
62799|posterior rhizotomy
52455|ballerina-foot pattern
17258|procursive chorea
22854|pityriasis capitis
22854|scurf
22854|seborrhea sicca2
32614|dengue
25404|anesthetic leprosy
25405|anesthetic leprosy
59215|Balkan nephropathy
60194|motor dapsone neuropathy
25406|keratosis follicularis
1043|scotopic adaptation
31265|scotopic eye
43524|dark-ground illumination
43525|dark-field illumination
25407|histoplasmosis
22869|Johne disease
31983|tunica dartos
31983|superficial fascia of scrotum
31983|membrana carnosa
31983|tunica carnea
56682|musculus dartos
94494|auricular tubercle
32615|dengue
22885|Jamestown weed
22885|jimson weed
22885|stink weed
22885|thorn apple
22886|duboisine
4139|occipital angle of parietal bone2
84639|polar star
15561|Paneth granular cells
25408|endomyocardial fibrosis
28820|subacute sclerosing panencephalitis
10713|hemeralopia
81777|nyctalopia
10942|Döhle inclusions
10942|leukocyte inclusions
44052|Döhle bodies
44052|under body
87889|Amsterdam syndrome
87889|Cornelia de Lange syndrome
84116|senile hemangioma
87891|septooptic dysplasia
81880|Musset (de Musset) sign
25419|radial styloid tendovaginitis
91990|subacute granulomatous thyroiditis
33415|acroasphyxia
73920|necrotic pulp
1620|Amanita phalloides
60478|belladonna
22922|O-diethylaminoethyl cellulose
22937|amidohydrolases
22939|desamidize
29556|amidohydrolases
22941|deaminating enzymes
29557|deaminases
22946|mors
44863|aggressive instinct
66242|cell-death pathway
75865|crude death rate
75865|lethality rate
75865|mortality rate
75865|mortality2
34735|magic forceps
23193|brancher glycogen storage disease
24254|glycogenosis type 3
29558|debranching factors
31660|debranching enzymes
31660|under enzyme
87884|Kocher-Debré-Sémélaigne syndrome
22995|caprin
26448|dopamine
23010|putrefaction
19980|disintegration constant
19980|radioactive constant
19980|transformation constant
71492|extensor response
78647|decerebrate state
84682|decerebrate rigidity
23021|dechlorination
23021|dechloruration
23022|dechloridation
23023|dechloridation
23028|decidua serotina
23029|decidua reflexa
23029|membrana adventitia2
23032|decidua vera
23034|decidua capsularis
23035|decidua basalis
23037|decidua parietalis
23042|placentoma
23664|deciduous tooth
53890|caduca
53890|Hunter membrane
53890|membrana decidua
82455|keratolysis2
92547|dens deciduus
92547|baby tooth
92547|deciduous dentition
92547|dens lacteus
92547|first dentition
92547|milk tooth
92547|primary dentition
92547|primary tooth
92547|temporary tooth
67924|declamping shock
81562|declamping phenomenon
23053|onychectomy
23056|declivis
23056|lobulus clivi
23057|declive
23058|apozem
23058|apozema
23063|putrefaction
25409|decompression sickness
81723|caisson disease
81723|decompression disease
81723|diver's palsy
23078|decongestive
23079|decongestant1
71493|flexor response
78648|decorticate state
84683|decorticate rigidity
36276|decubitus ulcer
33344|right or left lateral decubitus film
74915|lateral decubitus radiograph
95410|bedsore
95410|decubital gangrene
95410|hospital gangrene
95410|pressure gangrene
95410|pressure sore
95410|pressure ulcer
23094|decussation
23095|decussation of superior cerebellar peduncles
23096|decussation of trochlear nerve fibers
23098|decussation of medial lemniscus
23099|decussation of pyramids
23100|decussation of superior cerebellar peduncles
23101|decussation of pyramids
23102|decussation of medial lemniscus
23106|decussatio
23108|decussation of superior cerebellar peduncles
23114|decussatio lemnisci mediales
23114|decussatio sensoria
23114|decussation of the fillet
23114|sensory decussation of medulla oblongata
23119|decussatio pyramidum
23119|decussatio motoria
23119|motor decussation
23122|decussatio pedunculorum cerebellarium superiorum
23122|decussatio brachii conjunctivi
23122|decussation of brachia conjunctiva
23122|Wernekinck decussation
23110|decussation of medial lemniscus
23125|decussatio fibrarum nervorum trochlearium
23103|tegmental decussations
23103|under decussation
23130|anaplasia
23134|profundus
51736|nodi lymphoidei cervicales anteriores profundi
51736|anterior deep cervical lymph nodes
7061|profunda brachii artery
7066|arteria profunda clitoridis
7070|arteria profunda penis
7073|arteria profunda femoris
7073|deep femoral artery
7073|profunda femoris artery
7074|deep lingual artery
7062|arteria auricularis profunda
7063|profunda brachii artery
11879|ramus profundus
11885|ramus profundus nervi radialis
11880|ramus profundus nervi plantaris lateralis
11881|ramus profundus arteriae circumflexae femoris medialis
11882|ramus profundus arteriae plantaris medialis
11886|ramus profundus arteriae gluteae superioris
11887|dorsal scapular artery
11888|ramus profundus nervi ulnaris
69825|plexus cardiacus profundus
15564|mesangial cell
97200|venae profundae cerebri
7064|arteria cervicalis profunda
97201|vena cervicalis profunda
97201|vena colli profunda
7065|arteria circumflexa iliaca profunda
97202|vena circumflexa ilium profunda
20749|paracortex
5972|iliopubic tract
49477|deep posterior sacrococcygeal ligament
97204|vena dorsalis clitoridis profunda
97205|vena dorsalis penis profunda
7067|inferior epigastric artery
97206|inferior epigastric vein
97207|vena profunda faciei
31984|fascia profunda
31985|brachial fascia
31987|antebrachial fascia
31988|fascia cruris
31988|crural fascia
31988|fascia of leg
31989|(deep) cervical fascia
31990|fascia of penis
31991|fascia lata
31991|broad fascia
7068|deep artery of thigh
97208|profunda femoris vein
59336|nervus fibularis profundus
59336|deep peroneal nerve
59336|nervus peroneus profundus
59336|anterior tibial nerve
56684|flexor digitorum profundus (muscle)
48320|stratum griseum profundum colliculis superioris
39360|caput profundum musculi flexoris pollicis brevis
39361|medial head of triceps brachii (muscle)
12898|bursa infrapatellaris profunda
78699|anulus inguinalis profundus
78699|abdominal ring
78699|internal inguinal ring
31992|fascia investiens profunda
47749|deep layer
51738|nodi lymphoidei cervicales laterales profundi
48319|lamina profunda
48319|deep lamina
48321|lamina profunda musculi levatoris palpebrae superioris
48322|lamina profunda fasciae temporalis
7069|arteria profunda linguae
7069|arteria ranina
7069|deep artery of tongue
7069|ranine artery
97209|vena profunda linguae
51739|nodi lymphoidei profundi membri superioris
98500|vas lymphaticum profundum
97210|vena media profunda cerebri
56683|muscles of back proper
5973|arcus palmaris profundus
5973|arcus volaris profundus
11883|ramus palmaris profundus arteriae ulnaris
5974|arcus venosus palmaris profundus
51740|nodi lymphoidei parotidei profundi
65843|pars profunda compartimenti antebrachii anterioris
65844|pars profunda musculi sphincteri ani externi
65845|flexor retinaculum of hand
65846|pars profunda musculi masseteri
65847|pars profunda partis palpebralis musculi orbicularis oculi
65848|pars profunda glandulae parotidis
65848|processus retromandibularis glandulae parotidis
65848|processus retromandibularis
65848|retromandibular process of parotid gland
65849|pars profunda compartimenti cruris posterioris
65999|pars solealis compartimenti cruris posterioris
31993|perineal fascia
71596|deep perineal space
83074|deep perineal pouch
83074|spatium perinei profundum
59337|deep fibular nerve
59338|nervus petrosus profundus
59338|sympathetic root of pterygopalatine ganglion
5975|arcus plantaris profundus
7071|arteria plantaris profunda arteriae dorsalis pedis
7071|arteria plantaris profundus
7071|deep plantar branch of dorsalis pedis artery
7071|ramus plantaris profundus arteriae dorsalis pedis
11884|deep plantar artery
49478|ligamentum sacrococcygeum posterius profundum
49478|ligamentum sacrococcygeum dorsale profundum
49478|deep dorsal sacrococcygeal ligament
76738|jerk2
80927|kinesthetic sense
7072|arteria temporalis profunda (anterior et posterior)
59339|nervi temporales profundi
97212|venae temporales profundae
76740|myotatic reflex
49479|ligamentum metacarpale transversum profundum
49479|transverse metacarpal ligament
49480|ligamentum metatarsale transversum profundum
49480|transverse metatarsal ligament
56686|deep transverse perineal muscle
56685|musculus transversus perinei profundus
56685|deep transverse muscle of perineum
97213|profunda femoris vein
97203|venae profundae clitoridis
97211|venae profundae penis
48323|stratum medullare profundum
23136|Lipoptena cervi
25410|tularemia
32616|tularemia
23142|motion2
23142|movement3
9206|defective phage
63251|auxotrophic mutant
67633|defective bacteriophage
76741|flexor reflex
13619|ductus deferens
26822|ductus deferens
23172|vasectomy
69826|plexus (nervosus) deferentialis
69826|plexus of ductus deferens
7075|artery to ductus deferens
23174|vasitis
23175|desferrioxamine mesylate
3618|nutritional anemia
58043|auxotrophic mutant
13457|permanent callus
41622|final host
52052|secondary lysosomes
20042|cuspal interference
20042|interceptive occlusal contact
20042|premature contact
23238|defluxion
23239|defluvium
23268|branny desquamation
23272|degeneration
23273|retrograde metamorphosis
7554|osteoarthritis
17259|Huntington chorea
44448|alterative inflammation
25412|osteoarthritis
58536|pathologic myopia
70349|aspiration pneumonia
76742|swallowing reflex
87559|swallow syncope
25413|malignant atrophic papulosis
87886|malignant atrophic papulosis
90469|atropine test
2061|absolute alcohol2
23371|exsiccation2
23371|desiccation
23371|anhydration
32617|thirst fever
23378|biliverdin
23386|androstenolone
23386|dehydroisoandrosterone
23394|dehydroepiandrosterone
23395|retinene-2
23395|vitamin A2 aldehyde
23396|anhydrosugars
23398|iminohydrolases
92934|lateral vestibulospinal tract
15565|phalangeal cell
15565|astrocyte
23404|dejection3
23405|depression4
23405|dejecta
25414|Dejerine-Sottas disease
67926|Dejerine reflex
76743|Dejerine hand phenomenon
64598|Klumpke palsy
87887|Klumpke palsy
87888|thalamic syndrome
25415|Dejerine disease
25415|hereditary hypertrophic neuropathy
25415|progressive hypertrophic polyneuropathy
87890|Sertoli-cell-only syndrome
19193|severe postanoxic encephalopathy
42596|cell-mediated immunity
42596|delayed reaction
76100|contact hypersensitivity2
76100|delayed hypersensitivity2
76100|late reaction
76100|late-phase reaction
76100|tuberculin-type hypersensitivity
58061|reading-frameshift mutation
82946|Oriental sore
23462|larkspur
1675|hepatitis D virus
4857|hepatitis D virus
15567|D cell
23464|Δ check
23465|commissura fornicis
40355|viral hepatitis type D
98800|hepatitis D virus
56687|musculus deltoideus
11889|ramus deltoideus
21228|deltoid tuberosity (of humerus)
28607|deltoid tuberosity (of humerus)
31994|fascia deltoides
43885|deltoid tuberosity (of humerus)
49481|medial ligament of ankle joint
77149|regio deltoidea
94495|tuberculum deltoideum (spinae scapulae)
94709|tuberositas deltoidea (humeri)
94709|deltoid crest
94709|deltoid eminence
94709|deltoid impression
93633|clavipectoral triangle
93922|infraclavicular fossa
51741|nodi lymphoidei deltopectorales
93634|clavipectoral triangle
23470|delusion of passivity
23473|expansive delusion
23473|grandiose delusion
23475|nihilistic delusion
23478|delusion of control
36711|ventricular inhibited pulse generator
21949|current of injury
71553|injury potential
23491|phaeoid
23495|amentia2
23506|paralytic dementia
23512|boxer's dementia
23517|methyltransferase
23520|demilune body
10940|demilune
23525|semipennate
10670|blepharitis acarica
23529|Acarus folliculorum
70967|segmental demyelinating polyneuropathy
90057|melting temperature of DNA
2062|industrial methylated spirit
2062|methylated spirit
23547|arborescent
23547|dendritic1
23547|dendroid
23548|dendritic process
23548|dendron
23548|neurodendrite
23548|neurodendron
23550|dendriform
13365|staghorn calculus
15568|Langerhans cells
72265|dendrite1
83761|dendritic thorns
83761|gemmule2
91727|dendritic spines
91727|under spine
23552|dendriform
23553|dendrite1
23556|Aden fever
23556|bouquet fever
23556|breakbone fever
23556|dandy fever
23556|date fever
23556|dengue fever
23556|dengue hemorrhagic fever
23556|exanthesis arthrosia
23556|polka fever
23556|scarlatina rheumatica
23556|solar fever1
32618|dengue
32619|dengue
23558|negation
71597|superficial inguinal pouch
23560|denitrification
23561|denitration
50372|Dennie-Morgan fold
34254|Dennie line
5553|rectovesical septum
31996|rectoprostatic fascia
49482|puboprostatic ligament
23568|tooth
23568|dens axis
23568|odontoid process of epistropheus
23568|odontoid process
23570|canine tooth
23571|dens2
23572|premolar tooth
23573|canine tooth
23574|canine tooth
23575|deciduous tooth
23577|accessory tubercle2
23577|occlusal pearl
23577|tuberculated cusp
23576|dens invaginatus
23578|incisor tooth
23579|dens in dente
23580|deciduous tooth
23581|molar tooth
23582|third molar tooth
23583|permanent tooth
23584|premolar tooth
23585|third molar tooth
23586|third molar tooth
23587|permanent tooth
23588|densitometer1
23589|densimeter
38165|concentration gradient
16143|band centrifugation
16143|zone centrifugation
206|alveolar abscess
5637|masticatory system
7756|gliding occlusion
10308|dental biophysics
10335|dental biomechanics
11890|rami dentales
11890|dental rami
13366|tartar2
13620|alveolar canals of maxilla
14560|saprodontia
21229|crista dentalis
22097|enamel cuticle
33656|gingival fistula
34063|floss silk
34063|floss1
34736|extracting forceps
36857|gerodontics
36857|gerodontology
36861|tooth bud
38343|periapical granuloma
44156|Flower dental index
46589|forensic dentistry
47751|dental ledge
48611|dental lamina
48611|dental shelf
48611|dentogingival lamina
48611|enamel ledge
48611|primary dental lamina
49216|elevator2
51609|dentinal fluid
58902|neck of tooth
63460|orthodontics
64821|papilla dentis
64821|dentinal papilla
66215|oral pathology
69409|bacterial plaque
71005|hyperplastic pulpitis
72266|alveolar process of maxilla
72785|cleaning
72905|prosthodontics
73921|pulpa dentis
73921|dentinal pulp
73921|pulp2
73921|tooth pulp
74089|saliva ejector
75298|dental branches
75298|under branch
80464|fissure sealant
81491|dental ledge
94496|tuberculum dentis
94496|crown tubercle
94496|tubercle of tooth
94496|tuberculum coronae
94756|dentinal tubules
23609|toothache
31998|dentate gyrus
33544|hippocampal sulcus
38878|gyrus dentatus
38878|dentate fascia
38878|fascia dentata hippocampi
50373|pectinate line
61408|nucleus dentatus
61408|nucleus lateralis cerebelli
61408|corpus dentatum
61408|dentatum
87201|serrate suture
8438|dyssynergia cerebellaris myoclonica
32864|fibrae dentatorubrales
92935|cerebellothalamic tract
23612|dentate nucleus of cerebellum
23569|acoustic teeth
23618|endolith
49484|ligamentum denticulatum
87202|sutura denticulata
22356|follicular cyst2
23625|dentinum
23625|ebur dentis
23625|substantia eburnea
13621|dentinal tubules
13621|under tubule
32866|odontoblastic processes
32866|Tomes fibers
34106|dental lymph
64822|dental papilla
73922|dental pulp
94757|canaliculi dentales
94757|dental tubules
94757|dentinal canals
94757|tubuli dentales
23641|cementodentinal
46530|cementodentinal junction
23642|amelodentinal
23644|hereditary opalescent dentin1
23645|dentinoma
23646|dentinoid2
23647|dentin
23650|odontology
23650|odontonosology
87600|articulatio dentoalveolaris
87600|dentoalveolar joint
87600|gompholic joint
46338|dento-alveolar syndesmosis
47753|dental ledge
23677|odontoid1
23681|artificial dentition
86890|denture foundation surface
9580|saddle2
11396|denture edge
11396|periphery2
27965|denture border
33910|crown flask
6170|basal seat
6170|denture-bearing area
6170|denture-supporting area
6170|stress-bearing area1
6170|supporting area2
6170|tissue-bearing area
86891|denture basal surface
42546|inflammatory fibrous hyperplasia
86893|facies occlusalis dentis
86893|occlusal surface of tooth2
86893|facies masticatoria
86893|grinding surface
86893|masticating surface
86893|masticatory surface
84236|stabilization2
6169|denture foundation area
6171|denture foundation area
49485|quadrate ligament
16532|discrete character
23709|deodorizer
23711|deodorant2
23713|infraduction
86230|desoxy sugar
23719|dam methylase
23721|adenine deoxyribonucleotide
23727|21-hydroxyprogesterone
23727|cortexone
23727|deoxycortone
23727|desoxycortone
23730|deoxycorticosterone
23734|guanine deoxyribonucleotide
23736|vomitoxin
23740|deoxyribosephosphate aldolase
23741|dipyrimidine photolyase
23741|photoreactivating enzyme
23744|pancreatic deoxyribonuclease
23744|thymonuclease
23745|acid deoxyribonuclease
23747|endonuclease S(null)Aspergillus
24397|genetic testing
23782|deoxyriboaldolase
23787|DNA virus
23788|thymidine
23789|thymine deoxyribonucleotide
9808|forced beat
26623|downward drainage
67436|dependent personality disorder
25990|dependent personality
23797|adeno-associated virus
23797|adenosatellite virus
23798|depersonalization syndrome
87894|depersonalization
23804|epilation
23805|epilatory1
23805|epilatory2
42942|dilutional hyponatremia
23816|depravity
23818|depravation
23819|deprenyl
23820|deprenil
35308|depressed skull fracture
35309|depressed fracture
23823|excavation1
23823|dejection1
23823|depressive reaction
23823|depressive syndrome
23834|excavatio disci
23834|excavatio papillae
23834|excavation of optic disc
23834|physiologic cup
23834|physiologic excavation
76102|depression4
85741|benign stupor
87895|depression4
23841|hypotensor
23841|vasodepressor2
56694|depressor septi nasi (muscle)
56688|musculus depressor anguli oris
56688|musculus triangularis2
56688|triangular muscle2
56688|musculus triangularis labii inferioris
56691|musculus depressor labii inferioris
56691|depressor muscle of lower lip
56691|musculus quadratus labii inferioris
56691|musculus quadratus menti
56689|thyroepiglottic part of thyroarytenoid (muscle)
56690|depressor supercilii (muscle)
56692|depressor labii inferioris (muscle)
59341|aortic nerve
76745|cardiac depressor reflex
56693|musculus depressor septi nasi
56693|depressor (muscle) of septum
56695|musculus depressor supercilii
56695|depressor muscle of eyebrow
2680|sensory amblyopia
27092|psychosocial dwarfism
19371|time-gain compensation
35310|dishpan fracture
25420|adiposis dolorosa
23865|derencephaly
23867|derencephalia
23869|revulsion
17478|translocation chromosome
23883|dermatoid2
48718|post-kala azar dermal leishmanoid
64824|papilla of dermis
78572|cristae cutis
78572|papillary ridges
78572|epidermal ridges
78572|skin ridges
23886|dermatodynia
86589|chondroitin sulfate B
23892|factitial dermatitis
23892|feigned eruption
23897|erythema ab igne
23905|impetigo neonatorum1
23909|disseminated cutaneous gangrene
23909|ecthyma gangrenosum
23909|pemphigus gangrenosus1
23910|Duhring disease
23911|winter itch
23916|drug eruption
23919|Werther disease
23922|straw itch
23926|pustulosis palmaris et plantaris
23935|pyoderma vegetans
23940|Dermatobia hominis
23941|Dermatobia cyaniventris
23941|human botfly
23941|skin botflies
23941|warble botfly
23942|human botfly myiasis
23944|cutis laxa
23944|generalized elastolysis
23944|loose skin
23947|dermatalgia
23948|fibrous histiocytoma
23948|sclerosing hemangioma2
23954|autographism
23954|factitious urticaria
23954|skin writing
23955|dermal
23955|dermoid1
23958|dermolysis
26200|dermatome3
23960|cutis plate
6172|dermatome3
23964|tinea pedis
23965|leiomyoma cutis
23969|dermatopathy
23970|livedo reticularis
51624|dermatopathic lymphadenopathy
51638|dermatopathic lymphadenitis
23972|dermatopathia
23974|proliferative dermatitis
23974|streptothrichosis
23974|streptotrichiasis
23974|streptotrichosis
23981|acrodynia2
23995|drug eruption
24004|dermotropic
24009|corium
24009|cutis vera
45040|dermoepidermal junction
46532|dermoepidermal interface
24014|dermatoid1
24014|dermoid cyst
22357|dermoid tumor
22357|dermoid2
94858|dermoid cyst
24017|dermatolysis
23991|epidermolysis bullosa dystrophica
24019|dermatopathy
24022|exoskeleton1
24025|dermatotropic
76103|Pirquet test
24027|dicephalus diauchenos
24031|deamidize
48166|law of refraction
53891|posterior limiting lamina of cornea
24040|descending
24041|inferior root of ansa cervicalis
24042|superior root of ansa cervicalis
24043|descendens
11892|descending branch of anterior segmental artery of left and right lungs
5258|pars descendens aortae
5258|aorta descendens
5258|descending part of aorta
7077|descending genicular artery
11891|ramus descendens
11893|ramus descendens arteriae segmentalis anterioris pulmonis dextri et sinistri
11893|descending anterior branch
11893|ramus anterior descendens
11894|superior root of ansa cervicalis
11895|ramus descendens arteriae circumflexae femoris lateralis
11896|ramus descendens arteriae circumflexae femoris medialis
11897|ramus descendens arteriae occipitalis
11897|princeps cervicis artery
11897|princeps cervicis
11899|ramus descendens arteriae segmentalis posterioris pulmonis dextri et sinistri
11899|descending posterior branch
11899|ramus posterior descendens
11900|ramus descendens rami superficialis arteriae transversae cervicis
19010|colon descendens
21950|centrifugal current
7076|arteria descendens genus
7076|arteria anastomotica magna2
7076|descending artery of knee
7076|great anastomotic artery2
61410|spinal nucleus of trigeminal nerve
7078|arteria palatina descendens
65850|descending aorta
65851|pars descendens duodeni
65851|pars secundum duodeni
65851|second part of duodenum
65853|pars descendens ligamenti iliofemoralis
65854|pars descendens musculi trapezii
11898|descending branch of posterior segmental artery of left and right lungs
7079|dorsal scapular artery
92936|spinal tract of trigeminal nerve
24044|descent1
24046|prolapse of the uterus
24047|gastroptosis
24048|descensus
3482|systematic anatomy
58487|myography2
24050|antianaphylaxis
32620|primary coccidioidomycosis
82947|veldt sore
87898|Gulf War syndrome
24057|deferoxamine mesylate
24060|desiccative
24061|exsiccate
69137|posterior pituitary
24062|dehydration4
24062|exsiccation1
24063|desiccant1
24064|desiccant2
22788|Nocardia dacryoliths
24073|desmodontium
24073|periodontal fiber
24073|periodontal ligament fibers
24074|desmodentium
24078|abdominal fibromatosis
24078|desmoid tumor
94859|desmoid2
24088|bridge corpuscle
24088|macula adherens
24089|24-dehydrocholesterol
86231|deoxy sugar
24092|deoxycorticosterone
26159|dry distillation
24102|desulfurases
24106|desulfhydrases
80527|detached craniotomy
21124|detached cranial section
77858|retinal detachment
24118|detersive
38625|antigenic determinant
24137|detergent
24138|detoxify
24139|detoxification
24141|detoxication
24142|detoxicate
56696|musculus detrusor vesicae
19488|bladder compliance
42584|hyperreflexic bladder
24146|extravesical reimplantation
24155|hydrogen-2
24156|heavy water
24160|deuton
24160|diplon
24163|deutoplasm
24165|procentriole organizer
24166|deuterotoky
24167|deuterotocia
24171|deuteron
24173|deuteroplasm
24181|eluent
10291|embryology
38507|developmental lines
27392|congenital hip dysplasia
50374|developmental grooves
50374|under groove
24187|deviation3
24188|aberrant3
24188|abnormal2
24189|deviance
24195|shift to the left1
24198|shift to the right1
61964|end-point nystagmus
25422|neuromyelitis optica
38468|epidemic pleurodynia
18821|lead colic
33911|vacuum flask
24223|dextrocardia
24224|panthenol
24224|pantothenyl alcohol
24228|right-handed
24239|starch gum
24249|dextrin dextranase
24248|amylo-1
24248|6-glucosidase
24246|dextrin dextranase
24245|dextrin → dextran transglucosidase
24245|dextrin 6-glucosyltransferase
24250|4-α-d-glucanotransferase
24251|limit dextrin
24255|4-α-d-glucanotransferase
24253|glycogenosis
24258|dexiocardia
24268|type 1 dextrocardia
24271|right-eyed
24278|right-handed
24280|right-footed
24291|corrected dextrocardia
24293|df caries index
44157|df
44157|DF
87905|mucopolysaccharidosis type VII2
25424|Di Guglielmo syndrome
25424|erythremic myelosis
87907|Di Guglielmo disease
24612|mustard gas
19194|Kussmaul coma
37554|intercapillary glomerulosclerosis
37554|intercapillary glomerulosclerosis
74129|Bernard puncture
77966|fundus diabeticus
24362|acetoacetate
24364|diaceturia
24365|diacetonuria
24367|succinylcholine
24369|heroin
85720|longitudinal study
24372|osteoclasis
24374|diagnosis
24379|lipoprotein lipase
24380|dyad1
24381|diadochokinesia
24382|diadochocinesia
24385|diacrisis
92756|Schick test toxin
74967|radiology2
9374|Broca diagonal band
19849|conjugata diagonalis
19849|diagonal conjugate diameter
19849|false conjugate1
24432|diagonal conjugate
80528|oblique section
52668|aneroid manometer
24410|diffusate
23500|dialysis encephalopathy syndrome
87901|dialysis dementia
24416|retinodialysis
24434|oblique diameter
24444|transverse diameter
24451|amine oxidase1
35659|basic fuchsin
3619|congenital hypoplastic anemia
87902|congenital hypoplastic anemia
24455|heroin
24456|dimazole dihydrochloride
24461|migration2
23904|diaper rash
23904|nappy rash
75837|diaper dermatitis
24463|polyscope
24468|perspiration1
24470|diaphragma2
24470|interseptum
24470|midriff
24470|phren1
24473|mylohyoid (muscle)
24475|pelvic diaphragm
24479|diaphragma sellae
24477|diaphragma sellae
24481|diaphragm1
24482|mylohyoid (muscle)
24483|pelvic diaphragm
24484|sellar diaphragm
24484|diaphragm of sella turcica
24484|diaphragm sellae
24484|tentorium of hypophysis
24485|urogenital diaphragm
24486|diaphragmodynia
24487|phrenic1
20019|constrictio phrenica esophagea
20019|constrictio diaphragmatica esophagea
20019|inferior esophageal constriction
49486|urogenital mesentery
44366|inferior myocardial infarction
65855|pars diaphragmatica pleurae parietalis
65855|diaphragmatic pleura
65855|phrenic pleura
65855|pleura diaphragmatica
65855|pleura phrenica
69687|diaphragmatic part of parietal pleura
69712|epidemic pleurodynia
86896|facies diaphragmatica (cordis
86896|hepatis
86896|pulmonis
86896|splenica)
86895|facies diaphragmatica (inferior) cordis
24489|diaphragmalgia
24490|diaphysial
24492|diaphyseal
27393|Camurati-Engelmann disease
27393|Engelmann disease
24493|shaft
24499|superior articular process of vertebra
24519|pancreatic cholera
24519|pancreatic diarrhea
24527|diarrhetic
24528|diarrheal
24529|biarticular
24529|diarticular
14703|articular cartilage
46339|synovial joint
24530|synovial joint
24531|diarthric
24535|diaspirin-crosslinked hemoglobin
40100|diaspirin
24539|divarication
24541|amylasuria
24546|amphiaster
27093|diastrophic dysplasia
27394|diastrophic dwarfism
24560|diathermic
24562|transcalent
24563|diathermal
24564|surgical diathermy
24565|transthermia
76104|Ehrlich diazo reaction
76284|Ehrlich diazo reagent
2812|basic amino acid
13312|calcium monohydrogen phosphate
13312|secondary calcium phosphate
71519|potassium phosphate
82687|sodium phosphate
24587|acridine
24589|Diphyllobothrium latum
24590|diphyllobothriasis
24591|dibucaine hydrochloride
24592|dibucaine
24595|cacodyl
24599|bicephalus
24599|diplocephalus
24600|derodidymus
24604|anakatadidymus
24607|diplocheiria
24607|diplochiria
24608|Bacteroides nodosus
24611|dicophane
24613|phosgene oxime
24614|dichloroisopropyl alcohol
24616|dichlorohydrin
24620|dichlorvos
24621|dichlorovos
95194|dizygotic twins
24623|dichotomous
24624|dichotic1
24632|dichromatopsia
24633|dichromatism2
54789|Dick test
90473|Dick method
92757|streptococcus erythrogenic toxin
81613|pentose phosphate pathway
24640|dichlorodiphenyltrichloroethane
24641|diplocoria
73990|pulsus duplex
99677|recoil wave
24649|Golgi apparatus
24653|cystine
87903|Wolfram syndrome
24660|testis
24669|impedance plethysmography
24670|electrophoresis
29778|autonomic epilepsy
24676|solution of continuity
30557|ethyl ether
30557|ethyl oxide
30557|sulfuric ether
24731|piperazine
24735|stilbestrol
21355|incarceration symptom
24401|triaxial reference system
24388|differentiation2
90474|differential ureteral catheterization test
84342|contrast stain
91492|thermoscope
91751|threshold differential
90475|differential renal function test
90475|split renal function test
24755|differential diagnosis
24755|specialization2
24763|dialysate
22839|adult respiratory distress syndrome
4006|Fabry disease
48699|anergic leishmaniasis
48699|diffuse leishmaniasis
48699|disseminated cutaneous leishmaniasis
48699|leishmaniasis tegumentaria diffusa
48699|pseudolepromatous leishmaniasis
46773|keratitis profunda
42401|Unna-Thost syndrome
42488|ankylosing hyperostosis
42488|Forestier disease
42488|hyperostotic spondylosis
80235|globoid cell leukodystrophy
48698|diffuse cutaneous leishmaniasis
25423|Lewy body dementia
53081|systemic mastocytosis
72672|mesangial proliferative glomerulonephritis
64631|panbronchiolitis
67324|general peritonitis
31663|hyaluronidase1
18699|diffusion constant
19981|diffusion coefficient
43584|diffusion weighted imaging
54790|auxanographic method
43585|diffusion imaging
24770|heterogametic
24771|biventral
56697|musculus biventer
56697|musculus digastricus
56697|two-bellied muscle
56697|biventer mandibulae
56697|musculus biventer mandibulae
11901|ramus digastricus nervi facialis
34979|fossa digastrica
38508|mastoid notch
61150|mastoid notch
93635|submandibular triangle
24772|digastric
24775|heteroxenous
87906|CATCH 22
87906|congenital aplasia of thymus
87906|conotruncal anomaly-face syndrome
87906|immunodeficiency with hypoparathyroidism
87906|pharyngeal pouch syndrome
87906|Sprintzen syndrome
87906|third and fourth pharyngeal pouch syndrome
87906|thymic hypoplasia
24778|digestive2
24791|digestant2
5638|alimentary system
37912|alimentary glycosuria
89281|alimentary system
92937|alimentary canal
92937|alimentary tract
92937|digestive tube
92937|tubus digestorius
94377|digestive tract
96476|secondary lysosomes
96476|under lysosome
24792|digitus
24792|dactyl
24792|dactylus
7080|proper palmar digital arteries
21152|digital flexion crease
21152|digital furrow
21153|digital crease
34981|trochanteric fossa
34981|fossa of lateral malleolus
35830|digital crease
79812|latitude
46340|interphalangeal joints of hand
73923|pulp of finger
73924|pulp of finger
75979|foot rays
75980|hand rays
76747|Hoffmann sign2
99884|whorl6
24800|foxglove
23992|small plaque parapsoriasis
43886|impressions of cerebral gyri
99584|verruca digitata
24805|foot of hippocampus
24807|digitonin
24808|digitin
24810|crystalline digitalin
24795|toe
24813|digit
24818|middle finger
24819|little finger
24820|thumb
24821|ring finger
24822|little finger
24823|index finger
24824|middle finger
24826|little toe [V]
24828|fourth toe [IV]
24829|little toe [V]
24830|second toe [II]
24831|third toe [III]
24814|ring finger
24815|little finger
24817|finger
24825|toe
24827|great toe [I]
24835|lipoprotein lipase
24837|augnathus
24845|osazone
24848|l-gulonolactone
24850|dihydropteridine reductase
24854|5
24854|6
24854|7
24854|8-tetrahydrofolate dehydrogenase
24855|hydrogen2
24857|coenzyme factor
24857|lipoamide dehydrogenase
24857|lipoamide reductase (NADH)
24857|lipoyl dehydrogenase
24856|lipoate acetyltransferase
24856|thioltransacetylase A
24859|carbamoylaspartate dehydrase
24861|dihydrobiopterin reductase
24863|dihydrouracil dehydrogenase
24867|dihydropyrimidine dehydrogenase
24870|glycerulose
24884|isofluorphate
24885|disofenin
36982|diphenylhydantoin gingivitis
24895|dilation
24900|dilator
14477|congestive cardiomyopathy
24902|dilatation
24905|suction curettage
24907|dilatator
56699|musculus dilator pylori ilealis
56701|musculus dilator pylori gastroduodenalis
24912|dilator pupillae muscle
56698|musculus dilatator
24916|dilator pupillae muscle
56700|musculus dilatator pupillae
56700|dilator iridis
56700|dilator of pupil
56700|musculus dilator iridis
3620|hydremia
42943|depletional hyponatremia
24926|diamthazole dihydrochloride
24938|antilewisite
24938|British anti-Lewisite
24954|acetone
24946|butter yellow
24947|cacodylic acid
24948|xylol
24950|isopropyl alcohol
24955|methylmercury
24956|xylenol
40503|lateral hermaphroditism
46775|keratitis nummularis
24964|dimorphous1
24964|dimorphous2
24967|dimorphic1
24967|dimorphic2
48861|borderline leprosy
24973|pyroxylin
24975|nitrous oxide
24979|prostaglandin F(null)
24980|prostaglandin F(null)tromethamine
26419|dinucleotide fold
34255|dinucleotide domain
24987|iodopyracet
21880|cup of palm
89|spheric aberration
24997|glycolaldehyde
24998|nitogenin
25000|biovular
95195|dizygotic twins
25002|1
25002|4-diethylene dioxide
46341|distal interphalangeal joints
25012|peptidyl dipeptidase A
25018|bifid penis
32622|tick-borne encephalitis (Central European subtype)
25022|catechol oxidase
25023|biphenyl
25023|phenylbenzene
25027|carbazole
36983|dilantin gingivitis
25032|pyrophosphatase
25034|pyrophosphate
25035|fructose-bisphosphate aldolase
25037|thiamin pyrophosphate
25044|diphtheric
25045|diphtherial
19884|membranous conjunctivitis
65084|postdiphtheritic paralysis
25046|Epstein disease
25046|false diphtheria
25046|pseudodiphtheria
25048|dibothriocepheliasis
3622|fish tapeworm anemia
25054|Dibothriocephalus latus
25055|Spirometra mansoni
25056|Spirometra mansoni
25057|Spirometra mansonoides
25068|double hemiplegia
25079|dicephalus
25080|dicheiria
25086|dicoria
13622|canales diploici
13622|Breschet canals
97215|vena diploica
97215|Breschet vein
97215|Dupuytren canal
25094|deuteron
25098|double vision
25106|paired allosome
12694|zwitterionic buffer
45586|amphions
45586|zwitterions
25110|doublet2
25111|potassium phosphate
25115|dipsosis
25115|morbid thirst
25117|dipsesis
25126|deoxyribodipyrimidine photolyase
25127|aminopyrine
77740|direct resin restoration
43526|erect illumination
43526|vertical illumination
43548|virtual image
97216|venae directae laterales
97216|surface thalamic veins
31664|cobrotoxin
54791|direct technique
26310|amitosis
66846|immediate percussion
92938|anterior corticospinal tract
75981|primary rays2
10198|conjugated bilirubin
77741|direct composite resin restoration
89853|direct method for making inlays
99175|central vision
25134|staff2
25138|heartworm
25141|geophagia
25425|Gorham disease
25425|Gorham syndrome
25150|dissimilation1
25151|dissociation1
25152|lamella2
25152|disk
47043|pancake kidney
47043|doughnut kidney
47043|shield kidney
14978|anular cataract
25207|discotomy
23293|disciform macular degeneration
46776|keratitis disciformis
23294|disciform degeneration
25216|diskitis
51527|chronic discoid lupus erythematosus
67805|internal phase
84953|fractional sterilization
25230|discectomy
16533|denumerable character
25233|lamella2
25234|articular disc
25235|articular disc of acromioclavicular joint
25236|articular disc of distal radioulnar joint
25237|articular disc of sternoclavicular joint
25238|articular disc of temporomandibular joint
25239|interpubic disc
25240|intervertebral disc
25242|optic disc
25245|illness
25245|morbus
25245|sickness
25914|dysgerminoma
31325|facies scaphoidea
35313|derby hat fracture
19982|decay constant
25936|disc
25937|discitis
25940|dislocation
25942|dislocatio
25942|luxation1
25943|locked facets
48784|ectopia lentis
25955|diisopropyl iminodiacetic acid
80050|hebephrenic schizophrenia
26083|dispersion1
67806|internal phase
28259|indifferent electrode
26086|dispersal
18941|dispersoid
53492|external phase
67807|external phase
26093|dispersion colloid
26093|molecular dispersed solution
13260|calcium sign
3316|competitive binding assay
51304|D loop
29560|4-α-d-glucanotransferase
83077|perisinusoidal space
15996|perifolliculitis abscedens et suffodiens
26107|anatomy3
26107|necrotomy1
36278|dermatitis gangrenosa infantum
48700|diffuse cutaneous leishmaniasis
50787|Farber disease
50787|Farber syndrome
51528|systemic lupus erythematosus
80236|multiple sclerosis
94600|miliary tuberculosis
26115|disassimilation
26115|catabolism
61965|dysjunctive nystagmus
61965|incongruent nystagmus
61965|irregular nystagmus
26117|disassociation
26125|interference dissociation
25993|multiple personality
26136|asymmetry
26138|distalis
28714|paraseptal emphysema
16149|posterior centriole
22057|hypoconulid
28976|heel3
35207|fovea distalis dentis
43444|regional enteritis
46342|DIP joints
7081|medial striate artery
62109|distoclusion
62109|distoocclusion
62109|postnormal occlusion
62109|retrusive occlusion2
65858|pars distalis adenohypophyseos
65856|pars distalis prostatae
65857|pars distalis urethrae prostaticae
67668|phalanx distalis pedis
67669|phalanx distalis manus
7757|distal radioulnar joint
46343|articulatio radioulnaris distalis
46343|distal radioulnar articulation
46343|inferior radioulnar joint
78913|radix distalis dentis
81614|renal-splenic venous shunt
81614|Warren shunt
86897|facies distalis dentis
46344|tibiofibular syndesmosis
92181|Tinel sign
5977|arcus pedis transversus distalis
26139|distal1
22359|retention cyst
26167|distoocclusal
26168|distal occlusion2
26175|Distomum
26181|Distoma
26182|distoclusal
26183|distal occlusion1
26184|distoversion
26190|distoplacement
7082|muscular artery
18700|partition coefficient
21993|frequency curve
26214|dystrophin
12330|cystine bridge
26222|tetraethylthiuram disulfide
26225|Cleland reagent
70192|Traube plugs
84846|infundibular stenosis
26239|bivalence
26240|bivalent1
26241|diastasis1
64599|decompression sickness
84209|exotropia
85233|exotropia
54172|negative meniscus
26255|diverticula of ampulla of ductus deferens
26261|diverticula ampullae ductus deferentis
26258|colonic diverticula
26510|fractional dose
83327|Franklin spectacles
37994|wandering goiter
26294|division
26296|autonomic (visceral motor) division of nervous system
26297|right lateral division of liver
26298|left lobe of liver
26299|left lateral division of liver
26300|right medial division of liver
26301|left medial division of liver
26303|divisio
10760|hemiblock
26295|anterior divisions of (trunks of) brachial plexus
26295|under division
26302|posterior divisions of (trunks of) brachial plexus
26302|under division
95196|dichorial twins
95196|diovular twins
95196|fraternal twins
95196|heterologous twins
26338|atropine
26340|gnoscopine
23756|DNA profiling
23756|DNA typing
39662|Watson-Crick helix
23764|terminal addition enzyme
23764|terminal deoxynucleotidyltransferase
23767|DNA fingerprinting
23774|DNA fingerprinting
98804|deoxyribovirus
26357|primase
26361|DNase IIβ DLAD
26360|DNase II-like acid DNase
15569|apud
26384|long-chain fatty acid:CoA ligase
90482|D-S test
25427|phlebotomus fever
98806|canine distemper virus
61076|goundou
26400|dolichocranial
26403|dolichocephalic
26404|dolichoprosopic
66548|anthropoid pelvis
26408|dolichofacial
77688|oculocephalic reflex
67930|oculocephalic reflex
77689|oculocephalic reflex
100471|trigger point
26422|cervical pleura
31266|master eye
8441|Kjer optic atrophy
25428|snub-nose dwarfism
26433|vomitoxin
8689|cold hemolysin
30079|Gibbs-Donnan equilibrium
20656|colostrum corpuscle
25429|leprechaunism
87912|leprechaunism
44820|heterologous insemination
26446|3
26446|4-dihydroxyphenylalanine
26447|aromatic d-amino acid decarboxylase
76108|Bloch reaction
27476|early childhood onset autosomal dominant dystonia
26452|3-hydroxytyramine
26452|decarboxylated dopa
26454|dopamine β-monooxygenase
26455|dopamine β-hydroxylase
28012|Doppler phenomenon
62804|chemical sympathectomy
67932|Doppler effect
72189|Jatene procedure
87914|neutral lipid storage disease
26474|posterior1
26474|tergal
61413|nucleus olivaris accessorius posterior
61413|posterior accessory olivary nucleus
7084|arteria dorsalis clitoridis
7086|dorsalis pedis artery
7092|dorsal nasal artery
7094|arteria dorsalis penis
11902|posterior ramus of spinal nerve
11903|dorsal veins of posterior intercostal veins
11903|under vein
11908|rami dorsales arteriae subcostalis
11910|rami dorsales nervi ulnaris
11904|rami dorsales arteriarum intercostalium posteriorum primae et secundae
11904|dorsal branches of the superior intercostal artery
11904|rami dorsales arteriae intercostalis supremae
11905|rami dorsales arteriae lumbales
11906|rami dorsales arteriae intercostalium posteriorum III–XI
11907|rami dorsales venarum intercostalium posteriorum IV–XI
11909|dorsal branches of first and second posterior intercostal artery
97217|posterior vein of corpus callosum
5978|rete carpale dorsale
5978|dorsal carpal network
5978|rete carpi posterius
11911|ramus carpalis dorsalis arteriae radialis
11911|ramus carpeus dorsalis arteriae radialis
11912|ramus carpalis dorsalis arteriae ulnaris
11912|ramus carpeus dorsalis arteriae ulnaris
49489|extensor retinaculum
59900|dorsal carpal arterial arch
81406|vaginae tendinum carpales dorsales
49490|ligamenta carpometacarpalia dorsalia
19145|posterior column
49491|ligamentum cuboideonaviculare dorsale
49492|ligamentum cuneocuboideum dorsale
49493|ligamenta cuneonavicularia dorsalia
7085|arteria digitalis dorsalis
59343|dorsal digital nerves of hand
59344|nervi digitales dorsales nervi fibularis profundi
59345|nervi digitales dorsales pedis
59345|dorsal nerves of toes
59346|nervi digitales dorsales manus
59346|dorsal digital nerves
59347|nervi digitales dorsales nervi fibularis superficialis
59348|nervi digitales dorsales nervi ulnaris
97220|venae digitales dorsales pedis
97220|dorsal digital veins of toes
97221|dorsal digital veins of foot
32001|fascia dorsalis pedis
32002|fascia dorsalis manus
35787|posterior funiculus
41431|extensor digital expansion
6173|area hypothalamica dorsalis
6173|dorsal hypothalamic region
77150|dorsal hypothalamic area
86346|posterior intermediate sulcus
56703|musculi interossei dorsalis pedis
56704|musculi interossei dorsalis manus
7087|posterior interosseous artery
59349|posterior interosseous nerve
59350|lateral dorsal cutaneous nerve
61422|nucleus dorsalis corporis geniculati lateralis
11913|rami dorsales linguae arteriae lingualis
97222|venae dorsales linguae
32191|fasciculus longitudinalis posterior
32191|Schütz bundle
32191|tract of Schütz
59351|medial dorsal cutaneous nerve
86347|posterior median sulcus of medulla oblongata
54454|mesogastrium
7089|arteriae metacarpale dorsale
49495|ligamenta metacarpalia dorsalia
97223|venae metacarpales dorsales
7090|arteriae metatarsale dorsale
49496|ligamenta metatarsalia dorsalia
97224|venae metatarsales dorsales
87915|Parinaud syndrome
61423|posterior nucleus of vagus nerve
56702|muscles of back
7091|arteria dorsalis nasi
7091|external nasal artery
7091|arteria nasi externa
7091|dorsal artery of nose
7091|external artery of nose
59342|nervus dorsalis clitoridis
59352|nervus dorsalis penis
59353|dorsal scapular nerve
59355|dorsal digital nerves of foot
61412|nucleus dorsalis hypothalami
61412|nucleus dorsalis
61426|nucleus dorsales thalami
61428|nucleus dorsalis corporis trapezoidei
61428|oliva superior
61428|superior olive
61430|posterior nucleus of vagus nerve
64548|pallidum dorsale
7093|arteria pancreatica dorsalis
7093|great superior pancreatic artery
65859|partes dorsales musculorum intertransversariorum lateralium lumborum
65860|tegmentum of pons
65860|tegmentum pontis
65860|pars dorsalis pontis
69529|roof plate
71313|supine position
61424|nucleus premammillaris dorsalis
75328|posterior ramus of spinal nerve
49497|ligamentum radiocarpale dorsale
36136|spinal ganglion
78914|posterior root of spinal nerve
56705|dorsal sacrococcygeus muscle
56706|dorsal sacrococcygeal muscle
56706|musculus extensor coccygis
56706|musculus sacrococcygeus dorsalis
56706|musculus sacrococcygeus posterior
49498|posterior sacroiliac ligaments
7095|arteria dorsalis scapulae
7095|rami profundi arteriae transversae cervicis
7095|ramus profundus arteriae transversae colli
7095|arteria scapularis descendens
7095|arteria scapularis dorsalis
7095|deep branch of the transverse cervical artery
7095|descending scapular artery
7095|ramus profundus arteriae scapularis descendentis
59354|nervus dorsalis scapulae
59354|dorsal nerve of scapula
59354|nerve to rhomboid
59354|posterior scapular nerve
97227|vena scapularis dorsalis
83762|vertebral column
92939|posterior spinocerebellar tract
85557|striatum dorsale
19265|commissura supraoptica dorsalis
86898|facies dorsalis
86899|facies dorsales digitorum (manus et pedis)
86899|facies digitalis dorsalis (manus et pedis)
86900|facies dorsalis ossis sacri
86901|posterior surface of scapula
11217|Pirie bone
49499|ligamenta tarsi dorsalia
49500|ligamenta tarsometatarsalia dorsalia
7096|thoracodorsal artery
61427|posterior thoracic nucleus
92940|posterior trigeminothalamic tract
94497|tuberculum dorsale radii
94497|Lister tubercle
49501|ligamentum ulnocarpale dorsale
61429|posterior nucleus of vagus nerve
97219|posterior vein of corpus callosum
97226|vena dorsalis venae intercostales posteriores
97226|dorsal branch of posterior intercostal veins
97226|ramus dorsalis venae intercostales posteriores
5979|arcus venosus dorsalis pedis
59901|rete venosum dorsale pedis
59902|rete venosum dorsale manus
26475|posterior1
7088|arteria dorsalis pedis
7088|dorsal artery of foot
19340|anterior compartment of leg
32192|posterolateral tract
32192|tractus dorsolateralis
32192|tractus posterolateralis
32192|dorsolateral tract
32192|fasciculus dorsolateralis
32192|fasciculus marginalis
32192|Lissauer bundle
32192|Lissauer column
32192|Lissauer fasciculus
32192|Lissauer marginal zone
32192|Lissauer tract
32192|marginal fasciculus
32192|Spitzka marginal tract
32192|Spitzka marginal zone
32192|Waldeyer tract
32192|Waldeyer zonal layer
69530|alar lamina of neural tube
86348|posterolateral sulcus
92941|dorsolateral fasciculus
61433|dorsomedial nucleus of hypothalamus
61432|nucleus dorsomedialis
61434|nucleus dorsomedialis hypothalami
61434|dorsomedial hypothalamic nucleus
71314|lithotomy position
26485|tergum
26486|dorsum sellae
26489|dorsum of tongue
26490|dorsum of hand
26491|dorsum of nose
26487|dorsum pedis
26488|dorsum manus
26492|dorsum nasi
26494|dorsum penis
26498|dorsum linguae
26493|dorsum of foot
76750|Bechterew-Mendel reflex
26495|dorsum of penis
26497|dorsum ephippii
92444|stippled tongue
43684|double antibody precipitation
54793|double antibody precipitation
71725|double antibody immunoassay
71725|double antibody method
8273|congenital choreoathetosis
8273|double congenital athetosis
8273|Vogt syndrome
16793|buccula
48785|biconcave lens
8274|double athetosis
19961|dual personality
29245|air contrast enema
48786|biconvex lens
53329|ping-pong mechanism
35315|segmental fracture
39663|Watson-Crick helix
39990|diplegia
40528|“w” hernia
33853|bipedicle flap
69713|bilateral pleurisy
73189|bimaxillary protrusion
77009|birefringence
99176|diplopia
31057|double-masked experiment
15115|two-way catheter
31058|double-blind experiment
70179|Lineweaver-Burk plot
70179|Woolf-Lineweaver-Burk plot
82996|bruit de rappel
26565|dipole
87203|cobbler's suture
47044|disc kidney
67497|ring pessary
21797|rectouterine pouch
34256|rectouterine fold
50375|arcuate line of rectus sheath
71599|rectouterine pouch
26574|dowel graft
38193|dowel4
87916|trisomy 21 syndrome
26624|dependent drainage
39044|lanugo
26582|adriamycin
26584|mereprine
26600|dram
26607|draught
85134|water-trap stomach
26632|drachm
26635|draft
81889|drawer test
90486|drawer sign
84684|absent state
26645|sickle cell
3623|sickle cell anemia
2535|burnt alum
1995|normal human serum albumin
56191|drifts
26669|drift movements
77666|iron lung
77666|tank respirator
33416|mallet finger
39198|wrist-drop
39518|cardioptosia
26699|instillator
26705|hydropic
26712|pericardial effusion
30216|dermatitis medicamentosa
30216|dermatosis medicamentosa
30216|medicinal eruption
90982|toxic tetanus
51529|hydralazine syndrome
26738|tympanic membrane
53894|tympanic membrane
26749|macular drusen
26751|intrapapillary drusen
3075|bloodless amputation
12409|bronchiectasia sicca
48701|anthroponotic cutaneous leishmaniasis
26160|destructive distillation
87918|keratoconjunctivitis sicca
36279|cold gangrene
36279|mummification1
26755|carbon dioxide snow
48862|anesthetic leprosy
69714|adhesive pleurisy
69714|fibrinous pleurisy
69714|plastic pleurisy
82648|alveoalgia
89130|synovitis sicca
99417|retching
26767|NADPH dehydrogenase (quinone)
48169|law of excitation
67437|double consciousness
87919|retraction syndrome
87920|chronic idiopathic jaundice
210|Dubois disease
210|thymic abscesses
25431|Dubois abscesses
25431|under abscess
26786|daturine
25432|Duchenne dystrophy
27517|childhood muscular dystrophy
27517|Duchenne disease
27517|Duchenne muscular dystrophy
27517|pseudohypertrophic muscular dystrophy
27518|Duchenne dystrophy
25433|amyotrophic lateral sclerosis
65086|Erb palsy
9117|Haemophilus ducreyi
26794|ductus
26810|ductus glandulae bulbourethralis
26826|ductus epididymidis
26900|ductus sudoriferus
26900|sudoriferous duct
26900|sweat duct
64889|intraductal papilloma
3860|ductus diverticulum
37105|endocrine glands
26920|galactography
26923|ductulus
26936|aberrant ductules
26936|under ductule
26938|biliary ductules
26938|under ductule
26939|efferent ductules of testis
26939|under ductule
26940|excretory ducts of lacrimal gland
26940|under duct
26941|interlobular ductules
26941|under ductule
26942|tubuli paroophori
26943|prostatic ductules
26943|under ductule
26944|transverse ductules of epoophoron
26944|under ductule
26933|ductule
26934|inferior aberrant ductule
26935|superior aberrant ductule
26937|alveolar duct
26945|duct
26946|aberrant ductules
26946|under ductule
26947|arterial canal
26947|arterial duct
26947|Botallo duct
26948|bile duct2
26949|interlobular bile ducts
26949|under duct
26950|carotid duct
26951|common bile duct
26952|cochlear duct
26953|cystic duct
26954|deferent canal
26954|deferent duct
26954|spermatic duct
26954|spermiduct1
26954|testicular duct
26954|vas deferens
26955|vestige of ductus deferens
26956|ductal aneurysm
26957|accessory pancreatic duct
26958|ejaculatory duct
26959|endolymphatic duct
26960|duct of epididymis
26961|excretory duct
26962|excretory duct of seminal gland
26963|excretory duct of seminal gland
26964|duct of bulbourethral gland
26965|hemithoracic duct
26966|common hepatic duct
26967|right hepatic duct
26968|left hepatic duct
26969|incisive duct
26970|lactiferous ducts
26970|under duct
26971|foramen cecum of tongue
26972|right duct of caudate lobe of liver
26973|left duct of caudate lobe of liver
26974|longitudinal duct of epoophoron
26975|right lymphatic duct
26976|mesonephric duct
26977|nasolacrimal duct
26978|pancreatic duct
26979|accessory pancreatic duct
26980|paramesonephric duct
26981|paraurethral ducts
26981|under duct
26982|parotid duct
26984|cochlear aqueduct
26987|prostatic ductules
26987|under ductule
26988|canaliculus reuniens
26988|canalis reuniens
26988|Hensen canal
26988|Hensen duct
26988|uniting canal
26988|uniting duct
26989|saccular duct
26990|semicircular ducts
26990|under duct
26991|minor sublingual ducts
26991|under duct
26992|major sublingual duct
26993|submandibular duct
26994|submandibular duct
26995|duct of sweat glands
26996|thoracic duct
26997|right lymphatic duct
26998|thyroglossal duct
26999|utricular duct
27000|utriculosaccular duct
53895|posterior limiting lamina of cornea
25434|dermatitis herpetiformis
25435|exanthema subitum
74746|paralytic rabies
32625|visceral leishmaniasis
27015|pontic
67498|Mayer pessary
87922|early dumping syndrome
87922|postgastrectomy syndrome
25436|X-linked lymphoproliferative syndrome
87923|X-linked lymphoproliferative syndrome
98120|cavity of septum pellucidum
50767|familial partial lipodystrophy
3026|ampulla of duodenum
3026|hepatopancreatic ampulla
11914|rami duodenales arteriae pancreaticoduodenalis superioris anterioris
11915|rami duodenales arteriae pancreaticoduodenalis superioris posterioris
12711|duodenal cap
13933|duodenal bulb
37106|glandulae duodenales
37106|Brunner glands
37106|Wepfer glands
43888|impressio duodenalis hepatis
27027|cholecystoduodenostomy
27029|cholecystoduodenostomy
27029|cystoduodenostomy
27029|pancreatic cystoduodenostomy
4143|duodenojejunal flexure
34004|flexura duodenojejunalis
34004|duodenojejunal angle
34258|superior duodenal fold
34985|superior duodenal fossa
40530|retroperitoneal hernia
40530|Treitz hernia
76407|superior duodenal fossa
34259|inferior duodenal fold
49502|ligamentum duodenorenale
27038|rotavirus
87924|auriculotemporal nerve syndrome
96290|uterus duplex
27040|gene duplication
27044|catadidymus
27045|anadidymus
27045|ileadelphus
27045|iliadelphus
56707|articularis genus (muscle)
13624|diploic vein
25437|plantar fibromatosis
32005|palmar aponeurosis
27048|dura mater
27054|dura
27054|pachymeninx
27049|cranial dura mater
27057|cranial dura mater
27055|cranial dura mater
27059|spinal dura mater
27060|spinal dura mater
27052|encephaloduroarteriosynangiosis
27053|duramatral
65861|coccygeal ligament
65861|filum terminale externum
65861|filum durae matris spinalis
65861|filum of spinal dura mater
81408|outer sheath of optic nerve
82238|sinus durae matris
82238|cerebral sinuses
82238|cranial sinuses
82238|sinuses of dura mater
82238|venous sinuses
27061|dural
31665|hyaluronidase1
56513|Duroziez sign
81894|Duroziez murmur
15573|alveolar macrophage
20657|hemoconia
25439|Dutton relapsing fever
32626|Dutton disease
33545|notch in cartilage of acoustic meatus
37107|greater vestibular gland
56708|lacrimal part of orbicularis oculi muscle
66549|pelvis nana
28774|nanoid enamel
27121|pennyweight
27126|diad2
73748|individual therapy
90490|fluorescein instillation test
21995|indicator-dilution curve
92405|dynamic CT
21762|dynamic computed tomography
30080|equilibrium2
34702|energy
43472|spastic ileus
71495|posturography
73591|psychoanalytic psychiatry
73749|psychoanalytic psychotherapy
83992|active splint
83992|functional splint1
27152|dynamogeny
27154|dynamogenesis
27156|ergometer
27164|dysacusis
27165|dysacousia
27165|dysacusia
27171|dysarthrosis1
27179|dysarthria
27185|torsion neurosis
27186|familial hyperlipoproteinemia type III
27191|dyscephaly
27192|Hallermann-Streiff syndrome
27192|Hallermann-Streiff-François syndrome
27192|mandibulooculofacial syndrome
27192|oculomandibulodyscephaly
27192|oculomandibulofacial syndrome
27192|progeria with cataract
27192|progeria with microphthalmia
27193|dyscephalia
27198|enchondromatosis
27199|Maffucci syndrome
27200|Léri pleonosteosis
27200|Leri-Weill disease
27200|Leri-Weill syndrome
27205|dyskinesia
27206|intermittent explosive disorder
27213|adiadochokinesis
27215|Meckel syndrome
27215|Meckel-Gruber syndrome
27252|disgerminoma
27253|parageusia
27259|writer's cramp
27260|dyshemopoiesis
27261|dyshemopoietic
27262|dyshematopoiesis
27263|dyshematopoietic
27264|dyshidrosis
27265|cheiropompholyx
27265|chiropompholyx
27265|dyshidria
27265|dyshidrotic eczema
27265|pompholyx
27884|dyshidrosis
61967|dissociated nystagmus
27279|dyscinesia
27279|dyskinesis
87928|primary ciliary dyskinesia
27286|dyskinesia
27293|placental dysfunction
27296|menorrhalgia
87929|metabolic syndrome
87930|Korsakoff syndrome
27311|dysmorphism
27312|dysmorphia
27316|body dysmorphic disorder
27319|light sleep
27323|dysopsia
27324|dysopia
27326|parosmia
27326|parosphresia
27327|dysostosis
27328|dysosteogenesis
27341|gastric indigestion
27353|esophagism
27358|dysphrasia
27366|spasmodic dysphonia
27369|dysphasia
27397|Trevor disease
27398|multiple epiphysial dysplasia
27399|chondrodysplasia punctata
60382|dysplastic nevus syndrome
87931|dysplastic nevus
27458|dystasia
27460|syllable-stumbling
27462|dentatorubral cerebellar atrophy with polymyoclonus
27464|dysstasia
58519|thyrotoxic myopathy
44328|infantile hypothyroidism
27481|torsion disease of childhood
27481|torsion dystonia
27481|Ziehen-Oppenheim disease
92665|spasmodic torticollis
27488|allotopia
27488|malposition
27491|dystrophy
27492|adiposogenital dystrophy
27494|myotonic dystrophy
13278|calcinosis cutis
27497|distropin
27497|dystropin
27498|dystrophia
27565|dystrophin
27567|dysury
27569|dysuria
