72979|G-protein
72979|GTP binding proteins
72979|guanine nucleotide-binding protein
72979|guanine-binding protein
84362|Giemsa chromosome banding stain
72980|G proteins
36265|generalized gangliosidosis
66246|4-aminobutyrate pathway
35881|gabanergic
35882|gabanergic
35883|GABA-ergic
35883|gabaergic
35888|9-eicosenoic acid
79816|Gaffky table
89473|Gaffky scale
76772|faucial reflex
25498|angina pectoris sine dolore
25498|angor pectoris1
88009|polycythemia hypertonica
98856|gallus adenolike virus
35932|galactosans
35938|colostrum corpuscle
35939|lactocele
35941|ductography
35943|lactometer
35945|lactiferous ducts
35945|under duct
13635|lactiferous ducts
13635|under duct
26832|lactiferous ducts
41484|prolactin
35951|incontinence of milk
35951|lactorrhea
35954|galactan
35955|lactoscope
24320|galactosemia
35963|galactose-6-sulfurase
35964|galactose-6-sulfatase
35957|galactose diabetes
50796|globoid cell leukodystrophy
35974|lactotherapy
35977|Chinese ginger
76773|lower abdominal periosteal reflex
67943|eye-closure pupil reaction
35980|caul1
35981|epicranial aponeurosis
37121|intestinal glands
3436|communicating branch of internal laryngeal branch with recurrent laryngeal nerve
59377|communicating branch of internal laryngeal branch with recurrent laryngeal nerve
35986|lead sulfide
35989|bile
35989|nutgall
10553|gallbladder
35990|nutgall
32019|perineal fascia
35993|vesica biliaris
35993|vesica fellea
35993|bile cyst
35993|cholecyst
35993|cholecystis
35993|cystis fellea
35993|gall bladder
35993|vesicula fellis
34990|fossa for gallbladder
35999|pyrogallolphthalein
36009|bruit de galop
36009|cantering rhythm
36009|gallop rhythm
36009|Traube bruit
78377|gallop
36016|biliary calculus
36016|cholelith
18822|biliary colic
98857|GAL virus
23466|triradius
48180|law of regression to mean
44594|polygenic inheritance
36734|multilocal genetics
36025|voltaic
76137|galvanic skin response
76774|galvanic skin response
77695|galvanic skin reaction
77695|galvanic skin reflex
77695|psychogalvanic reaction
77695|psychogalvanic skin reaction
77695|psychogalvanic reflex
77695|psychogalvanic skin reflex
77695|psychogalvanic response
77695|psychogalvanic skin response
91756|rheobase
36026|voltaism
36039|electrotaxis
36041|electrotonus
36042|electrotaxis
36043|gamabufotalin
36044|gamabufagin
36044|gamabufogenin
94312|chronic African sleeping sickness
94312|chronic trypanosomiasis
94312|gambiense sleeping sickness
94312|West African sleeping sickness
94312|West African trypanosomiasis
81726|Gambian trypanosomiasis
61456|micronucleus2
36055|gamont
36057|gametogony
36058|gametogonia
36058|gamogony
41485|follitropin
36061|gamophagia
36065|hexachlorocyclohexane
13520|scintillation camera
15614|C cell1
51305|gamma motor neurons
51305|gamma motor system
51305|Granit loop
60142|gamma loop
89293|gamma loop
36069|γ-hydroxybutyric acid
10962|Gamna-Gandy nodules
10962|Gandy-Gamna bodies
10962|siderotic nodules
60700|Gamna-Gandy bodies
60700|under body
36078|sexual reproduction
36079|gametogony
36080|gametocyte
36081|gametophagia
10963|Gamna-Gandy bodies
36104|aorticorenal ganglia
36117|cardiac ganglia
36131|celiac ganglia
36133|craniospinal sensory ganglia
36158|intermediate ganglia
36171|lumbar ganglia
36110|ganglia plexuum autonomicorum
36184|parasympathetic ganglia
36187|pelvic ganglia
36191|phrenic ganglia
36192|ganglia of autonomic plexuses
36198|renal ganglia
36201|sacral ganglia
36233|thoracic ganglia
36239|ganglion of sympathetic trunk
36086|ganglionic
36087|ganglionated
20361|sympathetic trunk
36088|ganglioform
36089|ganglionitis
36091|ganglion cell
36092|central ganglioneuroma
36093|gangliform
36097|ganglioneuroma
36098|nerve ganglion
36098|neural ganglion
36098|neuroganglion
15615|gangliocyte
36120|inferior cervical ganglion
36121|middle cervical ganglion
36122|superior cervical ganglion
36124|cervicothoracic ganglion
36126|ciliary ganglion
36130|cochlear ganglion
36139|inferior ganglion of glossopharyngeal nerve
36145|geniculate ganglion
36146|geniculate ganglion
36148|habenular nuclei
36148|under nucleus
36150|coccygeal ganglion
36150|Walther ganglion
36155|inferior ganglion of glossopharyngeal nerve
36156|inferior ganglion of vagus nerve
36164|interpeduncular nucleus
36174|inferior mesenteric ganglion
36175|superior mesenteric ganglion
36140|geniculate ganglion
36160|geniculate ganglion
36179|geniculate ganglion
36229|ganglia trunci sympathici
36229|chain ganglia
36229|paravertebral ganglia
36240|inferior ganglion of vagus nerve
36182|otic ganglion
36195|pterygopalatine ganglion
78576|neural crest
36205|spinal ganglion
36211|spinal ganglion
36214|cochlear ganglion
36216|cervicothoracic ganglion
36218|sublingual ganglion
36220|submandibular ganglion
36226|superior ganglion of glossopharyngeal nerve
36227|superior ganglion of vagus nerve
36231|terminal ganglion
36235|thoracic splanchnic ganglion
36237|trigeminal ganglion
36242|tympanic ganglion
36245|vertebral ganglion
36247|vestibular ganglion
36251|gangliate
36254|ganglioma
36258|ganglial
11931|branches of internal carotid artery to trigeminal ganglion
11932|sensory root of submandibular ganglion
11933|sensory root of sublingual ganglion
11934|sensory root of sublingual ganglion
11935|sensory root of pterygopalatine ganglion
11936|sensory root of pterygopalatine ganglion
48348|ganglionic layer
16426|sympathetic trunk
21237|neural crest
48347|stratum ganglionicum
48347|ganglionic cell layer of retina
48349|Purkinje cell layer
48351|stratum ganglionare nervi optici
36259|gangliitis
36262|gangliosidosis
36263|sialoglycosphingolipid
50726|gangliosidosis
36264|gangliosialidosis
36264|ganglioside lipidosis
36272|mortification
15998|necrotizing cellulitis
28717|gas gangrene
36302|ameloblast
19267|commissura supraoptica dorsalis
88010|nonsense syndrome
88010|syndrome of approximate relevant answers
88010|syndrome of deviously relevant answers
46536|communicating junction
46536|electrotonic junction
46536|electrotonic synapse
46536|macula communicans
46536|nexus
67945|excitable gap
67119|gap(null)phase
67815|gap(null)period
67117|gap(null)phase
67117|postmitotic phase
67813|gap(null)period
67118|gap(null)phase
67118|premitotic phase
67814|gap(null)period
36321|Syngamus trachea
88012|autoerythrocyte sensitization syndrome
96555|bacterial vaginosis
88013|Bannwarth syndrome
36331|allium
25502|sclerosing osteitis
13636|longitudinal duct of epoophoron
22376|Gartner duct cyst
26834|longitudinal duct of epoophoron
22377|Gartner cyst
9122|Clostridium perfringens
28504|air embolism
36283|clostridial myonecrosis
36283|emphysematous gangrene
36283|gangrenous emphysema
36283|progressive emphysematous necrosis
5133|pentavalent gas gangrene antitoxin
77992|pneumatic retinopexy
12333|atrioventricular bundle
36143|trigeminal ganglion
36369|stomach
36370|Gastrophilidae
36372|stomach ache
91242|Haeckel gastrea theory
36377|gastricus
6182|area gastrica
11937|anterior gastric branches of anterior vagal trunk
11938|rami gastrici arteriae gastroomentales sinistri et dextri
11939|rami gastrici posteriores nervi vagi
13369|gastrolith
13637|canalis gastricus
13637|magenstrasse
36378|cardia
24782|peptic digestion
34266|plicae gastricae
34266|gastric rugae
34266|ruga gastrica
34266|rugae of stomach
34405|gastric glands
34405|under gland
37122|glandulae gastricae
37122|fundic glands
37122|gastric follicles
37122|Wasmann glands
40228|gastrorrhagia
43892|impressio gastrica hepatis
43893|facies gastrica splenis
43893|gastric surface of spleen
44249|dyspepsia
66764|gastric inhibitory polypeptide
71037|gastric inhibitory peptide
60701|folliculi lymphatici gastrici
56355|mucosa of stomach
69841|plexus nervorum gastricorum
69841|gastric plexuses of autonomic system
69841|plexus gastrici systematis autonomici
69092|foveola gastrica
69839|gastric nerve plexuses
79148|gastric folds
79148|under fold
86909|gastric impression on spleen
36380|gastric
36400|gastrogastrostomy
36406|gastrocnemius (muscle)
56774|musculus gastrocnemius
56774|gastrocnemius
49518|ligamentum gastrocolicum
62526|greater omentum
49519|gastrophrenic ligament
36413|Gastrodiscus hominis
36414|Gastrodiscoides hominis
7121|arteria gastroduodenalis
51747|pyloric lymph nodes
63334|pyloric orifice
36419|stomach ache
36420|gastrointestinal
36421|enterogastritis
98858|epidemic gastroenteritis virus
98859|rotavirus
36428|gastroenterostomy
36436|gastroenteroanastomosis
7122|gastroomental arteries
98519|esophagogastric vestibule
36441|esophagogastrostomy
36442|gastroanastomosis
36443|gavage1
36445|gastrokinesograph
62527|lesser omentum
36450|gastroenteric
18657|GI cocktail
88015|afferent loop syndrome
36452|gastronesteostomy
36453|gastrograph
36455|gastrosplenic
49520|gastrosplenic ligament
36456|gastric calculus
36464|myxorrhea gastrica
36465|gastrojejunostomy
7123|arteriae gastro-omentales
7123|arteriae gastroepiploicae
7123|gastroepiploic arteries
34267|plica gastropancreatica
36475|Gasterophilidae
49521|ligamentum gastrophrenicum
49521|gastrodiaphragmatic ligament
49521|phrenogastric ligament
36480|gastroptyxis
36480|gastrorrhaphy2
36480|stomach reefing
36481|pneumogastric
36484|bathygastry
36484|descensus ventriculi
36484|ventroptosis
36484|ventroptosia
36485|gastroplication
36486|pneumogastric
36488|gastric hemorrhage
36489|gastroplication
36498|gastrolienal
49522|ligamentum gastrosplenicum
49522|ligamentum gastrolienale
49522|gastrolienal ligament
49522|gastrosplenic omentum
62528|gastrosplenic ligament
36501|gavage1
36516|invaginate planula
85390|primitive streak
43082|gate-control theory
91243|gate-control hypothesis
25504|cerebroside lipidosis
36533|methyl salicylate
22002|normal distribution
26205|normal distribution
36542|gastrogavage
36542|gastrostogavage
37123|circumanal glands
48181|Charles law
88017|narcolepsy
36559|mannose-1-phosphate guanylyltransferase (GDP)
36563|bulging eye disease
36567|gelatum
90530|gel diffusion reactions
76138|gel diffusion precipitin tests
76138|under test
36570|gelatinize
86235|glycine
36578|gelate
36579|gelatinous2
36580|gelatinoid
7853|pseudomyxoma peritonei
44428|gray infiltration
61458|nucleus pulposus
80185|brawny scleritis
86021|substantia gelatinosa
86021|lamina spinalis II
86021|spinal lamina II
86021|Rolando gelatinous substance
86021|Rolando substance
92228|mucous connective tissue
36582|gel1
36595|inferior gemellus (muscle)
36595|superior gemellus (muscle)
36596|geminous
36598|geminate
36599|gemistocytic astrocyte
8121|gemistocyte
8121|gemistocytic cell
8121|reactive astrocyte
8121|reactive cell
8129|gemistocytoma
15619|gemistocytic astrocyte
36600|gemistocytic astrocytoma
36602|bud fission
36602|budding
36603|dendritic spines
36603|under spine
36607|cheek
37124|buccal glands
36610|factor3
27042|duplication2
36671|splicing1
88019|adaptation syndrome of Selye
65379|paretic neurosyphilis
67328|diffuse peritonitis
17191|relapsing polychondritis
42491|van Buchem syndrome
28196|dermatochalasis
28718|panlobular emphysema
42404|bullous congenital ichthyosiform erythroderma
41112|nodular non-X histiocytosis
36267|G(null)gangliosidosis
37854|glycogenosis type 2
65092|global paralysis
73559|pustular psoriasis1
67947|Sanarelli phenomenon
67947|Sanarelli-Shwartzman phenomenon
29784|generalized tonic-clonic seizure
80740|cryptogenic epilepsy
80740|generalized tonic-clonic epilepsy
80740|grand mal seizure
80740|grand mal
80740|idiopathic epilepsy2
80740|major epilepsy
94603|miliary tuberculosis
36695|reproduction1
19525|compound heterozygote
24128|genetic marker
33449|fingerprint3
41311|Lerner homeostasis
45899|isolate6
52938|genetic determinant
84728|familial short stature
90940|deoxyribonucleic acid diagnostics
53289|lens clock
36753|mental2
94500|mental spine
3437|rete articulare genus
3437|articular vascular network of knee
97248|venae geniculares
97248|veins of knee
36757|geniculated
36757|kneed
36144|ganglion geniculi
36144|ganglion geniculatum
36144|ganglion of facial nerve
36144|ganglion of intermediate nerve
36144|ganglion of nervus intermedius
36144|intumescentia ganglioformis
59929|geniculate otalgia
59929|Hunt neuralgia
59929|neuralgia facialis vera
63944|geniculate neuralgia
100598|herpes zoster oticus
36758|geniculate1
74823|optic radiation
92948|optic radiation
36760|geniculum of facial canal
36763|geniculum of facial nerve
36761|geniculum canalis facialis
36761|genu of facial canal
36762|geniculum nervus facialis
56776|genioglossus (muscle)
36765|genioglossus (muscle)
56777|musculus genioglossus
56777|genioglossal muscle
56777|genioglossus
56777|musculus geniohyoglossus
36766|geniohyoid (muscle)
56778|musculus geniohyoideus
56778|geniohyoid
56778|geniohyoideus
36767|geniohyoid (muscle)
2659|ambiguous external genitalia
2659|ambiguous genitalia
11940|ramus genitalis nervi genitofemoralis
11940|external spermatic nerve
11940|nervus spermaticus externus
11941|anterior cutaneous branch of iliohypogastric nerve
20362|gonadal ridge
20660|corpuscula genitalia
26835|genital tract
34268|urogenital ridge
37125|testis
37125|ovary
49523|suspensory ligament of gonad
63205|genitalia
78577|gonadal ridge
87322|labioscrotal swellings
89294|systema genitalia
89294|reproductive system
92949|genital duct
94501|phallic tubercle
99588|condyloma acuminatum
36771|organa genitalia
36771|genital organs
36771|genitals
36781|genitalia
36782|genitofemoral
59379|genitofemoral nerve
36783|genitocrural
59380|nervus genitofemoralis
59380|genitocrural nerve
49524|ligamentum genitoinguinale
49524|plica gubernatrix
36785|urinogenital
36785|urinosexual
36785|urogenital
5640|urogenital system
33671|urogenital fistula
87048|urologist
89295|urogenital system
9376|line of Gennari
85505|line of Gennari
36805|genotypical
36806|genotypic
36809|gentianophilous
36810|gentianophil
36814|β-d-glucosidase
36815|amygdalose
36817|knee1
36818|genu of internal capsule
36819|genu of corpus callosum
36824|genu of facial nerve
36820|genu corporis callosi
36821|geniculum of facial canal
36822|genu nervi facialis
36823|genu capsulae internae
36825|back-knee
36826|knock-knee
36826|tibia valga
36827|bandy-leg
36827|bowleg
36827|bow-leg
36827|tibia vara
71325|knee-elbow position
71326|knee-chest position
36830|maxillary sinus
17346|serpiginous choroidopathy
92447|benign migratory glossitis
92447|glossitis areata exfoliativa
92447|lingua geographica
92447|pityriasis linguae
36833|nosochthonography
36833|nosogeography
36835|dirt-eating
36839|geotropism
36842|geotaxis
36848|gerontology
32881|superficial transverse metacarpal ligament
34483|sagittal fontanelle
34992|carotid triangle
49525|suspensory ligament of axilla
76142|Gerhardt test for acetoacetic acid
90534|Gerhardt reaction
25505|erythromelalgia
91354|gerontotherapy
90132|fibrocartilaginous ring of tympanic membrane
92494|tubal tonsil
96695|valve of vermiform appendix
96762|trabecular tissue of sclera
25506|vestibular neuronitis
15620|sex cell
53914|blastoderm
61460|micronucleus2
53283|rubella
98861|rubella virus
36867|germicide1
36868|germicidal
5502|seminiferous tubule dysgenesis
6184|germinal disc
16090|reaction center
20363|primordial sex cords
25173|germinal area
25173|area germinativa
51213|fate map
70695|animal pole
78842|sporozoite
85391|primitive streak
48353|stratum basale epidermidis
48354|stratum germinativum unguis
36874|dental geriatrics
36875|senile atrophy
36877|spermine
36880|geratology
36884|geriatric therapy
36885|arcus senilis
14077|renal fascia
32020|renal fascia
36889|gestin
36889|progestin3
36893|pregnancy
42629|pregnancy-induced hypertension
25507|hydatidiform mole
36894|gestagen
38756|Indian gum
19423|Ghon tubercle
34226|Ghon tubercle
48938|Ghon tubercle
94503|Ghon complex
94503|Ghon focus
94503|Ghon primary lesion
20661|achromocyte
18658|gastrointestinal cocktail
21196|serous demilunes
21196|under demilune
23521|serous demilunes
88022|papular acrodermatitis of childhood
6918|temporal arteritis
30039|giant cell granuloma
37440|giant cell monstrocellular sarcoma of Zülch
37440|gigantocellular glioma
38350|giant cell epulis
38350|reparative giant cell granuloma
40363|neonatal hepatitis
4063|pulse granuloma
79683|giant cell glioblastoma multiforme
58289|giant cell tumor of bone
70360|Hecht pneumonia
70360|interstitial pneumonia
91992|subacute granulomatous thyroiditis
94876|giant cell myeloma
94876|osteoclastoma
94877|giant cell tumor of soft tissue
94878|giant cell tumor of low malignant potential
94878|osteoclastoma of soft tissue
94879|localized nodular tenosynovitis
17482|polytene chromosome
17482|lampbrush chromosome
19011|megacolon
51888|follicular lymphoma
41189|angioedema
42702|Ménétrier disease
53736|macromelanosome
63805|osteoblastoma
60386|bathing trunks nevus
96205|angioedema
36913|gigantism
36915|Giardia lamblia
36916|Giardia intestinalis
36917|lambliasis
79170|phase rule
30082|Donnan equilibrium
84364|G-banding stain
25508|glycogenosis type 1
12776|solitary tract
76778|eye-closure pupil reaction
36933|giantism
37444|giant cell glioblastoma multiforme
61462|nucleus gigantocellularis medullae oblongatae
62822|extended pyelotomy
88024|familial nonhemolytic jaundice
25509|blastomycosis
18134|branchial clefts
25510|Tourette syndrome
88025|Tourette syndrome
49526|cricoesophageal tendon
49527|lacunar ligament
36959|zingiber
65093|jake paralysis
36964|sesame oil
36965|gum2
216|gumboil
216|parulis
8447|gingival recession
20074|gum contour
21238|gingival margin
21316|gingival sulcus
33672|dental fistula
34110|crevicular fluid
34110|sulcular fluid
38514|gingival sulcus
42551|gingival proliferation
52774|cervical margin1
52774|gingival crest
64836|papilla gingivalis
64836|interdental papilla
64836|papilla interdentalis
64836|gingival septum
64836|interproximal papilla
72673|gingival hyperplasia
76468|gingival atrophy
76468|gingival resorption
77622|gingival recession
81063|gingival papilla
83088|gingival sulcus
86357|sulcus gingivalis
86357|gingival crevice
86357|gingival groove
86357|gingival space
86357|subgingival space
36976|gum resection
38515|alveolobuccal groove
86359|alveolobuccal groove
49528|periodontium
38516|alveololabial groove
86360|alveololabial groove
38517|alveololingual groove
86361|alveololingual groove
37004|chronic desquamative gingivitis
37007|ginglymoid
37009|ginglyform
46359|hinge joint
37010|hinge joint
37013|maidenhair tree
24694|Giovannetti diet
24695|Giordano-Giovannetti diet
37020|cingulum1
80897|zonesthesia
37034|anhydrogitalin
37034|bigitalin
37034|pseudodigitoxin
15625|compound granule cell
15625|gitterzelle
37035|gitter cell
37040|mesophryon
68528|metaphosphoric acid
37043|xiphoid
37044|body of sternum
56404|pituita
100056|gutter wound
37045|glandula1
37099|glandulae ductus choledochi
37099|biliary glands
37099|glandulae ductus biliaris
37071|tubal glands of pharyngotympanic tube
37079|glandulae mucosae biliosae
37079|Luschka cystic glands
37079|Theile glands
37114|tubal glands of pharyngotympanic tube
37139|endocrine glands
37151|glandulae intestini crassi
37151|crypts of Lieberkühn of large intestine
37177|glandulae oris
37224|glandulae intestini tenuis
37224|crypts of Lieberkühn of small intestine
37118|urethral glands of female
37161|urethral glands of male
37273|gland
37273|glandule
37275|arytenoid glands
37275|under gland
37276|suprarenal gland
37277|pituitary gland
37280|bulbourethral gland
37300|lacrimal gland
37303|anterior lingual gland
37304|mammary gland
37306|mucous gland
37312|parathyroid gland
37313|accessory parathyroid gland
37314|inferior parathyroid gland
37315|superior parathyroid gland
37316|parotid gland
37317|accessory parotid gland
37318|parotid gland
37319|accessory parotid gland
37321|pineal body
37322|pituitary gland
37324|prostate
37327|salivary gland
37331|seminal gland
37331|seminal gland
37332|seromucous gland
37333|serous gland
37335|sublingual gland
37336|submandibular gland
37339|suprarenal gland
37341|thyroid gland
37342|accessory thyroid gland
37349|seminal gland
37351|greater vestibular gland
37274|areolar glands
37274|under gland
37278|bronchial glands
37278|under gland
37279|buccal glands
37279|under gland
37281|ceruminous glands
37281|under gland
37282|cervical glands
37282|under gland
37283|ciliary glands
37283|under gland
37284|circumanal glands
37284|under gland
37285|conjunctival glands
37285|under gland
37286|cutaneous glands
37286|under gland
37287|glands of (common) bile duct
37287|under gland
37288|glands of (common) bile duct
37288|under gland
37289|duodenal glands
37289|under gland
37290|endocrine glands
37290|under gland
37291|esophageal glands
37291|under gland
37292|gastric glands
37292|under gland
37293|glomus2
37294|infraglottic glands of the larynx
37294|under gland
37295|intestinal glands
37295|under gland
37296|glands of large intestine
37296|under gland
37297|glands of small intestine
37297|under gland
37298|labial glands
37298|under gland
37299|accessory lacrimal glands
37299|under gland
37301|laryngeal glands
37301|under gland
37302|lingual glands
37302|under gland
37305|molar glands
37305|under gland
37307|glands of biliary mucosa
37307|under gland
37308|nasal glands
37308|under gland
37309|olfactory glands
37309|under gland
37310|glands of mouth
37310|under gland
37311|palatine glands
37311|under gland
37320|pharyngeal glands
37320|under gland
37323|preputial glands
37323|under gland
37325|pyloric glands
37325|under gland
37326|saccular glands of the larynx
37326|under gland
37328|major salivary glands
37328|under gland
37329|minor salivary glands
37329|under gland
37330|sebaceous glands
37330|under gland
37334|endocrine glands
37334|under gland
37337|sweat glands
37337|under gland
37338|accessory suprarenal glands
37338|under gland
37340|tarsal glands
37340|under gland
37343|tracheal glands
37343|under gland
37344|tubal glands of pharyngotympanic tube
37344|under gland
37345|urethral glands of female
37345|under gland
37346|urethral glands of male
37346|under gland
37347|uterine glands
37347|under gland
37348|ventricular glands of the larynx
37348|under gland
37350|lesser vestibular glands
37350|under gland
37352|glandulous
11942|rami glandulares
11943|rami glandulares arteriae facialis
11944|rami glandulares arteriae thyroideae inferioris
11945|rami ganglii submandibularis
11945|rami glandulares ganglii submandibularis
13844|adenocarcinoma
14338|adenocarcinoma
32650|infectious mononucleosis
51054|adenohypophysis
53064|parenchymatous mastitis
69267|bubonic plague
86022|substantia glandularis prostatae
37353|glandula2
37354|glandular
37356|glans of clitoris
37357|glans clitoridis
37358|balanus
37359|scrotal glans penis
43036|balanic hypospadias
25511|Glanzmann thrombasthenia
91783|constitutional thrombopathy
91783|Glanzmann disease
91783|hereditary hemorrhagic thrombasthenia
7125|anterior tympanic artery
33548|petrotympanic fissure
31682|factor XII
37386|spectacles
14987|infrared cataract
53915|hyaline membrane2
79514|sodium sulfate
37388|boldine dimethyl ether
21883|glaucomatous excavation
30864|glaucomatous cup
39139|glaucomatous ring
78710|glaucomatous halo1
81615|cavopulmonary anastomosis
7759|glenohumeral joint
46360|articulatio humeri
46360|articulatio glenohumeralis
46360|shoulder joint
46360|glenohumeral articulation
46360|humeral articulation
49529|ligamenta glenohumeralia
15281|mandibular fossa
15282|cavitas glenoidalis scapulae
15282|glenoid fossa1
34994|glenoid cavity of scapula
34994|mandibular fossa
47475|labrum glenoidale scapulae
47475|articular margin
47475|circumferential cartilage2
47475|glenoid ligament1
47475|glenoidal lip
47475|ligamentum glenoidale
49530|glenoid labrum of scapula
49530|plantar ligaments
86910|mandibular fossa
50682|glenoid labrum of scapula
37431|neuroglia
53916|membrana limitans gliae
46361|plane joint
62114|dental articulation
37441|gliomatosis cerebri
37450|neurogliomatosis
37451|astrocytosis cerebri
37451|glioblastosis cerebri
14078|fibrous capsule of liver
17828|capsular cirrhosis of liver
83566|sphincter of hepatopancreatic ampulla
37463|thiazolidinedione
5422|mixed aphasia
5422|total aphasia
65094|generalized paralysis
37467|globus
37468|eyeball
37471|hematohiston
44928|regular insulin
49119|diffuse infantile familial sclerosis
49119|galactosylceramide lipoidosis
49119|Krabbe disease
61464|nucleus globosus
61464|spheric nucleus
37474|trihexosylceramide
39521|round heart
84174|nummular sputum
37475|globulus
37510|globule
37511|globe
37513|head of epididymis
37514|tail of epididymis
37515|pallidum
37515|pale globe
37520|glomus
37523|para-aortic bodies
37523|under body
37524|glomerulose
14079|Bowman capsule
14079|capsula glomeruli
14079|malpighian capsule1
14079|Müller capsule
59163|glomerulonephritis
80238|glomerulosclerosis
37525|glomerulus
37527|glomerular nephritis
37553|glomerular sclerosis
37557|glomerular
37558|malpighian glomerulus
37558|malpighian tuft
37127|glomus2
37564|glandulae glomiformes1
37564|glomiform glands
37564|glomus body
37566|para-aortic bodies
37566|under body
10966|glomus2
37567|carotid body
37569|choroid enlargement
37570|coccygeal body
37572|intravagal glomus
37574|jugular glomus
37575|pulmonary glomus
37578|tongue1
37580|lingual1
37581|glossodynia
37582|glossosteresis
37588|geographic tongue
37599|glossokinesthetic
37602|glossalgia
37606|hyoglossal
37607|glossocinesthetic
65095|progressive bulbar palsy
37609|glottology
5987|palatoglossal arch
34271|palatoglossal arch
37611|palatoglossus (muscle)
65096|progressive bulbar palsy
59381|nervus glossopharyngeus [CN IX]
59381|ninth cranial nerve [CN IX]
59930|glossopharyngeal tic
65871|pars glossopharyngea musculi constrictoris pharyngis superioris
92063|glossopharyngeal neuralgia
65097|progressive bulbar palsy
37618|burning tongue
37621|glossectomy
37623|hairy tongue
82460|atrophoderma neuriticum
37625|vocal fry
37627|laryngospasm
37630|intercartilaginous part of rima glottidis
37631|rima vestibuli
37633|rima glottidis
37634|intermembranous part of rima glottidis
37636|glossology
37640|HG factor
37640|hyperglycemic-glycogenolytic factor
37640|pancreatic hyperglycemic hormone
66766|glucagonlike peptide
66765|glucagonlike insulinotropic peptide
37643|glycal
37644|glucosan
37653|exo-1
37653|4-α-d-glucosidase
37656|glucosylceramide
37657|corticoid
37657|glycocorticoid
88029|primary cortisol resistance
37659|glycocyamine
37662|glucoplastic
37663|α-d-glucosidase
37667|glycolysis
37668|glyconeogenesis2
37670|lactonase1
37671|hypoglycemia
37672|glucogenic
37677|glucan
37682|glucose oxyhydrase
37682|microcide
37683|glucose oxidase
37684|phosphoglucomutase
37692|phosphoglucokinase
37855|glycogenosis type 1
37690|Robison ester dehydrogenase
37690|Zwischenferment
37691|hexosephosphate isomerase
37691|phosphohexomutase
37691|phosphohexose isomerase
23198|phosphohexose isomerase deficiency
37702|glycosuria1
37702|glycuresis1
37704|glucocerebroside
37705|transglucosylase
37706|glycotoxicity
37708|d-glucuronolactone
37711|glucuronoside
37713|glucuronide
37715|huffing2
37717|β-d-glucuronidase
37718|2-pentendoic acid
37720|ornithine acetyltransferase
37721|aspartate 1-decarboxylase
37722|glutamic acid dehydrogenases
37729|glutamate dehydrogenases
37731|aspartate aminotransferase
37732|aspartate aminotransferase
37733|alanine aminotransferase
37737|glutamine transaminase
37739|glutamine aminotransferase
37749|glutaraldehyde
37750|glutaral
37750|glutaraldehyde fixative
33790|glutaraldehyde
37761|ligandin
5560|aponeurosis glutea
18136|intergluteal cleft
21239|gluteal tuberosity
34272|sulcus glutealis
34272|gluteal furrow
35832|gluteal fold
40540|sciatic hernia
50390|lineae gluteae
77160|regio glutealis
78578|gluteal tuberosity
86911|facies glutea ossis ilii
94713|tuberositas glutea
94713|crista glutea
94713|gluteal crest
94713|gluteal ridge
37765|wheat gum
29441|celiac disease
12904|intermuscular gluteal bursae
56779|musculus gluteus maximus
56780|musculus gluteus medius
56780|mesogluteus
12905|trochanteric bursae of gluteus medius
35916|Trendelenburg gait
56781|musculus gluteus minimus
12906|trochanteric bursae of gluteus minimus
37771|albuminoid3
37776|glucal
37777|polysaccharide
40107|glycosylated hemoglobin
37782|2
37782|3-dihydroxypropranal
37782|glyceric aldehyde
37784|2
37784|3-dihydroxypropranoic acid
37787|glyceraldehyde
37791|glycerol
37792|glycerinated gelatin
36572|glycerin jelly
36572|glycerogelatin
36572|glycogelatin
37793|glycerol
37796|glycerinated gelatin
37797|glycerol kinase
37798|1
37798|2
37798|3-propanetriol
37798|glycerin
37798|glycerite1
37798|glyceryl alcohol
37800|glycerokinase
37801|glycerophosphate
37805|glycerol phosphate
37806|glycerophosphorylcholine
37808|glycerophosphocholine
37809|dihydroxyacetone
37811|glycerol
37812|boroglycerin
37813|guaifenesin
37814|3-iodo-1
37814|2-propanediol
37814|γ-iodopropyleneglycol
37816|triacetin
37817|tributyrin
37818|caprin
37819|nitroglycerin
37822|gelatin sugar
37824|glycine transamidinase
37825|betaine
37826|glycine synthase
37828|glycine cleavage complex
37829|glycine amidinotransferase
22202|Shemin cycle
37841|glucocorticoid
37842|glucocyamine
37843|glycerinated gelatin
37844|animal dextran
37844|animal starch
37844|hepatin
37844|liver starch
14469|glycogenic cardiomegaly
37845|phosphorylase
25512|glycogenosis
37847|α-amylase
37847|β-amylase
37849|d-glycogenous
14470|glycogen cardiomegaly
37852|dextrinosis
37852|glycogen-storage disease
37858|Gierke disease
37858|glucose-6-phosphatase hepatorenal glycogenosis
37858|von Gierke disease
37859|generalized glycogenosis
37859|Pompe disease
37860|Cori disease
37860|debranching deficiency limit dextrinosis
37860|limit dextrinosis
37860|Forbes disease
37861|brancher glycogen storage disease
37861|Andersen disease
37862|McArdle disease
37862|McArdle syndrome
37862|McArdle-Schmid-Pearson disease
37862|myophosphorylase deficiency glycogenosis
37863|hepatophosphorylase deficiency glycogenosis
37863|Hers disease
37864|Tarui disease
37871|diose
37873|transketolase
37875|norleucine
37876|hydroxyacetic acid
50727|Fabry disease
37880|hydantoin
37881|glucolysis
37883|gluconeogenesis
37884|aldonic acids
37894|glycosialia
37899|glycoptyalism
37907|ceramide saccharide
37909|glucosuria
37909|glycuresis2
40108|glycated hemoglobin
37922|transglycosylase
37923|glucotoxicity
37925|glucosuria
37925|glycosuria2
37928|β-d-glucuronidase
37933|licorice
37933|liquorice
37934|oxalaldehyde
37936|malate synthase
37937|allantoin
37938|oxoacetic acid
22203|Krebs-Kornberg cycle
90541|Rosenbach-Gmelin test
84366|Gomori methenamine-silver stain
44168|alveolar index1
37956|bite gauge
37956|occlusometer
37960|cleft jaw
37968|Yangtze edema
37969|dl-narcotine
15630|beaker cell
15630|caliciform cell
15630|chalice cell
94883|benign lymphoepithelial lesion
11237|preinterparietal bone
37985|struma1
38014|aurum
30107|gold number
61835|gold equivalent
90544|Lange test
38022|hydrastis
88030|oculoauriculovertebral dysplasia
25513|myasthenia gravis
30053|constant field equation
30053|Goldman-Hodgkin-Katz equation
30053|GHK equation
30054|Goldman equation
82461|farmer's skin
5641|dictyosome
5641|Golgi body
5641|Golgi complex
5641|Golgi internal reticulum
5641|Holmgrén-Golgi canals
10967|Golgi apparatus
19424|Golgi apparatus
77844|Golgi apparatus
63206|neurotendinous organ
63206|neurotendinous spindle
19151|gracile fasciculus
88033|focal dermal hypoplasia
38036|oleogomenol
84371|GMS stain
46362|dento-alveolar syndesmosis
38041|socket1
38041|peg-and-socket articulation
38041|peg-and-socket joint
26519|gonadal dose
61466|micronucleus2
20364|primordial sex cords
26520|gonad dose
27246|ovarian dysgenesis
41487|sex hormones
78579|genital cord
78579|genital ridge
37490|sex steroid-binding globulin
85392|streak gonad
38054|gonadotropin-releasing factor
38058|gonadotropic
38059|gonadotropin
38060|gonadotrophic
41488|gonadotropin
38061|gonadotrophin
38061|gonadotropic hormone
31685|gonadoliberin1
41489|luteinizing hormone-releasing hormone
41489|luteinizing hormone/follicle-stimulating hormone-releasing hormone
38068|seminal duct
38068|uterine tube
38072|seminal gland
38080|arthrometer
38080|fleximeter
38080|pronometer
38085|peripheral anterior synechia
38088|gonococcicide
38089|gonococcic
7557|gonorrheal arthritis
38092|gonococcal
38093|gonocide
38094|Neisseria gonorrhoeae
38095|primordial germ cell
7558|gonococcal arthritis
19888|gonorrheal ophthalmia
62954|blennophthalmia2
62954|gonorrheal conjunctivitis
38102|sex chromosomes
38102|under chromosome
15633|juxtaglomerular cells
33963|cutis anserina
38112|cutis anserina
76781|paradoxic flexor reflex
81918|finger phenomenon
87438|tonic reflex
25514|disappearing bone disease
25514|Gorham-Stout disease
88036|disappearing bone disease
25515|Gorham disease
22382|calcifying odontogenic cyst
88037|basal cell nevus syndrome
38123|goundou
38127|raffinose
5988|needlepoint tracing
92905|needlepoint tracing
25516|pigmented purpuric lichenoid dermatosis
88039|confluent and reticulate papillomatosis
25517|Sjögren syndrome
38135|anákhré
38135|dog nose
38135|gorondou
38135|henpuye
24697|purine-free diet
66350|tophus
92610|arthritic calculus
92610|uratoma
41598|public hospital
19152|anterior spinocerebellar tract
20108|front-tap reflex
25518|saltatory spasm
88040|vagal attack
88040|vasovagal attack
88040|vasovagal syndrome
92951|anterior spinocerebellar tract
4870|Vw antigen
34406|vesicular ovarian follicle
32197|fasciculus gracilis
32197|funiculus gracilis
32197|Goll column
32197|posterior pyramid of the medulla
32197|slender fasciculus
32197|tract of Goll
51120|lobulus paramedianus
51120|lobulus gracilis
51120|paramedian lobule
51120|slender lobule
61467|nucleus gracilis
61467|nucleus fasciculi gracilis
61467|nucleus funiculi gracilis
61467|nucleus of Goll
94504|clava
94504|tuberculum gracile
32883|fibrae gracilispinales
38156|gracilis (muscle)
56782|musculus gracilis
56782|gracilis2
38167|phase encoding
81921|von Graefe sign
25520|GVH disease
56524|Steell murmur
90548|cholecystography
2066|alcohol2
13476|small calorie
30108|combining weight
30108|equivalent weight
30108|equivalent5
38260|pomegranate
52357|generalized tonic-clonic seizure
80741|generalized tonic-clonic seizure
23474|delusion of grandeur
51307|gamma loop
19889|trachomatous conjunctivitis
23303|cloudy swelling
77845|chromidial substance
77845|ergastoplasm
77845|rough-surfaced endoplasmic reticulum
35244|foveolae granulares
35244|granular pits
35244|pacchionian depressions
47052|sclerotic kidney
48356|stratum granulare
48361|stratum granulosum folliculi ovarici vesiculosi
48357|granular layer of cerebellum
48358|granular layer of cerebellar cortex
48358|stratum granulosum corticis cerebelli
48360|stratum granulosum epidermidis
49327|trachoma
62955|trachoma
69093|granular foveolae
69093|under foveola
70415|great alveolar cells
70415|under cell
92897|follicular trachoma
95967|follicular urethritis
38265|granulation
38267|granulatio
38266|arachnoid granulations
38266|under granulation
15635|mast cell
48999|leukemic myelosis1
48999|myelocytic leukemia
48999|myelogenic leukemia
48999|myelogenous leukemia
48999|myeloid leukemia
79684|myeloid sarcoma
38327|granulopenia
38327|hypogranulocytosis
38328|granulopoiesis
38329|granulopoietic
38349|lethal midline granuloma
38351|pregnancy tumor
38353|granuloma venereum
38380|yaws
38382|granuloma inguinale
6919|temporal arteritis
25521|chronic granulomatous disease
29366|regional enteritis
78980|rosacealike tuberculid
78980|tuberculoid rosacea
38391|chromomere2
38392|granulocytopenia
38395|granulocytopoiesis
38396|granulocytopoietic
38397|stratum granulosum folliculi ovarici vesiculosi
94885|folliculoma1
5423|agraphia
34888|structural formula
38406|black lead
38406|plumbago
5424|agraphia
38413|writer's cramp
76782|grasping reflex
76783|forced grasping reflex
76783|grasp reflex
9123|Bacillus subtilis
84295|grass tetany
90997|grass staggers
48185|Landouzy-Grasset law
67951|Grasset-Gaussel phenomenon
67952|Grasset phenomenon
32884|optic radiation
74824|optic radiation
99731|adipocere
38423|urocheras1
38423|uropsammus1
25522|Basedow disease
25522|ophthalmic hyperthyroidism
25522|Parry disease
62983|endocrine ophthalmopathy
62983|Graves orbitopathy
63131|Graves ophthalmopathy
38425|pregnant
38428|pregnancy
38429|pregnancy
38430|extraamniotic pregnancy
38431|extrachorial pregnancy
38433|hydrometer
217|perforating abscess
9701|basophilia2
38440|griseus
19153|columnae griseae
32885|unmyelinated fibers
44429|gelatinous infiltration
48362|stratum cinereum colliculi superioris
48362|stratum griseum colliculi superioris
53168|gray substance
53168|substantia grisea
53168|substantia cinerea
75376|rami communicantes grisei
75376|communicating branches of sympathetic trunk
75376|communicating rami of sympathetic trunk
79817|latitude
86023|gray matter
94453|tuber cinereum
94505|trigeminal tubercle
99951|vagal (nerve) trigone
38441|rhodotoxin
21147|vanishing cream
56783|adductor magnus (muscle)
15638|granular pneumonocytes
15638|type II cells
15638|type II pneumocyte
15638|type II pneumonocyte
7126|inferior ulnar collateral artery
7126|descending genicular artery
7126|great segmental medullary artery
59382|nervus auricularis magnus
97250|vena cardiaca magna
97250|vena cordis magna
97250|left coronary vein
97251|great cerebral vein of Galen
97252|great cerebral vein
97252|vena magna cerebri
97252|great vein of Galen
34563|foramen magnum
33549|horizontal fissure [TA] of cerebellum
33550|longitudinal cerebral fissure
7129|great segmental medullary artery
97254|vena saphena magna
97254|large saphenous vein
97254|long saphenous vein
59388|sciatic nerve
7130|arteria radicularis magna
7130|artery of Adamkiewicz
7130|great anastomotic artery3
7130|great radicular artery
7131|dorsal pancreatic artery
92338|hallux
92338|digitus pedis primus [I]
92338|hallex
92338|hallus
92338|pollex pedis
92338|primary digit of foot
97253|great cerebral vein of Galen
76784|Babinski sign1
14713|major alar cartilage of nose
17720|major arterial circle of iris
17756|systemic circulation
21798|fundus of stomach
21973|curvatura ventriculi major
41550|cornu majus ossis hyoidei
11238|trapezium (bone)
59383|nervus occipitalis major
62529|omentum majus
62529|caul2
62529|cowl
62529|epiploon
62529|gastrocolic omentum
62529|pileus
62529|velum3
7127|arteria palatina major
13638|canalis palatinus major
13638|pterygopalatine canal
34564|foramen palatinum majus
34564|anterior palatine foramen
38518|sulcus palatinus major
38518|pterygopalatine groove
38518|sulcus for greater palatine nerve
38518|sulcus pterygopalatinus
59384|nervus palatinus major
7128|arteria pancreatica magna
56784|pectoralis major (muscle)
66555|pelvis major
66555|false pelvis
66555|large pelvis
66555|pelvis spuria
15283|peritoneal cavity
59385|nervus petrosus major
59385|parasympathetic root of pterygopalatine ganglion
59385|radix intermedia ganglii pterygopalatini
59385|greater superficial petrosal nerve
56785|rectus capitis posterior major (muscle)
56786|psoas major (muscle)
56787|rhomboid major (muscle)
78712|outer border of iris
61154|incisura ischiadica major
61154|iliosciatic notch
61154|sacrosciatic notch
59386|nervus splanchnicus major
59387|greater petrosal nerve
34995|fossa supraclavicularis major
94108|trochanter major
94506|tuberculum majus (humeri)
94506|greater tuberosity of humerus
94714|greater tubercle (of humerus)
83763|spina tympanica major
37128|glandula vestibularis major
37128|Bartholin gland
37128|Duverney gland
37128|Tiedemann gland
37128|vulvovaginal gland
99952|ala major ossis sphenoidalis
99952|ala temporalis
56788|zygomaticus major (muscle)
40111|choleglobin
98865|Marburg virus
81727|chlorosis
82619|medicinal soft soap
84175|sputum aeruginosum
99178|chloropsia
88044|ocular hypertelorism
38464|abrasion3
86912|denture occlusal surface
38467|influenza
38470|gray
38472|cartilage
62825|Gritti-Stokes amputation
3084|Gritti operation
93646|paravertebral triangle
38476|inguen
38476|inguinal region
38476|regio inguinalis
38476|iliac region
38493|sulcus for pharyngotympanic tube
38510|sulci tendineum musculorum extensorum
38519|sulcus nervi petrosi majoris
38522|sulcus sinus petrosi inferioris
38522|inferior petrosal groove
38522|inferior petrosal sulcus
38523|sulcus for vena cava
38539|sulcus sinus marginalis
38545|sulcus arteriae meningeae mediae
38546|sulcus arteriae temporalis mediae
38546|sulcus for middle temporal artery
38557|sulcus sinus occipitalis
38568|sulcus popliteus
38568|popliteal groove
38581|radial groove
38587|sulcus sinus sigmoidei
38587|sigmoid fossa
38587|sigmoid groove
38587|sigmoid sulcus
38589|sulcus nervi spinalis
38593|sulcus venae subclaviae
38594|subclavian groove
38596|sulcus sinus petrosi superioris
38596|superior petrosal sulcus
38597|sagittal groove
38597|sagittal sulcus
38597|sulcus sinus sagittalis superioris
38597|superior longitudinal sulcus
38598|sulcus venae cavae cranialis
38601|sulcus tendinis musculi fibularis longi
38601|groove for tendon of peroneus longus
38601|sulcus tendinis musculi peronei longi1
38602|sulcus tendinis musculi flexoris hallucis longi
38603|groove for tendon of fibularis longus
38604|malleolar groove
38608|sulcus sinus transversi
38608|sulcus for transverse sinus
38610|sulcus nervi ulnaris
38614|sulcus arteriae vertebralis
38614|sulcus for vertebral artery
38504|sulcus cruris helicis
38512|sulcus arteriae subclaviae costae primae
38512|sulcus costae arteriae subclaviae
38533|sulcus nervi petrosi minoris
38536|sulcus subclavius
38550|sulcus matricis unguis
38576|sulcus promontorii cavitatis tympanicae
38576|sulcus of promontory of tympanic cavity
38577|sulcus hamuli pterygoidei
38577|hamular notch
38577|pterygomaxillary notch
38577|sulcus of pterygoid hamulus
92448|fissured tongue
3486|macroscopic anatomy
98867|Gross virus
98866|Gross leukemia virus
12777|fasciculi proprii
12777|under fasciculus
46072|cutaneous larva migrans
47697|interstitial lamella
86024|substantia fundamentalis
1725|cross agglutination
1738|cross-reacting agglutinin
43661|herd immunity
25524|transient acantholytic dermatosis
50392|Harris lines
41490|somatotropin
41492|somatostatin
31689|somatoliberin
41491|somatoliberin
53498|culture medium
69539|epiphysial plate
76145|Widal reaction
34996|inferior duodenal fossa
76146|Widal reaction
93647|Lesshaft triangle
66682|chordee
72984|G proteins
38676|guaiac gum
38757|guaiac
90550|Almén test for blood
38678|guaifenesin
38679|glyceryl guaiacolate
38679|guaiacol glyceryl ether
38680|guanine deaminase
38681|8-azaguanine
38687|guanine deaminase
38688|guanase
38688|guanine aminase
38689|deoxyguanylic acid
72986|G proteins
38690|guanylic acid
72985|G proteins
38691|9-β-d-ribofuranosylguanine
38694|guanylic acid
38698|guanylate cyclase
38699|guanyl cyclase
38699|guanylyl cyclase
38700|guanine ribonucleotide
38700|guanosine 5′-monophosphate
38703|RNase T(null)
38705|guanylate cyclase
38707|caffeine
34273|valve of navicular fossa
35329|horizontal fracture
35329|Le Fort I fracture
37129|urethral glands of female
96696|valve of navicular fossa
38713|gubernaculum testis
38717|gubernaculum2
65098|Gubler syndrome
88047|Gubler paralysis
88047|Millard-Gubler syndrome
19269|commissura supraoptica dorsalis
36147|interpeduncular nucleus
61469|tegmental nuclei
76785|aponeurotic reflex
88048|acute idiopathic polyneuritis
88048|acute inflammatory polyneuropathy
88048|infectious polyneuritis
88048|Landry paralysis
88048|Landry syndrome
88048|Landry-Guillain-Barré syndrome
88048|postinfectious polyneuritis
3085|circular amputation
38742|Cavia porcellus
48187|law of mass action
88049|Desert Storm syndrome
88049|Persian Gulf syndrome
38744|throat1
82512|slitlamp
38750|gingiva
38751|acacia
38753|benzoin
20075|gingival contour
38762|opium
77502|gingivectomy
38768|gingival abscess
38769|syphiloma
81364|smudge cells
81364|under cell
81928|Gunn sign1
67953|jaw-winking syndrome
74148|Marcus Gunn pupil
81927|Gunn crossing sign
88050|jaw-winking syndrome
3752|ageusia
12658|taste bud
15640|taste cells
42319|hypergeusia
63207|organum gustatorium
63207|organum gustus
71191|taste pore
88051|auriculotemporal nerve syndrome
76786|auriculotemporal nerve syndrome
38784|intestine
56789|external urethral sphincter
27528|keratoleptynsis1
100058|crease wound
100058|glancing wound
26836|pharyngotympanic (auditory) tube
46036|isthmus of uterus
25525|graft versus host disease
38818|Karenia brevis
38826|Sertoli-Leydig cell tumor
38842|gyniatry
38843|gyniatrics
38845|chaulmoogra oil
38870|short gyri of insula
38874|cerebral gyri
38896|insular gyri
38917|orbital gyri
38946|transverse temporal gyri
75925|magnetogyric ratio
38857|Helvella esculenta
38862|angular gyrus
38876|cingulate gyrus
38879|dentate gyrus
38881|fasciolar gyrus
38883|fornicate gyrus
38884|inferior frontal gyrus
38885|medial frontal gyrus
38886|middle frontal gyrus
38887|superior frontal gyrus
38889|fusiform gyrus
38902|lingual gyrus
38904|long gyrus of insula
38912|fusiform gyrus
38913|lingual gyrus
38914|lateral olfactory gyrus
38915|medial olfactory gyrus
38918|anterior paracentral gyrus
38919|posterior paracentral gyrus
38921|parahippocampal gyrus
38923|subcallosal gyrus
38925|postcentral gyrus
38930|precentral gyrus
38932|straight gyrus
38938|subcallosal gyrus
38945|supramarginal gyrus
38947|inferior temporal gyrus
38948|middle temporal gyrus
38949|superior temporal gyrus
38950|anterior transverse temporal gyrus
38951|posterior transverse temporal gyrus
