95700|streptomycin units
36550|G-banding stain
38669|ouabain
35885|Gaddum and Schild test
35886|Tabanus
35892|Gaenslen sign
35893|Gaffky scale
35893|Gaffky table
35904|Gairdner disease
35905|Gaisböck syndrome
35929|galacto-
35953|mucopolysaccharide
14986|galactosemia
35978|Galant reflex
35980|epicranial aponeurosis
35982|Galeati glands
35982|under gland
35984|Galeazzi fracture
35985|Galen anastomosis
35985|Galen nerve
35985|veins of Galen
35985|under vein
35985|great vein of Galen
35992|Gallavardin phenomenon
35998|solution
36001|Gallie transplant
36022|Galton delta
36022|Galton system of classification of fingerprints
36022|under fingerprint
36022|Galton law
36022|Galton whistle
36024|galvanism
21953|direct current
21953|galvanism1
36062|Gamgee tissue
36077|Gamna disease
36077|Gamna-Favre bodies
36077|under body
36077|Gandy-Gamna bodies
36077|under body
36077|Gamna-Gandy bodies
36077|under body
36077|Gamna-Gandy nodules
36077|under nodule
36083|Gamna-Gandy bodies
36083|under body
36083|Gamna-Gandy nodules
36083|under nodule
36083|Gandy-Gamna bodies
36083|under body
36083|Gandy-Nanta disease
11931|cavernous branches of cavernous part of internal carotid artery
60143|motor neuron
78232|cancrum nasi
85160|noma
36303|Lown-Ganong-Levine syndrome
36304|Ganser commissure
36304|Ganser syndrome
36304|nucleus basalis of Ganser
88010|malingering
88010|factitious disorder
36305|Gant clamp
36307|Gantzer accessory bundle
36307|Gantzer muscle
12775|Gantzer muscle
36308|Swan-Ganz catheter
36322|Sulzberger-Garbe disease
36322|Sulzberger-Garbe syndrome
36323|Gardner syndrome
36324|Gardner-Diamond syndrome
36328|Gariel pessary
36329|Marinesco-Garland syndrome
36330|Garland triangle
36333|Garré disease
36333|Garré osteomyelitis
36335|Gartner canal
36335|Gartner cyst
36335|Gartner duct
36360|Gaskell bridge
36360|Gaskell clamp
36364|Irvine-Gass syndrome
36368|Lennox-Gastaut syndrome
36371|gastro-
52401|algid malaria
7120|left gastric artery
7120|right gastric artery
82553|alimentary tract smear
97246|short gastric veins
97246|right gastric vein
97246|left gastric vein
99401|organoaxial
36397|conjoined twins
36397|under twin
7122|left gastroomental artery
7122|right gastroomental artery
97247|right gastroomental vein
97247|left gastroomental vein
36463|conjoined twins
36463|under twin
36466|conjoined twins
36466|under twin
36468|conjoined twins
36468|under twin
36505|conjoined twins
36505|under twin
36518|Gatch bed
36519|gated radionuclide angiocardiography
36521|gate
36525|Gaucher cells
36525|under cell
36525|Gaucher disease
36525|pseudo-Gaucher cell
36526|Henry-Gauer response
36535|bandage
36537|Gauss sign
36536|gauss
36536|gaussian curve
36536|gaussian distribution
36539|Grasset-Gaussel phenomenon
36540|gaussian curve
9420|gauze
36543|Gavard muscle
36545|lesbian
36544|Gay glands
36544|under gland
36546|Gay-Lussac equation
36546|Gay-Lussac law
36334|Gärtner method
36334|Gärtner vein phenomenon
36334|Gärtner tonometer
36584|Gélineau syndrome
36590|Gély suture
38129|Göthlin test
38772|Günning reaction
38774|Günz ligament
38775|Günzberg reagent
38775|Günzberg test
36564|Lou Gehrig disease
36565|Geigel reflex
36566|Geiger-Müller counter
36566|Geiger-Müller tube
94390|Geiger-Müller counter
17388|gel filtration
36575|pepsin
36585|Gell and Coombs reactions
36585|under reaction
76139|allergic reaction
36586|Gellé test
78874|sex role
78874|gender identity
52724|genetic map
56093|mosaic2
76141|general adaptation syndrome
88019|stress4
88019|stress5
26003|anxiety
40758|genocopy
50657|linkage2
36751|measure
36752|Gengou phenomenon
36752|Bordet-Gengou potato blood agar
36752|Bordet-Gengou bacillus
36752|Bordet-Gengou phenomenon
36752|Bordet and Gengou reaction
7124|descending genicular artery
7124|inferior lateral genicular artery
7124|inferior medial genicular artery
7124|middle genicular artery
7124|superior lateral genicular artery
7124|superior medial genicular artery
10964|lateral geniculate body
10964|medial geniculate body
61459|lateral geniculate body
67816|phallic phase
84277|genitality
36788|Gennari band
36788|Gennari stria
36788|line of Gennari
36788|stripe of Gennari
36812|gentian
36813|crystal violet
45914|geometric isomerism
36838|Sachs-Georgi test
4867|glycophorins
36849|antigen
36850|Gerbode defect
36852|Gerdy fibers
36852|under fiber
36852|Gerdy fontanelle
36852|Gerdy hyoid fossa
36852|Gerdy ligament
36852|Gerdy interatrial loop
36852|Gerdy tubercle
36854|Gerhardt test for urobilin in the urine
36853|Gerhardt reaction
36853|Gerhardt test for acetoacetic acid
36853|Gerhardt-Mitchell disease
36858|Gerlach anular tendon
36858|Gerlach tonsil
36858|valve of vermiform appendix
36858|Gerlach valvula
36859|Gerlier disease
36878|gero-
36886|Gerota capsule
36886|Gerota fascia
36886|Gerota method
36887|Altmann-Gersh method
36888|Gerstmann syndrome
36888|Gerstmann-Sträussler-Scheinker syndrome
36891|gestaltism
67949|gestalt
73665|gestaltism
91246|gestaltism
36898|Gey solution
36903|Ghon complex
36903|Ghon focus
36903|Ghon primary lesion
36903|Ghon tubercle
36910|band of Giacomini
36910|frenulum of Giacomini
36910|uncus band of Giacomini
36911|Giannuzzi crescents
36911|under crescent
36911|Giannuzzi demilunes
36911|under demilune
36912|Gianotti-Crosti syndrome
36922|Gibbs-Donnan equilibrium
36922|Gibbs-Helmholtz equation
36922|Helmholtz-Gibbs theory
36922|Gibbs theorem
36922|Gibbs free energy
36922|Gibbs energy of activation
29265|free energy
36924|Gibney fixation bandage
36924|Gibney boot
36925|Gibson bandage
36926|Gibson murmur
36927|Giemsa stain
36927|Giemsa chromosome banding stain
36929|Gierke respiratory bundle
36929|Gierke cells
36929|under cell
36928|Gierke disease
36928|von Gierke disease
36930|Gifford reflex
36943|Gigli saw
36957|Gil-Vernet operation
36947|Maxim-Gilbert sequencing
36946|Gilbert syndrome
36949|Gilchrist disease
36950|Hutchinson-Gilford disease
36950|Hutchinson-Gilford syndrome
36951|Gilles de la Tourette disease
36951|Gilles de la Tourette syndrome
36951|Tourette disease
36951|Tourette syndrome
36952|Gillespie syndrome
36953|Gillette suspensory ligament
36954|Gilliam operation
36955|Gillies operation
36955|Filatov-Gillies flap
36956|Gilmer wiring
36958|Gimbernat ligament
92229|gingiva
37019|Girard reagent
37028|Girdlestone procedure
11946|anterior glandular branch of superior thyroid artery
11946|lateral glandular branch of superior thyroid artery
11946|posterior glandular branch of superior thyroid artery
37362|Glanzmann disease
37362|Glanzmann thrombasthenia
37372|Glasgow sign
37373|coma scale
10965|demilune body
37387|Glauber salt
37420|glaucomatous cup
80354|cecocentral scotoma
37424|Gleason tumor grade
37424|Gleason score
80327|Gleason tumor grade
37426|Glenn shunt
37427|Glenner-Lillie stain for pituitary
37430|Gley glands
37430|under gland
37126|parathyroid gland
15626|neuroglia
37432|neuroglia
37461|Glisson capsule
37461|Glisson cirrhosis
37461|Glisson sphincter
37511|globi
37577|glosso-
37602|burning tongue syndrome
34270|epiglottic folds
65871|superior pharyngeal constrictor (muscle)
37614|superior pharyngeal constrictor (muscle)
37638|glucagonlike peptide
37716|Gluge corpuscles
37716|under corpuscle
97249|inferior gluteal veins
97249|superior gluteal veins
24696|celiac disease
37770|gluteus maximus (muscle)
37770|gluteus medius (muscle)
37770|gluteus minimus (muscle)
12905|trochanteric bursa3
12906|trochanteric bursa4
37820|glycineamide ribonucleotide
37897|mucopolysaccharide
37941|Gmelin test
37941|Rosenbach-Gmelin test
37950|gnatho-
37977|Godélier law
37978|Godman fascia
37979|Godwin tumor
37980|Goeckerman treatment
37981|Gofman test
37982|Goggia sign
38020|Goldblatt hypertension
38020|Goldblatt kidney
38020|Goldblatt hypertension
38021|Goldenhar syndrome
38023|Goldflam disease
38025|Goldie-Coldman hypothesis
38027|Goldman equation
38027|Goldman-Hodgkin-Katz equation
38026|Goldman-Fox knives
38026|under knife
38028|Goldmann perimeter
38028|Goldmann applanation tonometer
38029|Goldscheider test
38030|Goldstein toe sign
38031|Golgi apparatus
38031|Golgi complex
38031|Golgi corpuscle
38031|Golgi tendon organ
38031|Golgi internal reticulum
38031|Golgi zone
38031|Golgi cells
38031|under cell
38031|Golgi osmiobichromate fixative
38031|Golgi stain
38031|Golgi-Mazzoni corpuscle
38031|Holmgrén-Golgi canals
38031|under canal
15631|Golgi type I neuron
15631|Golgi type II neuron
20663|Golgi-Mazzoni corpuscle
15632|Bergmann fibers
15632|under fiber
38033|Goll column
38033|nucleus of Goll
38033|tract of Goll
38034|Goltz syndrome
38035|Gombault triangle
93645|semilunar fasciculus
38039|Grocott-Gomori methenamine-silver stain
38039|Gomori nonspecific alkaline phosphatase stain
38039|Gomori one-step trichrome stain
38039|Gomori silver impregnation stain
38039|Gomori chrome alum hematoxylin-phloxine stain
38040|Gompertz hypothesis
38040|Gompertz law
38048|gonado-
31685|gonadotropin-releasing hormone
41489|gonadotropin-releasing factor
38108|Goodell sign
38110|Goodpasture stain
38110|Goodpasture syndrome
38111|Goormaghtigh cells
38111|under cell
38113|Gopalan syndrome
38115|Gordon reflex
38115|Gordon sign
38115|Gordon symptom
38117|stain
38120|Gorham disease
38120|Gorham syndrome
38122|Gorlin formula
38121|Gorlin sign
38121|Gorlin syndrome
38121|Gorlin-Chaudhry-Moss syndrome
38125|Gosselin fracture
38130|epithelial attachment of Gottlieb
38132|Gougerot and Blum disease
38132|Gougerot-Sjögren disease
38132|Gougerot-Carteaud syndrome
38133|Gould suture
38134|Gouley catheter
38150|Gowers column
38150|Gowers contraction
38150|Gowers disease
38150|Gowers syndrome
38150|Gowers tract
4870|Vw antigen under MNSs blood group in Blood Groups Appendix
38154|graafian follicle
38161|Gradenigo syndrome
38175|Graefe forceps
38175|Graefe knife
38175|Graefe operation
38175|Graefe sign
38175|pseudo-Graefe phenomenon
38175|Graefe sign
38175|von Graefe sign
38176|Graefenberg ring
38177|Graffi virus
38245|Graham-Cole test
38244|Graham law
38247|Steell
38256|molecule
38257|Gram stain
38258|Gram stain
38262|Granger line
38262|Granger projection
38263|Granit loop
20754|cerebral cortex
48356|layers of dentate gyrus
86236|d-glucose
38411|graphology
38419|Grasset law
38419|Grasset phenomenon
38419|Grasset sign
38419|Grasset-Gaussel phenomenon
38419|Landouzy-Grasset law
38420|Gratiolet fibers
38420|under fiber
38420|Gratiolet radiation
38424|Graves disease
38424|Graves ophthalmopathy
38424|Graves orbitopathy
25522|thyrotoxicosis
25522|Hashimoto thyroiditis
25522|goiter
25522|myxedema
38439|Grawitz basophilia
38439|Grawitz tumor
79817|gray-scale ultrasonography
38478|Grönblad-Strandberg syndrome
38662|May-Grünwald stain
38663|Bürger-Grütz syndrome
7130|medullary arteries of brain
38442|Prowazek-Greeff bodies
38442|under body
38445|Greenfield filter
38451|Greig syndrome
38453|gray matter
38454|Turner
38460|Gridley stain
38460|Gridley stain for fungi
38462|Griesinger disease
38462|bilious typhoid of Griesinger
38462|Griesinger sign
25523|relapsing fever
38473|Gritti operation
38473|Gritti-Stokes amputation
38474|Grocco sign
38474|Grocco triangle
38474|Orsi-Grocco method
38475|Groenouw corneal dystrophy
38592|groove of first rib for subclavian artery
38618|Gross virus
38618|Gross leukemia virus
3486|practical anatomy
38639|Grover disease
31689|growth hormone–releasing hormone
41491|growth hormone–releasing factor
38657|Gruber cul-de-sac
38657|Gruber-Landzert fossa
38656|Gruber reaction
38656|Gruber-Widal reaction
38655|Gruber method
38654|Meckel-Gruber syndrome
38654|Martin-Gruber anastomosis
38660|spur
38661|assay
38664|Grynfeltt triangle
38703|ribonuclease
38712|Guarnieri bodies
38712|under body
38721|Guéneau de Mussy point
38723|Guérin fold
38723|Guérin fracture
38723|Guérin glands
38723|under gland
38723|Guérin sinus
38723|Guérin valve
38722|bacille Calmette-Guérin
38722|bacillus Calmette-Guérin vaccine
38722|Calmette test
38722|Calmette-Guérin bacillus
38722|Calmette-Guérin vaccine
38718|Gubler line
38718|Gubler paralysis
38718|Gubler syndrome
38718|Millard-Gubler syndrome
38719|Gudden commissure
38719|Gudden ganglion
38719|Gudden tegmental nuclei
38719|under nucleus
38720|Guedel airway
99968|guidewire
38739|Guillain-Barré reflex
38739|Guillain-Barré syndrome
38739|Landry-Guillain-Barré syndrome
38743|Guldberg-Waage law
38770|Klein-Gumprecht shadow nuclei
38770|under nucleus
38770|Gumprecht shadows
38770|under shadow
38771|Gunn phenomenon
38771|Gunn dots
38771|under dot
38771|Gunn sign
38771|Gunn syndrome
38771|Marcus Gunn pupil
38771|Gunn crossing sign
38771|Gunn pupil
38773|Gunning splint
38780|Gussenbauer suture
61470|rhombencephalic gustatory nucleus
61470|thalamic gustatory nucleus
38792|Guthrie test
38791|Guthrie muscle
38793|Michaelis-Gutmann body
38803|Guttman scale
38806|Gutzeit test
38807|Guyon amputation
38807|Guyon isthmus
38807|Guyon sign
38807|Guyon tunnel syndrome
38825|hermaphroditism
38825|female pseudohermaphroditism
38831|gyn-
38844|gyn-
15641|gyrochrome
38950|transverse temporal gyri
