2436|nalorphine
14011|n-decanoic acid
14018|n-hexanoic acid
14187|ureidosuccinic acid
14277|allophanic acid
22994|n-capric acid
26374|behenic acid
26383|lauric acid
28136|arachidic acid
40884|n-caproic acid
43313|arachidic acid
54907|NMDA
54915|anserine2
54944|methylglucamine
60957|pelargonic acid
60932|single-patient trial
86167|adenylosuccinic acid
91020|lignoceric acid
583|p-sulfamylacetanilide
54749|anhydroleucovorin
68501|phosphocreatine
22409|nabothian follicle
34418|nabothian cyst
58699|NADase
58702|NAD(null)nucleosidase
58704|cytochrome c reductase
76194|peroxidase reaction
58714|NADPH diaphorase
58714|old yellow enzyme
58714|Warburg old yellow enzyme
58715|DT-diaphorase
58715|menadione reductase
58715|phylloquinone reductase
58715|quinone reductase
58716|NADPH dehydrogenase
58713|cytochrome c(null)reductase
58717|cytochrome reductase
88593|Franceschetti-Jadassohn syndrome
49018|myelomonocytic leukemia
58728|unguis
58728|nail plate
58728|onyx
9846|nail matrix
34317|nail wall
53162|matrix unguis
53162|keratogenous membrane
53162|nail bed
53162|onychostroma
69556|nail1
99541|vallum unguis
99541|nail fold
58747|N-allylnormorphine
40369|non-A
40369|non-B hepatitis
88597|chondrodystrophy with sensorineural deafness
17164|chondrodystrophy with sensorineural deafness
58759|microcephaly
58760|microcephalic
58761|microcephaly
58762|microsomia
58763|quantum dot
28777|dwarfed enamel
58767|micromelia
58769|microphthalmos
58770|Troglotrema salmincola
58772|nanukayami fever
32703|nanukayami
58773|nucha
58775|petroleum benzin
58778|naphthalin
58778|tar camphor
58779|naphthol
58780|naphthalene
58782|naphthalenol
58789|neper
75841|diaper dermatitis
58792|self-love
58796|narcosynthesis
58799|Gélineau syndrome
58799|paroxysmal sleep
58805|narcoanalysis
58811|anterior naris
58811|external naris
58811|nostril
58811|prenaris
37407|angle-closure glaucoma
58818|rhinal
8400|atrium of middle nasal meatus
11283|os nasale
11438|nasal margin of frontal bone
13379|rhinolith
15051|rhinitis
15296|cavitas nasi
15296|cavum nasi
21263|crista nasalis
21263|semicrista incisiva
21264|crista nasalis laminae horizontalis ossis palatini
21265|crista nasalis processus palatini maxillae
26864|nasolacrimal duct
34606|foramina nasalia
36177|pterygopalatine ganglion
37182|glandulae nasales
40235|epistaxis
52789|margo nasalis ossis frontalis
52789|nasal border of frontal bone
13101|canine buttress
53314|meatus nasi
56364|mucosa of nose
56925|nasalis (muscle)
59491|nasociliary nerve
61175|incisura nasalis
65935|pars nasalis ossis frontalis
65936|nasopharynx
67797|nasopharynx
69102|olfactory pits
69252|olfactory placodes
70599|nasion
72310|frontal process of maxilla
77191|regio nasalis
78596|agger nasi
12058|ramus septi nasi arteriae labialis superioris
14736|septal nasal cartilage
81092|septum nasi
83773|spina nasalis ossis frontalis
86967|facies nasalis corporis maxillae
86968|facies nasalis laminae horizontalis ossis palatini
86969|facies nasalis ossis palatini
98523|vestibulum nasi
98523|vestibule of nose
56926|musculus nasalis
56926|nasal muscle
58823|nasal point
53293|facial plane
22101|enamel cuticle
53957|enamel cuticle
22410|Klestadt cyst
22410|nasolabial cyst
50452|basinasal line
59492|nervus nasociliaris
59492|nasal nerve
78936|communicating branch of nasociliary nerve with ciliary ganglion
78936|radix sensoria ganglii ciliaris
78936|sensory root of ciliary ganglion
78936|radix nasociliaris ganglii ciliaris
78936|ramus communicans nervi nasociliaris cum ganglio ciliari
78936|long root of ciliary ganglion
78936|radix longa ganglii ciliaris
97391|vena nasofrontalis
22411|nasoalveolar cyst
38551|nasolabial sulcus
51804|nodus lymphoideus nasolabialis
51804|nasolabial node
60656|nasolabial lymph node
86430|sulcus nasolabialis
86430|nasolabial groove
13677|canalis nasolacrimalis
26865|ductus nasolacrimalis
26865|nasal duct
87242|sutura nasomaxillaris
22412|incisive canal cyst
59493|nervus nasopalatinus
58834|rhinopharyngeal1
48705|mucocutaneous leishmaniasis
53316|meatus nasopharyngeus
53316|nasopharyngeal passage
66112|nasopharyngeal meatus
58838|pars nasalis pharyngis
58838|epipharynx
58838|nasal part of pharynx
58838|nasal pharynx
58838|pharyngonasal cavity
58838|rhinopharynx
58840|rhinosinusitis
58843|external nose
58843|nose
58844|external nose
18146|intergluteal cleft
58847|pimaricin
58848|buttocks
58854|sodium
66772|atrial natriuretic peptide
58857|Hendersonula toruloidea
4750|normal antibody
43668|innate immunity
15748|NK cells
58067|spontaneous mutation
68937|biochrome
9727|Nauheim treatment
93481|Nauheim bath
93481|Schott treatment
58861|seasickness
58862|sicchasia1
58864|morning sickness
58867|sick2
58870|umbilicus
58872|os naviculare
58872|central bone of ankle
58872|navicular (bone)
58872|os centrale tarsi
11284|navicular
46|scaphoid abdomen
86970|facies articularis navicularis tali
11285|scaphoid (bone)
35071|fossa navicularis urethrae
35071|fossa terminalis urethrae
35071|Morgagni fossa
35071|Morgagni fovea
62046|anterior asynclitism
32910|Nélaton sphincter
50453|Roser-Nélaton line
83590|Nélaton fibers
98966|Newcastle disease virus
70600|punctum proximum
81780|myopia
58883|myopia
58884|neoarthrosis
58888|9-β-ribofuranosylpurine
58888|purine ribonucleoside
58888|ribosylpurine
96071|cloudy urine
58898|cervix1
58898|collum
58922|cervix vesicae urinariae
58922|collum vesicae
58903|collum femoris
58903|collum ossis femoris
58903|neck of thigh bone
58904|collum fibulae
58905|collum vesicae biliaris
58905|collum vesicae felleae
58906|collum glandis penis
58907|collum folliculi pili
58910|collum mallei
58911|collum mandibulae
58912|collum pancreaticus
58913|collum radii
58914|collum costae
58915|collum scapulae
58918|collum tali
58919|neck of femur
58920|cervix dentis
58920|cervix of tooth
58920|cervical margin of tooth
58920|cervical zone of tooth
58920|collum dentis
58920|dental neck
58923|cervix of uterus
58925|cervix of uterus
81992|Brudzinski sign2
4188|angle of inclination
58933|bionecrosis
58937|necrogenous
58938|necrogenic
58946|saprophyte
58948|necrophilous
58950|necrophagous2
58952|autopsy1
9138|Fusobacterium necrophorum
17832|postnecrotic cirrhosis
19899|Pascheff conjunctivitis
73929|dead pulp
73929|nonvital pulp
6876|arteriolonecrosis
15999|gangrenous cellulitis
28911|Leigh disease
28935|Leigh disease
64881|renal papillary necrosis
36990|fusospirochetal gingivitis
36990|trench mouth
36990|ulceromembranous gingivitis
36990|Vincent disease
36990|Vincent infection
58988|dissection
10353|aspiration biopsy
21842|stab culture
34759|needle-holder
59015|needle forceps
92906|arrow point tracing
92906|gothic arch tracing
92906|gothic arch
92906|stylus tracing
54839|split cast method
59020|neoencephalon
59023|denial
3709|nonspecific anergy
28267|cathode
43560|afterimage
54177|diverging meniscus
59026|flotation constant
67975|cogwheel phenomenon
18620|Neisseria gonorrhoeae
59040|Neisseria subflava
59042|gonococcus
59042|Neisser coccus
59044|meningococcus
59044|Weichselbaum coccus
59046|Neisseria flava
88598|postadrenalectomy syndrome
58523|rod myopathy
59057|spermatid
59058|cnida
59058|cnidocyst
59071|tumor antigens
59071|under antigen
59072|nearthrosis
59078|corticocerebellum
59080|isocortex
59081|ureteroneocystostomy
59084|neencephalon
59088|regeneration1
42555|neointimal proliferation
72674|neointimal hyperplasia
59096|newborn
3667|erythroblastosis fetalis
19900|ophthalmia neonatorum
40371|giant cell hepatitis
46198|physiologic jaundice
50454|neonatal ring
53445|neonatology
78721|neonatal line
90986|tetanus neonatorum
91002|myotonia neonatorum
91002|tetanism
59097|newborn
59099|neonatal medicine
59101|isocortex
59117|new growth
59117|tumor2
5900|neoplastic meningitis
54116|neoplastic arachnoiditis
59121|11-cis-retinal
59122|11-cis-retinol
59127|striatum
21843|neotype strain
85251|neotype culture
59138|napier
59152|renal
10587|nephroblastema
26866|pronephric duct
59183|nephric blastema
59184|Wilms tumor
59187|cardiorenal
59188|nephrotomic cavity
24339|vasopressin-resistant diabetes
59194|reniform
59195|renal calculus
59201|nephrotoxic2
51315|Henle ansa
51315|Henle loop
59209|nephropathy
59212|nephropathia
59212|nephrosis1
59226|pyonephrosis
59228|kidney
59237|nephropathy
59237|nephrotic syndrome
88600|nephrosis3
15297|nephrocele2
59259|nephrolytic
59262|renotrophic
59263|renotrophic
59265|ureterohydronephrosis
59266|ureteronephrectomy
59273|conessine
59275|nervus
15749|neuron
36178|ganglion1
5096|NGF antiserum
59538|nervus canalis pterygoidei
59538|facial root
59538|radix facialis
59538|vidian nerve
59566|olfactory nerves [CN I]
59620|branches of auriculotemporal nerve to tympanic membrane
59620|under branch
64856|neurothele
69897|plexus nervosus
87243|neurorrhaphy
90301|terminationes nervorum
59315|carotid branch of glossopharyngeal nerve (CN IX)
59364|nervus meatus acustici externi
59436|nervus pterygoideus lateralis
59473|nervus pterygoideus medialis
59490|nervus mylohyoideus
59490|mylohyoid nerve
59496|nervus musculi obturatorii interni
59511|nervus musculi piriformis
59542|nervus musculi quadrati femoris
59547|dorsal scapular nerve
59571|nervus stapedius
59597|nervus musculi tensoris tympani
59598|nervus musculi tensoris veli palatini
59609|thyrohyoid branch of ansa cervicalis
59655|superior alveolar nerves
59655|under nerve
59656|anterior superior alveolar branches of superior alveolar nerve
59656|under branch
59661|inferior anal nerves
59661|under nerve
59662|superior anal nerves
59662|under nerve
59667|anterior auricular nerves
59667|under nerve
59675|thoracic cardiac branches of thoracic ganglia
59675|under branch
59679|external carotid nerves
59679|under nerve
59680|caroticotympanic nerves
59680|under nerve
59682|cavernous nerves of clitoris
59682|under nerve
59683|cavernous nerves of penis
59683|under nerve
59684|cervical nerves [C1–C8]
59684|under nerve
59688|inferior clunial nerves
59688|under nerve
59689|medial clunial nerves
59689|under nerve
59690|superior clunial nerves
59690|under nerve
59695|cranial nerves
59695|under nerve
59714|dorsal digital nerves of hand
59714|under nerve
59715|dorsal digital nerves of deep fibular nerve
59715|under nerve
59716|dorsal digital nerves of superficial fibular nerve
59716|under nerve
59717|dorsal digital nerves of ulnar nerve
59717|under nerve
59718|dorsal digital nerves of foot
59718|under nerve
59719|common palmar digital nerves
59719|under nerve
59720|proper palmar digital nerves
59720|under nerve
59721|common plantar digital nerves
59721|under nerve
59722|proper plantar digital nerves
59722|under nerve
59726|pelvic splanchnic nerves
59726|under nerve
59749|intercostal nerves
59749|under nerve
59750|intercostobrachial nerves
59750|under nerve
59759|anterior labial nerves
59759|under nerve
59760|posterior labial nerves
59760|under nerve
59766|lumbar nerves [L1–L5]
59766|under nerve
59795|lesser palatine nerves
59795|under nerve
59799|perineal nerves
59799|under nerve
59807|accessory phrenic nerves
59807|under nerve
59816|sensory root of pterygopalatine ganglion
59819|inferior anal nerves
59819|under nerve
59821|sacral nerves [S1–S5]
59821|under nerve
59824|anterior scrotal nerves
59824|under nerve
59825|posterior scrotal nerves
59825|under nerve
59828|sensory root of pterygopalatine ganglion
59829|spinal nerves
59829|under nerve
59831|lumbar splanchnic nerves
59831|under nerve
59832|pelvic splanchnic nerves
59832|under nerve
59833|sacral splanchnic nerves
59833|under nerve
59843|subscapular nerves
59843|under nerve
59851|deep temporal nerves
59851|under nerve
59854|thoracic nerves [T1–T12]
59854|under nerve
59866|vaginal nerves
59866|under nerve
59868|vascular nerves
59868|under nerve
59643|neurimotility
59645|neurimotor
27348|functional dyspepsia2
51067|neurohypophysis
65937|optic part of retina
89332|systema nervosum
94984|inner layer of eyeball
59651|nerve
59652|abducent nerve [CN VI]
59653|accessory nerve [CN XI]
59654|vestibulocochlear nerve [CN VIII]
59657|inferior alveolar nerve
59658|anterior ampullary nerve
59659|lateral ampullar nerve
59660|posterior ampullary nerve
59663|anococcygeal nerve
59664|anterior interosseous nerve
59665|posterior interosseous nerve
59666|articular nerve
59668|great auricular nerve
59669|posterior auricular nerve
59670|auriculotemporal nerve
59671|autonomic nerve
59672|axillary nerve
59673|buccal nerve
59674|nerve of pterygoid canal
59676|inferior cervical cardiac nerve
59677|middle cervical cardiac nerve
59678|superior cervical cardiac nerve
59681|internal carotid nerve
59685|transverse cervical nerve
59686|short ciliary nerve
59687|long ciliary nerve
59691|coccygeal nerve [Co]
59692|cochlear nerve
59693|sural communicating branch of common fibular nerve
59694|sural communicating branch of common fibular nerve
59696|anterior nerve of lesser curvature
59697|posterior nerve of lesser curvature
59698|cutaneous nerve
59699|lateral cutaneous nerve of forearm
59700|medial cutaneous nerve of forearm
59701|posterior cutaneous nerve of forearm
59702|inferior lateral cutaneous nerve of arm
59703|upper lateral cutaneous nerve of arm
59704|medial cutaneous nerve of arm
59705|posterior cutaneous nerve of arm
59706|intermediate dorsal cutaneous nerve
59707|lateral dorsal cutaneous nerve
59708|medial dorsal cutaneous nerve
59709|lateral cutaneous nerve of thigh
59710|posterior cutaneous nerve of thigh
59711|perforating cutaneous nerve
59712|lateral sural cutaneous nerve
59713|medial sural cutaneous nerve
59723|dorsal nerve of clitoris
59724|dorsal nerve of penis
59725|dorsal scapular nerve
59727|anterior ethmoidal nerve
59728|posterior ethmoidal nerve
59729|facial nerve [CN VII]
59730|femoral nerve
59731|common fibular nerve
59732|deep fibular nerve
59733|superficial fibular nerve
59734|frontal nerve
59735|fourth lumbar nerve [L4]
59736|genitofemoral nerve
59737|glossopharyngeal nerve [CN IX]
59738|inferior gluteal nerve
59739|superior gluteal nerve
59741|hypogastric nerve
59742|hypoglossal nerve [CN XII]
59743|iliohypogastric nerve
59744|ilioinguinal nerve
59745|iliohypogastric nerve
59746|terminal filum
59747|infraorbital nerve
59748|infratrochlear nerve
59751|intermediate nerve
59752|anterior interosseous nerve
59753|posterior interosseous nerve
59754|crural interosseous nerve
59755|posterior interosseous nerve
59756|posterior interosseous nerve
59757|sciatic nerve
59758|jugular nerve
59761|lacrimal nerve
59762|inferior laryngeal nerve
59763|recurrent laryngeal nerve
59764|superior laryngeal nerve
59765|lingual nerve
59767|mandibular nerve [CN V3]
59768|masseteric nerve
59769|maxillary nerve [CN V2]
59770|nerve to external acoustic meatus
59771|median nerve
59772|mental nerve
59773|mixed nerve
59774|motor nerve
59775|nerve to obturator internus
59776|nerve to piriformis
59777|nerve to quadratus femoris
59778|nerve to tensor tympani (muscle)
59779|nerve to tensor veli palatini (muscle)
59780|musculocutaneous nerve
59781|nerve to mylohyoid
59782|nasociliary nerve
59783|nasopalatine nerve
59785|obturator nerve
59786|accessory obturator nerve
59787|greater occipital nerve
59788|lesser occipital nerve
59789|third occipital nerve
59790|vestibulocochlear nerve [CN VIII]
59791|oculomotor nerve [CN III]
59792|olfactory nerves [CN I]
59792|under nerve
59793|ophthalmic nerve [CN V1]
59794|optic nerve [CN II]
59796|greater palatine nerve
59797|lateral pectoral nerve
59798|medial pectoral nerve
59800|common fibular nerve
59801|deep fibular nerve
59802|superficial fibular nerve
59803|greater petrosal nerve
59804|lesser petrosal nerve
59805|deep petrosal nerve
59806|pharyngeal nerve
59808|phrenic nerve
59809|pineal nerve
59810|lateral plantar nerve
59811|medial plantar nerve
59812|superior hypogastric (nerve) plexus
59813|pterygoid nerve
59814|nerve to lateral pterygoid
59815|nerve to medial pterygoid
59817|pudendal nerve
59818|radial nerve
59820|saccular nerve
59822|saphenous nerve
59823|sciatic nerve
59826|sensory nerve
59827|genital branch of genitofemoral nerve
59830|meningeal branch of mandibular nerve
59834|least splanchnic nerve
59835|greater splanchnic nerve
59836|lesser splanchnic nerve
59837|nerve to stapedius muscle
59838|vestibulocochlear nerve [CN VIII]
59839|subclavian nerve
59840|subcostal nerve
59841|sublingual nerve
59842|suboccipital nerve
59844|intermediate supraclavicular nerve
59845|lateral supraclavicular nerve
59846|medial supraclavicular nerve
59847|supraorbital nerve
59848|suprascapular nerve
59849|supratrochlear nerve
59850|sural nerve
59852|tentorial nerve
59853|terminal nerve
59855|long thoracic nerve
59856|thoracodorsal nerve
59857|tibial nerve
59858|transverse cervical nerve
59859|transverse cervical nerve
59860|trigeminal nerve [CN V]
59861|trochlear nerve [CN IV]
59862|tympanic nerve
59863|ulnar nerve
59864|utricular nerve
59865|utriculoampullar nerve
59867|vagus nerve [CN X]
59869|vertebral nerve
59870|vestibular nerve
59871|vestibulocochlear nerve [CN VIII]
59872|zygomatic nerve
59884|network1
47257|karyosome
59889|urtica
1968|ocular albinism type 1
59890|net
59890|rete1
7294|thyroid ima artery
30480|fructose 6-phosphate
87329|Neufeld reaction
87329|quellung phenomenon
87329|quellung reaction1
87329|quellung test
76197|Neufeld capsular swelling
25684|pemphigus vegetans1
8964|cerebrospinal axis
21267|ganglion ridge
21267|ganglionic crest
22414|ependymal cyst
34320|medullary folds
38554|medullary groove
48443|cerebral layer of retina
65938|neurohypophysis
69557|medullary plate
80611|neuromere
94405|medullary tube
59922|neurodynia
59927|geniculate neuralgia
3235|acute brachial radiculitis
3235|brachial neuritis
3235|brachial plexitis
3235|brachial plexus neuropathy
3235|Parsonage-Turner syndrome
3235|shoulder-girdle syndrome
59952|prehemataminic acid
59953|sialidase
59956|lamina of vertebral arch
59971|neurotension
59972|neuroectomy
59978|neuroepithelium
59980|spermine
59981|neurolemma
59981|sheath of Schwann
15750|Schwann cells
59982|schwannoma
59987|nervimotility
59988|nervimotor
59993|neuropathy
60030|chondroitin sulfate proteoglycan 3
46408|neurocentral synchondrosis
87244|neurocentral synchondrosis
87522|neurocentral joint
87522|neurocentral suture
60034|neurokeratin
60037|odogenesis
6923|intracranial granulomatous arteritis
60038|brain box
60038|braincase
60038|cranial vault
60038|cranium cerebrale
60038|cerebral cranium
60042|neuron
60045|dendrite1
60046|dendrite1
60049|neuralgia
46548|neurosomatic junction
60052|neurectomy
15751|paraneurone
15753|neuroepithelium
48444|external nuclear layer of retina
48444|stratum neuroepitheliale retinae
60058|neurepithelium
60058|neuroepithelial cells
60063|autonomic nerve fibers
60063|under fiber
60064|postganglionic fibers
60064|under fiber
60065|preganglionic fibers
60065|under fiber
60066|somatic nerve fibers
60066|under fiber
60070|fibroneuroma
60078|ganglion1
60081|neurogenous
10558|neuropathic bladder
60082|neurogenic1
60083|reticulum2
60083|glia
60083|Kölliker reticulum
60086|gliomatosis
60091|histoneurology
93323|neurotransmission
12666|neurohypophysial diverticulum
26276|neurohypophysial bud
60094|lobus nervosus
60094|lobus posterior hypophyseos
60094|pars nervosa hypophyseos
60094|nervous lobe
60094|neural part of hypophysis
60094|posterior lobe of hypophysis
60097|neurochitin
60100|lathyrism
60101|neurilemma
15755|Schwann cells
60104|neuroleptic agent
1690|neuroleptic
60110|neurotoxin1
60127|encephalomere
60127|neural segment
60127|neurotome2
46549|myoneural junction
83748|Kühne spindle
83748|muscle spindle
60134|myeloneuritis
60135|Devic disease
60139|nerve cell
60139|neurocyte
60139|neurone
42556|hyperganglionosis
42556|neuronal intestinal dysplasia
27417|neuronal hyperplasia
132|cortical dysplasia
60165|neuron
46791|neurotrophic keratitis
60182|neuropathy
7618|neuropathic joint
10559|neurogenic bladder
46409|Charcot arthropathy
46409|Charcot joint
46409|neuropathic arthropathy
60187|neuritis2
60187|neuropathia
60219|neurotropic
60228|axon terminals
60228|under terminal
60241|psychopharmacology
60245|papilloretinitis
60249|nerve suture
60249|neurosuture
60253|schwannoma
60258|neurotic disorder
46550|neuroectodermal junction
60281|neurovisceral
60283|pink bread mold
60289|neurorrhaphy
63214|Golgi tendon organ
83749|Golgi tendon organ
60299|neurectasis
60301|nerve papilla
26030|neurosis
60308|neuromere
60313|neurolysin
60314|neurohumoral transmission
60318|neurotrosis
8465|trophoneurotic atrophy
46792|neuroparalytic keratitis
60323|neurophilic
60325|neurotrauma2
60330|neurovisceral
60332|neurosplanchnic
60332|neurovegetative
28404|noble gases
28404|under gas
25685|Dorfman-Chanarin syndrome
62122|neutroclusion
62122|normal occlusion2
64191|indifferent oxide
60341|toluylene red
84460|salt dye
90688|protection test
60343|neutral occlusion2
60346|neutrophilic leukopenia
60346|neutrophilopenia
3927|agranulocytosis
31747|interleukin-8
31746|interleukin-8
60357|neutrophilic leukocytosis
60358|neutrophilous
49099|neutrophilia
49157|neutropenia
60359|neutropenia
60360|neutrophilic2
60363|nevus cell
2753|Brushfield-Wyatt disease
60365|juvenile xanthogranuloma
60366|mole1
60369|spider angioma
60377|cavernous angioma
15757|nevocyte
60385|port-wine stain
60400|mole2
60401|hairy mole
60402|Jadassohn nevus
60404|spilus
60409|linear epidermal nevus
60411|capillary hemangioma
38652|neoplasm
48706|mucocutaneous leishmaniasis
60418|neonatal
60418|neonate
25686|pseudofowl pest
25686|Ranikhet disease
98971|avian pneumoencephalitis virus
98971|ND virus
48227|law of gravitation
96|chromatic aberration
60423|gap junction
88605|cellular immunodeficiency with abnormal immunoglobulin synthesis
5097|nerve growth factor antiserum
60432|amino-terminal
60434|nicotinic acid
60435|nicotinamide
90690|Kveim test
25687|venereal lymphogranuloma
60450|niacinamide
60450|nicotinic acid amide
60458|anti–black-tongue factor
60458|antipellagra factor
60458|niacin
60458|pellagra-preventing factor
60458|vitamin PP
60459|nicotinamide
60461|nictitation
53958|plica semilunaris of conjunctiva2
83235|spasmus nictitans
83235|winking spasm
60463|nictation
60467|entactin
60469|nidus hirundinis
60470|nidus avis
25688|Niemann-Pick disease
15761|Pick cell
25689|Niemann disease
25689|sphingomyelin lipidosis
10723|nyctalopia
64451|nyctalgia
81781|hemeralopia
60479|pavor nocturnus
60479|sleep terror
99183|scotopic vision
60482|black tongue
23476|delusion of negation
25691|lipoid nephrosis
32704|Q fever
76200|triketohydrindene reaction
59494|glossopharyngeal nerve [CN IX]
60494|papilla mammae
60494|mammilla2
60494|papilla of breast
60494|teat1
60494|thele
60494|thelium3
50455|mammillary line
35715|Nissen operation
62874|Nissen fundoplication
11030|Nissl substance
38310|Nissl substance
86033|basophil substance
86033|basophilic substance
86033|chromophil substance
86033|Nissl bodies
86033|Nissl granules
86033|substantia basophilia
86033|tigroid bodies
86033|tigroid substance
48445|Nitabuch membrane
53959|Nitabuch layer
53959|Nitabuch stria
85529|Nitabuch membrane
60503|potassium nitrate
64803|potassium nitrate paper
64803|saltpeter paper
60505|diosgenin
60518|nitrohydrochloric acid
60522|pyroxylin
60523|chloropicrin
60538|heavy nitrogen
60540|nitrogen partition
60530|nitrous oxide
58804|rapture of the deep
60544|nitrogen distribution
60545|1
60545|2
60545|3-propanetriol trinitrate
60545|glyceryl trinitrate
60545|trinitroglycerin
60546|aqua regia
60546|aqua regalis
60546|nitrimuriatic acid
60547|mannitol hexanitrate
60559|dinitrogen monoxide
60559|nitrogen monoxide
60560|picric acid
15762|natural killer cells
60574|N-methyl d-aspartic acid
88606|Pfeiffer syndrome
28405|noble metal
36351|inert gases
36351|neutral elements
54598|noble element
22789|Desmarres dacryoliths
60595|Streptomyces gibsonii
60605|nocardiosis
60609|nocardiasis
76847|flexor reflex
60620|scotograph
60621|nycturia
2684|nyctalopia
29526|bed-wetting
10163|atrioventricular junctional bigeminy
11722|atrioventricular junctional rhythm
32705|erythema nodosum
70602|axial point
78382|atrioventricular junctional rhythm
83236|salaam attack
83236|salaam spasm
83236|spasmus nutans1
60624|nodus
60626|atrioventricular node
60630|proximal deep inguinal lymph node
60650|lymph node of ligamentum arteriosum
60746|colic lymph nodes
60746|under lymph node
60747|accessory lymph nodes
60747|under lymph node
60742|preaortic lymph nodes
60742|under lymph node
60758|abdominal lymph nodes (parietal and visceral)
60758|under lymph node
60759|visceral lymph nodes of abdomen
60759|under lymph node
60760|accessory lymph nodes
60760|under lymph node
60761|pararectal lymph nodes
60761|under lymph node
60763|anterior jugulo-omohyoid lymph nodes
60763|under lymph node
60764|lateral aortic lymph nodes
60764|under lymph node
60765|appendicular lymph nodes
60765|under lymph node
60767|axillary lymph nodes
60767|under lymph node
60768|pectoral axillary lymph nodes
60768|under lymph node
60769|apical axillary lymph nodes
60769|under lymph node
60770|central axillary lymph nodes
60770|under lymph node
60771|humeral axillary lymph nodes
60771|under lymph node
60772|humeral axillary lymph nodes
60772|under lymph node
60775|pectoral axillary lymph nodes
60775|under lymph node
60773|subscapular axillary lymph nodes
60773|under lymph node
60774|subscapular axillary lymph nodes
60774|under lymph node
60776|brachial lymph nodes
60776|under lymph node
60777|brachiocephalic lymph nodes
60778|bronchopulmonary lymph nodes
60778|under lymph node
60780|lymph nodes of head and neck
60780|under lymph node
60781|lateral caval lymph nodes
60781|under lymph node
60782|superior mesenteric lymph nodes
60782|under lymph node
60783|anterior cervical lymph nodes
60783|under lymph node
60784|deep anterior cervical lymph nodes
60784|under lymph node
60785|superficial anterior cervical lymph nodes
60785|under lymph node
60786|lateral cervical lymph nodes
60786|under lymph node
60787|deep lateral cervical lymph nodes
60787|under lymph node
60788|superficial lateral cervical lymph nodes
60788|under lymph node
60789|celiac lymph nodes
60789|under lymph node
60790|right colic lymph nodes
60790|under lymph node
60791|middle colic lymph nodes
60791|under lymph node
60792|left colic lymph nodes
60792|under lymph node
60793|anterior cervical lymph nodes
60793|under lymph node
60794|lateral cervical lymph nodes
60794|under lymph node
60795|cubital lymph nodes
60795|under lymph node
60797|deltopectoral lymph nodes
60797|under lymph node
60798|inferior epigastric lymph nodes
60798|under lymph node
60799|facial lymph nodes
60799|under lymph node
60802|right gastric lymph nodes
60802|under lymph node
60803|left gastric lymph nodes
60803|under lymph node
60804|right gastroomental lymph nodes
60804|under lymph node
60805|left gastroomental lymph nodes
60805|under lymph node
60807|hepatic lymph nodes
60807|under lymph node
60808|humeral axillary lymph nodes
60808|under lymph node
60809|ileocolic lymph nodes
60809|under lymph node
60810|common iliac lymph nodes
60810|under lymph node
60811|promontorial common iliac lymph nodes
60811|under lymph node
60812|external iliac lymph nodes
60812|under lymph node
60813|internal iliac lymph nodes
60813|under lymph node
60814|infraauricular deep parotid lymph nodes
60814|under lymph node
60815|infrahyoid lymph nodes
60815|under lymph node
60819|intercostal lymph nodes
60819|under lymph node
60820|interiliac lymph nodes
60820|under lymph node
60821|interpectoral lymph nodes
60821|under lymph node
60822|intraglandular deep parotid lymph nodes
60822|under lymph node
60823|intrapulmonary lymph nodes
60823|under lymph node
60824|superficial anterior cervical lymph nodes
60824|under lymph node
60825|lateral cervical lymph nodes
60825|under lymph node
60828|juxtaesophageal lymph nodes
60828|under lymph node
60829|juxtaesophageal lymph nodes
60829|under lymph node
60830|juxtaintestinal mesenteric lymph nodes
60830|under lymph node
60834|splenic lymph nodes
60834|under lymph node
60836|lingual lymph nodes
60836|under lymph node
60837|lumbar lymph nodes
60837|under lymph node
60838|right lumbar lymph nodes
60838|under lymph node
60839|intermediate lumbar lymph nodes
60839|under lymph node
60840|left lumbar lymph nodes
60840|under lymph node
60843|mastoid lymph nodes
60843|under lymph node
60844|brachiocephalic lymph nodes
60845|prevertebral lymph nodes
60845|under lymph node
60846|lymph nodes of lower limb
60846|under lymph node
60847|lymph nodes of upper limb
60847|under lymph node
60848|mesenteric lymph nodes
60848|under lymph node
60849|inferior mesenteric lymph nodes
60849|under lymph node
60850|superior mesenteric lymph nodes
60850|under lymph node
60851|mesocolic lymph nodes
60851|under lymph node
60853|obturator lymph nodes
60853|under lymph node
60854|occipital lymph nodes
60854|under lymph node
60855|pancreatic lymph nodes
60855|under lymph node
60856|pancreaticoduodenal lymph nodes
60856|under lymph node
60857|pancreaticosplenic lymph nodes
60857|under lymph node
60858|pancreaticosplenic lymph nodes
60858|under lymph node
60859|paracolic lymph nodes
60859|under lymph node
60860|paramammary lymph nodes
60860|under lymph node
60861|pararectal lymph nodes
60861|under lymph node
60862|parasternal lymph nodes
60862|under lymph node
60863|paratracheal lymph node
60864|parauterine lymph nodes
60864|under lymph node
60865|paravaginal lymph nodes
60865|under lymph node
60866|paravesical lymph nodes
60866|under lymph node
60867|parietal lymph nodes of abdomen
60867|under lymph node
60868|deep parotid lymph nodes
60868|under lymph node
60869|infraauricular deep parotid lymph nodes
60869|under lymph node
60870|intraglandular deep parotid lymph nodes
60870|under lymph node
60871|preauricular deep parotid lymph nodes
60871|under lymph node
60872|superficial parotid lymph nodes
60872|under lymph node
60873|pectoral axillary lymph nodes
60873|under lymph node
60874|pelvic lymph nodes
60874|under lymph node
60875|lateral pericardial lymph nodes
60875|under lymph node
60876|inferior phrenic lymph nodes
60876|under lymph node
60877|superior phrenic lymph nodes
60877|under lymph node
60878|popliteal lymph nodes
60878|under lymph node
60879|postaortic lymph nodes
60879|under lymph node
60880|postcaval lymph nodes
60880|under lymph node
60881|preaortic lymph nodes
60881|under lymph node
60882|prececal lymph nodes
60882|under lymph node
60883|precaval lymph nodes
60883|under lymph node
60884|prelaryngeal lymph nodes
60884|under lymph node
60885|prepericardial lymph nodes
60885|under lymph node
60886|pretracheal lymph nodes
60886|under lymph node
60887|prevertebral lymph nodes
60887|under lymph node
60889|inferior deep lateral cervical lymph nodes
60889|under lymph node
60890|inferior deep lateral cervical lymph nodes
60890|under lymph node
60891|superior deep lateral cervical lymph nodes
60891|under lymph node
60892|superior deep lateral cervical lymph nodes
60892|under lymph node
60893|deep lymph nodes of upper limb
60893|under lymph node
60894|promontorial common iliac lymph nodes
60894|under lymph node
60895|intrapulmonary lymph nodes
60895|under lymph node
60896|pyloric lymph nodes
60896|under lymph node
60897|superior rectal lymph nodes
60897|under lymph node
60899|regional lymph nodes
60899|under lymph node
60900|postaortic lymph nodes
60900|under lymph node
60901|postcaval lymph nodes
60901|under lymph node
60902|retrocecal lymph nodes
60902|under lymph node
60903|retropharyngeal lymph nodes
60903|under lymph node
60904|retropyloric lymph nodes
60904|under lymph node
60906|sacral lymph nodes
60906|under lymph node
60907|sigmoid lymph nodes
60907|under lymph node
60908|splenic lymph nodes
60908|under lymph node
60909|subaortic lymph nodes
60909|under lymph node
60910|submandibular lymph nodes
60910|under lymph node
60911|submental lymph nodes
60911|under lymph node
60912|subpyloric lymph nodes
60912|under lymph node
60913|subscapular axillary lymph nodes
60913|under lymph node
60914|superficial lymph nodes of upper limb
60914|under lymph node
60915|central superior mesenteric lymph nodes
60915|under lymph node
60916|supraclavicular lymph nodes
60916|under lymph node
60918|supratrochlear lymph nodes
60918|under lymph node
60919|thoracic lymph nodes
60919|under lymph node
60920|thyroid lymph nodes
60920|under lymph node
60923|inferior tracheobronchial lymph nodes
60923|under lymph node
60924|superior tracheobronchial lymph nodes
60924|under lymph node
60926|visceral lymph nodes
60926|under lymph node
36180|inferior ganglion of vagus nerve
78207|rheumatoid arthritis
32912|Mahaim fibers
3198|amyloid tumor
3198|focal amyloidosis
32285|pseudosarcomatous fasciitis
40974|clear cell hidradenoma
48869|tuberculoid leprosy
51960|follicular lymphoma
41118|generalized eruptive histiocytoma
62715|coin lesion of lungs
64702|Pette-Döring disease
42558|nodular transformation of the liver
80249|atherosclerosis
93261|nodular regenerative hyperplasia
94569|erythema induratum
60684|nodulus1
60723|nodules of semilunar cusps
60722|noduli valvularum semilunarium
60722|Arantius nodule
60722|Bianchi nodule
60722|corpus arantii
60722|Morgagni nodule
60722|nodule of semilunar valve
60735|aggregated lymphoid nodules of appendix
60735|under nodule
60736|aggregated lymphoid nodules of the small intestine
60736|under nodule
60737|solitary lymphoid nodules
60737|under nodule
60738|nodules of semilunar cusps
60738|under nodule
60732|nodule
60733|carotid body
60734|lymphoid nodule
60739|node
60740|atrioventricular node
60741|buccal lymph node
60745|lymph node
60757|lymph node
60762|anterior jugulodigastric lymph node
60766|lymph node of arch of azygos vein
60779|buccal lymph node
60796|cystic lymph node
60800|fibular lymph node
60801|lymph node of anterior border of omental foramen
60817|proximal deep inguinal lymph node
60826|jugulodigastric lymph node
60827|juguloomohyoid lymph node
60831|intermediate lacunar lymph node
60832|lateral lacunar lymph node
60833|medial lacunar lymph node
60835|lymph node of ligamentum arteriosum
60841|malar lymph node
60842|mandibular lymph node
60852|nasolabial lymph node
60898|middle rectal lymph node
60917|suprapyloric lymph node
60744|anterior tibial lymph node
60921|anterior tibial lymph node
60922|posterior tibial lymph node
60743|sinuatrial node
60931|vital knot
60931|vital node
39496|boilermaker's hearing loss
39496|industrial hearing loss
39496|occupational hearing loss
60938|cancrum oris
60938|stomatonecrosis
60938|water canker
5429|amnestic aphasia
5429|amnesic aphasia
5429|anomia
5429|anomic aphasia
60945|nomograph2
60952|nomogram
40373|NANB hepatitis
14369|bronchogenic carcinoma
30460|basic esotropia
29054|abacterial thrombotic endocarditis
29054|cachectic endocarditis
29054|terminal endocarditis
29054|thromboendocarditis
29055|Libman-Sacks endocarditis
60961|acellular1
60961|subcellular
65026|chemodectoma
60962|Runyon group III mycobacteria
68071|malignant hyperphenylalaninemia
41891|obstructive hydrocephalus
54053|implicit memory
37913|nonhyperglycemic glycosuria
60970|nonoestrogenic
5430|motor aphasia
49068|agranular leukocyte
37914|nondiabetic glycosuria
37914|orthoglycemic glycosuria
60972|aphylaxis
14368|lobular carcinoma in situ
14368|lobular neoplasia
1694|low osmolar contrast agent
42350|hyperosmolar (hyperglycemic) nonketotic coma
11286|woven bone
41119|Letterer-Siwe disease
60977|unmyelinated
32913|unmyelinated fibers
60978|unmyelinated
10560|Hinman syndrome
8236|adhesive atelectasis
60982|nonestrogenic
5454|conversion aphonia
33162|fibrous cortical defect
54203|anovular menstruation
60986|nulliparous
41808|appendix of testis
46906|lamellar keratoplasty
46906|layered keratoplasty
27943|brawny edema
82832|fat solvents
4752|nonprecipitating antibody
4753|nonprecipitable antibody
53412|over-the-counter medication
60531|rest nitrogen
53142|assortative mating
23833|endogenous depression
84746|fetal distress
92372|immunologic tolerance
19940|stress-broken connector
19940|stress-broken joint
18682|termination codon
58070|suppressor mutation
88607|Ganser syndrome
36698|asexual generation
3710|negative anergy
17121|cholinesterase
89334|reticular activating system
91372|phlogotherapy
95969|simple urethritis
96556|bacterial vaginosis
74207|purpura simplex
58133|atypical mycobacteria
61001|avascular
89190|endemic syphilis
73930|necrotic pulp
61008|norepinephrine
61009|norepinephrine bitartrate
61010|norepinephrine bitartrate
86654|fuming sulfuric acid
61011|levarterenol
61011|noradrenaline
61012|levarterenol bitartrate
61012|noradrenaline acid tartrate
61012|noradrenaline bitartrate
61015|glycoleucine
61017|aspect
61017|profile1
61017|projection
61018|facial aspect
61019|external surface of cranial base
61020|facial aspect
61021|facial aspect
61022|external surface of cranial base
61023|lateral aspect
61024|occipital aspect
61025|occipital aspect
61027|superior aspect
61028|lateral aspect
61029|external surface of cranial base
61030|superior aspect
4754|natural antibody
10510|normal occlusion1
100147|Hand-Schüller-Christian disease
26208|gaussian curve
26208|gaussian distribution
39463|acusis
2004|dried human albumin
62123|neutral occlusion1
62123|normal bite
63067|common opsonin
63067|thermolabile opsonin
41892|occult hydrocephalus
37409|low-tension glaucoma
61042|mesocephalic
61045|normoerythrocyte
61047|normocyte
61048|euglycemia
61049|euglycemic
37915|renal glycosuria
65112|sodium-responsive periodic paralysis
61054|normotonic2
61056|normotensive
61056|eutonic
61065|octopamine
61066|octopamine
46074|Norwegian scabies
79784|crusted scabies
79784|Norway itch
61071|l-α-narcotine
61071|opianine
61072|nasus2
76849|orbicularis oculi reflex
76850|orbicularis oculi reflex
61083|epistaxis
61092|geomedicine
70377|hospital-acquired pneumonia
61095|pathogenic
61096|geomedicine
61101|nosonomy
61101|nosotaxy
61106|nosology
61108|pathophobia
61110|pathogenic
61112|nosology
61121|naris
61126|hereditary localized pruritus
61130|incisura
61130|emargination
61130|incisure
61171|incisura ligamenti teretis hepatis
61171|incisura umbilicalis
61171|notch for round ligament of liver
61171|umbilical notch
61188|notch for ligamentum teres
61145|incisura cartilaginis meatus acustici
61145|Duverney fissures
61145|incisura santorini
61145|Santorini fissures
61145|Santorini incisures
61139|notch of cardiac apex
61142|incisura apicis cordis
61142|notch of apex of heart
61200|tentorial notch
61207|emarginate
92572|Hutchinson teeth
10724|musical alexia
25694|reportable disease
61210|chorda dorsalis
61214|aliment1
61218|phorbol-12-myristate-13-acetate-induced protein
44935|isophane insulin
11032|nucleosome
61238|nape
32067|fascia nuchae
49650|ligamentum nuchae
77193|posterior cervical region
94533|vertebra prominens
26277|processus vaginalis of peritoneum
41878|hydrocele feminae
1764|syncytial knot
15005|hard cataract
29529|caryotheca
29529|karyotheca
29529|nuclear membrane
41771|karyolymph
46201|kernicterus
48446|strata nuclearia externa et interna retinae
43591|magnetic resonance imaging
92411|magnetic resonance imaging
53960|nuclear envelope
79613|karyolymph
83750|mitotic spindle
29142|endonuclease Serratia marcescens
61304|accessory nuclei of optic tract
61328|anterior nuclei of thalamus
61353|basal nuclei
61368|nuclei of perizonal fields
61382|cerebellar nuclei
61385|cochlear nuclei
61385|nuclei nervi cochlearis
61388|nuclei of inferior colliculus
61391|medial geniculate nuclei
61392|nuclei of mammillary body
61395|nuclei of trapezoid body
61498|interstitial nuclei of anterior hypothalamus
61501|intralaminar nuclei of thalamus
61532|nuclei of lateral lemniscus
61546|medial nuclei of thalamus
61581|nuclei cochleares
61588|vestibulocochlear nuclei
61397|nucleus nervi cranialis
61476|nuclei colliculi inferioris
61517|nuclei lemnisci lateralis
61538|nucleus corporis mammillaris lateralis
61538|nucleus corporis mammillaris medialis
61538|nuclei corporis mammillaris
61602|nucleus originis
61602|motor nuclei
61637|nuclei camporum perizonalium
61721|nuclei tractus solitarii
61771|nuclei corporis trapezoidei
61607|parabrachial nuclei
61628|periolivary nuclei
61643|pontine nuclei
61673|pretectal nuclei
61681|pulvinar nuclei
61685|raphe nuclei
61691|reticular nuclei of mesencephalon
61692|reticular nuclei of pons
61763|tegmental nuclei
61770|nuclei of solitary tract
61778|tuberal nuclei
61782|ventral nuclei of thalamus
61806|ventrobasal complex
61812|vestibular nuclei
41798|anneal5
61256|nucleoid1
61259|karyolymph
61260|karyolymph
61263|nucleiform
61263|nucleus2
63261|nucleolar zone
63261|nucleolus organizer
100502|nucleolar organizer
61267|nucleoloid
61268|nucleoliform
63262|nucleolar organizer
61273|karyomicrosome
61276|nucleophilic1
61277|nucleophil2
61278|nucleotidases
61279|karyolymph
64471|base pair
61293|nu body
61295|nucleophosphatases
61296|mononucleotide
23424|point deletion2
61302|karyon
61311|posterior nucleus of vagus nerve
61313|ambiguus nucleus
61314|amygdaloid body
61315|basolateral amygdaloid nucleus
61316|basomedial amygdaloid nucleus
61317|central amygdaloid nucleus
61318|cortical amygdaloid nucleus
61319|interstitial amygdaloid nucleus
61320|lateral amygdaloid nucleus
61321|medial amygdaloid nucleus
61323|nucleus of the ansa lenticularis
61327|anterior nucleus of trapezoid body
61329|anterior hypothalamic nucleus
61336|anterodorsal nucleus of thalamus
61340|anteromedial nucleus of thalamus
61342|anteroventral nucleus of thalamus
61346|arcuate nucleus
61347|arcuate nucleus1
61348|arcuate nucleus2
61349|arcuate nucleus of thalamus
61355|basal nucleus of Ganser
61366|nucleus of dorsal field
61367|nucleus of medial field
61369|nucleus of ventral field
61372|caudate nucleus
61376|central lateral nucleus of thalamus
61377|Bechterew nucleus2
61380|centromedian nucleus
61389|nucleus of posterior commissure
61393|nuclei of mammillary body
61394|nuclei of mammillary body
61400|cuneate nucleus
61401|accessory cuneate nucleus
61403|cuneate nucleus
61402|cuneate nucleus
61405|cuneiform nucleus
61409|dentate nucleus of cerebellum
61414|dorsal nucleus of thalamus
61416|dorsal nucleus
61417|dorsal lateral geniculate nucleus
61418|dorsal nucleus of trapezoid body
61419|dorsal nucleus
61420|lateral dorsal nucleus
61421|posterior nucleus of vagus nerve
61435|dorsomedial nucleus
61436|dorsomedial nucleus of hypothalamus
61440|emboliform nucleus
61442|endolemniscal nucleus
61444|endopeduncular nucleus
61447|facial nucleus
61449|gracile nucleus
61451|fastigial nucleus
61453|paraventricular nucleus [TA] of hypothalamus
61454|cuneate nucleus
61455|gracile nucleus
61457|nucleus pulposus
61461|gigantocellular nucleus of medulla oblongata
61463|globosus nucleus
61468|gracile nucleus
61472|lateral habenular nucleus
61473|medial habenular nucleus
61482|intercalated nucleus
61484|intermediolateral nucleus
61486|intermediomedial nucleus
61488|interpeduncular nucleus
61489|interpositus nucleus
61491|anterior interpositus nucleus
61492|posterior interpositus nucleus
61497|interstitial nucleus of medial longitudinal fasciculus
61499|interstitial nucleus
61512|lateral nucleus
61513|dentate nucleus of cerebellum
61514|lateral nucleus of trapezoid body
61515|lateral reticular nucleus
61516|lateral posterior nucleus
61535|lentiform nucleus
61536|nucleus of lens
61539|motor nucleus of trigeminal nerve
61551|medial nucleus
61552|medial central nucleus of thalamus
61553|fastigial nucleus
61554|medial nucleus of trapezoid body
61555|medial magnocellular nucleus
61556|medial dorsal nucleus [TA] of thalamus
61569|medial dorsal nucleus [TA] of thalamus
61570|medial ventral nucleus
61572|mesencephalic nucleus of trigeminal nerve
61576|motor nucleus of trigeminal nerve
61579|abducens nucleus
61580|nucleus of accessory nerve
61582|nuclei of cranial nerves
61583|facial nucleus
61584|hypoglossal nucleus
61585|oculomotor nucleus
61586|nucleus of phrenic nerve
61587|nucleus of trochlear nerve
61589|substantia nigra
61306|nucleus nervi accessorii
61399|cuneate nucleus
61415|nucleus campi dorsalis
61465|gracile nucleus
61475|hypoglossal nucleus
61533|nucleus lentis
61537|subthalamic nucleus
61547|nucleus campi medialis
61549|medial geniculate nuclei
61591|oculomotor nucleus
61641|nucleus nervi phrenici
61641|phrenic nucleus
61649|nucleus commissurae posterioris
61678|Onuf nucleus
61324|nucleus ansae lenticularis
61520|nucleus tractus olfactorii lateralis
61775|nucleus nervi trochlearis
61775|trochlear nucleus
61783|nucleus campi ventralis
61592|anterior olfactory nucleus
61593|medial accessory olivary nucleus
61594|dorsal accessory olivary nucleus
61595|inferior olivary nucleus
61596|principal olivary nucleus
61597|superior olivary nucleus
61598|lateral superior olivary nucleus
61599|medial superior olivary nucleus
61603|nuclei of origin
61605|parabigeminal nucleus
61608|lateral parabrachial nucleus
61609|medial parabrachial nucleus
61610|paracentral nucleus of thalamus
61613|paralemniscal nucleus
61616|paranigral nucleus
61618|parapeduncular nucleus
61620|paraventricular nucleus [TA] of hypothalamus
61623|lateral pericuneate nucleus
61624|medial pericuneate nucleus
61626|perifornical nucleus
61631|peripeduncular nucleus
61633|peritrigeminal nucleus
61634|arcuate nucleus1
61635|anterior periventricular nucleus
61645|pontobulbar nucleus
61646|posterior nucleus
61650|posterior hypothalamic nucleus
61652|posterior nucleus of hypothalamus
61655|posterior nucleus of vagus nerve
61665|dorsal premammillary nucleus
61666|ventral premammillary nucleus
61667|lateral preoptic nucleus
61668|medial preoptic nucleus
61669|median preoptic nucleus
61670|periventricular preoptic nucleus
61674|principal sensory nucleus of trigeminal nerve
61679|gelatinous nucleus
61679|nucleus gelatinosus
61679|vertebral pulp
61690|reticular nuclei of medulla oblongata
61693|caudal pontine reticular nucleus
61694|oral pontine reticular nucleus
61696|reticular nucleus of thalamus
61706|red nucleus
61707|sagulum nucleus
61709|inferior salivatory nucleus
61710|superior salivatory nucleus
61715|principal sensory nucleus of trigeminal nerve
61717|precommissural septal nucleus
61728|spinal nucleus of trigeminal nerve
61738|subcuneiform nucleus
61740|subhypoglossal nucleus
61741|subparabrachial nucleus
61744|subthalamic nucleus
61753|supralemniscal nucleus
61754|supramammillary nucleus
61758|supraoptic nucleus [TA] of hypothalamus
61760|fastigial nucleus
61762|pedunculopontine tegmental nucleus
61765|terminal nucleus
61768|posterior thoracic nucleus
61769|nucleus of the lateral olfactory tract
61779|tuberomammillary nucleus
61785|ventral principal nucleus
61786|ventral anterior nucleus [TA] of thalamus
61787|ventral lateral geniculate nucleus
61788|ventral intermediate nucleus [TA] of thalamus
61789|ventral intermediate nucleus [TA] of thalamus
61790|ventral posterior intermediate nucleus of thalamus
61791|ventrobasal complex
61792|ventral posterolateral nucleus [TA] of thalamus
61793|ventral posteromedial nucleus [TA] of thalamus
61810|ventromedial nucleus of hypothalamus
61813|inferior vestibular nucleus
61814|lateral vestibular nucleus
61815|medial vestibular nucleus
61816|superior vestibular nucleus
83131|outer tunnel of the organ of Corti
37183|anterior lingual gland
15764|killer cells
1168|undifferentiated cell adenoma
61827|nonparous
42705|hyperplasia
61862|nummular
61863|nummiform
23920|nummular eczema
27892|nummular dermatitis
84176|globular sputum
56539|venous hum
15765|Sertoli cells
61873|infection control nurse
28217|Malgaigne luxation
14566|baby bottle syndrome
67977|nutcracker syndrome
67977|left renal vein entrapment syndrome
88611|nutcracker phenomenon
61905|gall3
61905|galla
61905|oak apple
61906|myristica
62373|myristica oil
7298|humeral nutrient arteries
7295|arteria nutricia
7295|nutrient vessel
7296|femoral nutrient artery
7297|fibular nutrient artery
7299|arteria nutriens radii
7299|arteria nutricia radii
7300|tibial nutrient artery
7301|arteria nutricia ulnae
7301|arteria nutriens ulnae
13682|canalis nutricius
13682|canales nutriens
34610|foramen nutricium
53510|culture medium
97392|vena nutricia
98507|nutrient artery
61913|trophism2
3670|deficiency anemia
29271|trophodynamics
61915|alible
30086|physiologic equilibrium
61922|night pain
61923|day sight
61923|night blindness
61923|nocturnal amblyopia
61923|nyctanopia
61925|nyctalopia
61927|nyctohemeral
61929|nycterohemeral
61930|scotophilia
61931|scotophobia
61933|nocturia
86438|nymphohymenal sulcus
86438|sulcus nymphocaruncularis
86440|nymphocaruncular sulcus
61949|nystagmoid
61953|nystagmiform
90694|Bárány caloric test
