9397|A bands
25191|A bands
25191|under band
32731|nine mile fever
84490|quinacrine chromosome banding stain
45241|electromechanical systole
74600|charlatan
74601|charlatanism
14750|septal nasal cartilage
51132|quadrate lobe of liver2
51132|lobulus quadrangularis
51132|lobulus quadratus1
51132|quadrate lobule1
53992|membrana quadrangularis
53992|Tourtual membrane
83163|quadrilateral space
74604|quadrantic hemianopia
39906|quadrantanopia
49725|ligamentum quadratum
49725|Denucé ligament
51078|quadrangular lobule
51078|precuneus
51078|lobus quadratus hepatis
51133|quadrangular lobule
51133|precuneus
57023|musculus quadratus
57023|quadratus muscle
57024|quadratus lumborum (muscle)
57026|quadratus plantae (muscle)
57027|quadratus femoris (muscle)
57028|musculus quadratus labii superioris
65990|anterior portion of left medial segment IV of liver
57025|pronator quadratus (muscle)
94544|tuberculum quadratum
57030|musculus quadratus femoris
57030|quadrate muscle of thigh
57031|musculus quadratus lumborum
57031|lumbar quadrate muscle
57031|quadrate muscle of loins
74607|anterior layer of thoracolumbar fascia
57029|quadrate muscle
57032|musculus quadratus plantae
57032|flexor accessorius (muscle)
57032|musculus flexor accessorius
57032|accessory flexor muscle of foot
57032|caro quadrata sylvii
57032|musculus pronator pedis
57032|plantar quadrate muscle
57032|quadrate muscle of sole
74610|four-headed muscle
57033|musculus quadriceps femoris
57033|musculus quadriceps
57033|musculus quadriceps extensor femoris
57033|quadriceps muscle of thigh
57034|quadriceps femoris (muscle)
76900|patellar reflex
74612|tetracuspid
74613|tetradactyl
7397|collicular artery
11064|corpora quadrigemina
17880|cisterna quadrigeminalis
17880|cistern of great cerebral vein
17880|cisterna venae magnae cerebri
17880|Bichat canal
17880|cisternal quadrigeminalis
17880|superior cistern
47835|lamina of mesencephalic tectum
69576|lamina of mesencephalic tectum
74008|pulsus quadrigeminus
78384|quadrigeminy
74616|quadruplet
74617|quadrigeminal rhythm
83164|quadrangular space
74618|tetraparesis
76901|Brain reflex
74619|tetraplegia
74620|tetraplegic
74622|quartisect
74625|tetravalent
78385|trainwheel rhythm
74627|quadrigeminus
93161|categoric trait
16573|Levey-Jennings chart
42707|hyperplasia
26560|nanocrystal
28066|quantum yield
91291|Planck theory
100305|quantum efficiency
32732|malariae malaria
52410|malariae malaria
65276|Plasmodium malariae
74643|quadrisect
74645|false dominance
74645|pseudodominance
89192|parasyphilis
4201|parietal angle
95324|Australian tick typhus
67990|Neufeld capsular swelling
76225|Neufeld capsular swelling
76225|capsular precipitation reaction
90757|Neufeld capsular swelling
74657|meletin
74657|sophoretin
77560|autopolymer resin
54853|prothrombin test
90758|prothrombin test
74672|mercury
25746|Legg-Calvé-Perthes disease
87258|mattress suture
74677|cinchona
84491|Q-banding stain
74678|atabrine hydrochloride
74679|quinaldinic acid
74681|quinaldic acid
74682|cinchona
74009|Quincke sign
74131|lumbar puncture
82021|Quincke pulse
74689|kinic acid
74690|conquinine
77561|azuresin
74694|cinchonism
74698|chinoleine
74698|leucoline
74700|8-hydroxyquinoline
74704|1
74704|4-benzoquinone1
74705|NADPH dehydrogenase (quinone)
74706|d-epirhamnose
74707|pentadactyl
74709|pentavalent
74710|cinchona
32733|trench fever
76388|AMPA receptor
32734|quotidian malaria
52411|quotidian fever
