29581|α-dextrin endo-1
29581|6-α-glucosidase
31777|resistance plasmids
31777|under plasmid
69452|resistance plasmids
32735|tularemia
33166|Shope fibroma
99009|Shope fibroma virus
99010|myxomatosis virus
74745|hydrophobia
37498|rabies immunoglobulin
43746|rabies immune globulin (human)
31278|bilateral medial orbital ecchymoses
3876|cirsoid aneurysm
39732|cirsoid aneurysm
74759|spinal
74760|lumbar puncture
74761|spinal
74762|spinal
74765|lumbar puncture
74767|rachipagus
74768|spinal paralysis
74769|rachitome
74770|laminotomy
74771|rachiopagus
74772|vertebral column
74774|merorachischisis
74775|holorachischisis
74776|rickety
78986|beading of the ribs
74777|rickets
74778|rachitis intrauterina
74778|rachitis uterina
74781|rachitis fetalis
74782|osteomalacia
74785|rachiotome
74789|root amputation
74794|radialis
7398|arteria radialis
11460|margo radialis antebrachii
11460|lateral border of forearm
11460|margo lateralis antebrachii
12957|tendinous sheath of flexor pollicis longus muscle
7399|arteria collateralis radialis
49726|radial collateral ligament of elbow joint
49727|ligamentum collaterale radiale articulationis cubiti
49727|lateral ligament of elbow
49727|radial collateral ligament
49728|ligamentum collaterale carpi radiale articulationis radiocarpalis
49728|external collateral ligament of wrist
49728|lateral ligament of wrist
28629|eminentia carpi radialis
57035|flexor carpi radialis (muscle)
35102|fossa radialis humeri
38580|sulcus nervi radialis
38580|groove for radial nerve
38580|musculospiral groove
38580|spiral groove
39389|caput radiale musculi flexoris digitorum superficialis
7400|radialis indicis artery
59543|nervus radialis
59543|musculospiral nerve
60213|musculospiral paralysis
61186|incisura radialis
65991|lateral part of posterior (extensor) compartment of forearm
7402|arteria recurrens radialis
7402|recurrent radial artery
79907|radial sclerosing lesion
48949|radial scar
90144|de Quervain disease
94727|tuberositas radii
94727|bicipital tuberosity
94727|tuber radii
94727|tuberosity of radius
97456|venae radiales
74795|radial1
7401|arteria radialis indicis
7401|arteria volaris indicis radialis
7401|radial index artery
44974|luminous intensity
48484|stratum radiatum
49730|ligamentum carpi radiatum
49730|radiate ligament of wrist
21535|corona radiata
48485|stratum radiatum membranae tympani
49729|radiate ligament of head of rib
49731|ligamentum capitis costae radiatum
49731|ligamentum radiatum
49731|radiate ligament
49731|stellate ligament
49733|radiate carpal ligament
49732|ligamenta sternocostalia radiata
74799|radiation3
74800|acoustic radiation
74801|radiation of corpus callosum
74802|inferior thalamic peduncle
74803|optic radiation
74804|pyramidal radiation
74805|anterior thalamic radiation
74806|central thalamic radiation
74807|posterior thalamic radiation
74808|radiatio
58241|radiation myelopathy
58310|radiation myelitis
74819|radiatio corporis callosi
62597|radiotherapist
62599|radiotherapy
62599|therapeutic radiology
70661|radiation sickness
81735|radiation poisoning
74845|free radical
53093|tympanomastoidectomy
75058|roots of trigeminal nerve
75058|under root
75061|pelvic splanchnic nerves
75061|under nerve
74852|rhizotomy
22441|apical periodontal cyst
33388|root filaments
73932|root pulp
74857|rhizotomy
74858|radiculopathy
74862|rhizomeningomyelitis
74863|myeloradiculopathy
74865|radiculitis
74867|root amputation
75024|radii of lens
75025|hand rays
75025|under ray
75023|radii lentis
75023|lens stars1
75023|lens sutures
75026|foot rays
75026|under ray
74870|radioactive
74870|radius
74871|radio-2
19997|decay constant
90761|(null)I uptake test
92034|labeled thyroxine
92034|radiolabeled thyroxine
92034|radiothyroxin
74877|autoradiography
7774|wrist joint
46426|wrist joint
74885|pelvimetry
74895|radiopaque
74896|radiopacity
74912|roentgenogram
74912|roentgenograph
74912|x-ray3
81367|tram lines
81367|under line
74932|roentgenography
2007|iodinated(null)I serum albumin
92035|radioactive thyroxine
83611|physiologic sphincter
74964|diagnostic radiology
74974|roentgenometer
3955|radionuclide ventriculography
3995|scintigraphic angiography
98152|radionuclide angiocardiography
74982|radiodensity
74984|radiodense
76904|brachioradial reflex
74990|radiotelemetering capsule
14092|radiopill
75008|radiation oncologist
75009|radiation oncology
75013|radioactive thyroxine
25192|articular disc of distal radioulnar joint
87605|syndesmosis radioulnaris
87605|middle radioulnar joint
75019|root amputation
91391|teleradium therapy
75021|radio-3
75027|root1
75027|root of tooth
75028|accessory root of tooth
75029|anterior root of spinal nerve
75030|pedicle of arch of vertebra
75031|parasympathetic root of ciliary ganglion
75032|buccal root of tooth
75033|clinical root of tooth
75034|cranial root of accessory nerve
75035|root of tooth
75036|distal root of tooth
75037|posterior root of spinal nerve
75038|nerve of pterygoid canal
75039|inferior root of ansa cervicalis
75040|cochlear root of cranial nerve VIII
75041|greater petrosal nerve
75042|lateral root of median nerve
75043|lateral root of optic tract
75044|root of tongue
75045|nasociliary root of ciliary ganglion
75046|medial root of median nerve
75047|medial root of optic tract
75048|root of mesentery
75049|mesial root of tooth
75050|mesiobuccal root of tooth
75051|mesiolingual root of tooth
75052|anterior root of spinal nerve
75053|motor root of trigeminal nerve
75054|root of nose
75055|nasociliary root of ciliary ganglion
75056|root of facial nerve
75057|parasympathetic root of ciliary ganglion
75059|parasympathetic root of ciliary ganglion
75062|parasympathetic root of ciliary ganglion
75063|lesser petrosal nerve
75060|chorda tympani
75064|root of penis
75065|hair root
75066|posterior root of spinal nerve
75067|root of lung
75068|nasociliary root of ciliary ganglion
75069|sensory root of pterygopalatine ganglion
75070|sensory root of sublingual ganglion
75071|sensory root of submandibular ganglion
75072|posterior root of spinal nerve
75073|sensory root of trigeminal nerve
75074|spinal root of accessory nerve
75075|superior root of ansa cervicalis
75076|vestibular root
75077|sympathetic root of ciliary ganglion
75078|sympathetic root of otic ganglion
75079|sympathetic root of sublingual ganglion
75080|sympathetic root of submandibular ganglion
75081|root of nail
75082|anterior root of spinal nerve
75083|vestibular root
75087|gossypose
75087|melitose
75087|melitriose
58526|Kearns-Sayre syndrome
25747|pulmonary anthrax
25748|pulmonary anthrax
90764|(null)I uptake test
61986|optokinetic nystagmus
87450|glaucomatous halo2
75096|crackle
70185|conformational map
75141|pontine arteries
75141|under artery
75142|anterior superior alveolar branches of superior alveolar nerve
75142|under branch
75143|posterior superior alveolar branches of maxillary nerve
75143|under branch
75151|anterior rami of cervical nerves
75152|anterior rami of lumbar nerves
75153|anterior rami of sacral nerves
75154|anterior rami of thoracic nerves
75167|articular branches
75167|under branch
75173|atrial branches
75173|under branch
75176|anterior auricular branches of superficial temporal artery
75176|under branch
75186|bronchial branches
75186|under branch
75187|intrasegmental bronchi
75187|under bronchus
75188|buccal branches of facial nerve
75188|under branch
75189|calcaneal branches
75189|under branch
75190|lateral calcaneal branches of sural nerve
75190|under branch
75191|medial calcaneal branches of tibial nerve
75191|under branch
75193|branches to internal capsule
75193|genu
75193|branches to internal capsule
75193|posterior limb
75193|rami cruris posterioris capsulae internae
75193|rami genus capsulae internae
75193|rami partis retrolentiformis capsulae internae
75193|branches to internal capsule
75193|retrolentiform limb
75195|capsular branches of renal artery
75195|under branch
75194|capsular branches of intrarenal arteries
75194|under branch
75196|inferior cervical cardiac branches of vagus nerve
75196|under branch
75197|superior cervical cardiac branches of vagus nerve
75197|under branch
75198|thoracic cardiac branches of thoracic ganglia
75198|under branch
75199|thoracic cardiac branches of vagus nerve
75199|under branch
75201|caroticotympanic arteries (of internal carotid artery)
75201|under artery
75211|celiac branches of posterior vagal trunk
75211|under branch
75212|celiac branches of posterior vagal trunk
75212|under branch
75213|anteromedial central branches
75213|under branch
75217|choroid branches
75217|under branch
75218|posterior choroidal branches of posterior cerebral artery
75218|under branch
75231|clivus branches of cerebral part of internal carotid artery
75231|under branch
75269|white rami communicantes
75270|sensory root of sublingual ganglion
75354|sensory root of submandibular ganglion
75271|gray rami communicantes
75248|communicating branches of auriculotemporal nerve with facial nerve
75248|under branch
75260|communicating branches of lingual nerve with hypoglossal nerve
75260|under branch
75265|white rami communicantes
75279|rami capsulae internae
75280|anterior cutaneous branches of femoral nerve
75280|under branch
75281|thoracoabdominal nerves
75281|under nerve
75282|medial cutaneous nerve of leg
75299|dental branches
75299|under branch
75302|inferior dental branches of inferior dental plexus
75302|under branch
75303|inferior dental branches of inferior dental plexus
75303|under branch
75304|superior dental branches (of superior dental plexus)
75304|under branch
75305|superior dental branches (of superior dental plexus)
75305|under branch
75318|dorsal branches of first and second posterior intercostal artery
75318|under branch
75324|dorsal branches of the posterior intercostal arteries 3–11
75324|under branch
75323|dorsal branches of the lumbar arteries
75323|under branch
75319|dorsal branch of the subcostal artery
75317|dorsal branches of first and second posterior intercostal artery
75317|under branch
75320|dorsal lingual branches of lingual artery
75320|under branch
75321|dorsal branch of the ulnar nerve
75327|dorsal branches of the posterior intercostal veins 4–11
75327|under branch
75329|duodenal branches of anterior superior pancreaticoduodenal artery
75329|under branch
75330|duodenal branches of posterior superior pancreaticoduodenal artery
75330|under branch
75331|omental branches
75331|under branch
75332|esophageal branches
75332|under branch
75333|esophageal branches of the thoracic aorta
75333|under branch
75334|esophageal branches of the left gastric artery
75334|under branch
75335|esophageal branches of the inferior thyroid artery
75335|under branch
75336|esophageal branches of thoracic ganglia
75336|under branch
75337|esophageal branches of the thoracic aorta
75337|under branch
75338|esophageal branches
75338|under branch
75339|esophageal branches of the recurrent laryngeal nerve
75339|under branch
75340|esophageal branches of the vagus nerve
75340|under branch
75343|branches of lingual nerve to isthmus of fauces
75343|under branch
75353|glandular branches of submandibular ganglion
75353|under branch
75356|sensory root of pterygopalatine ganglion
75357|branches of internal carotid artery to trigeminal ganglion
75357|under branch
75358|sensory root of pterygopalatine ganglion
75359|anterior gastric branches of anterior vagal trunk
75359|under branch
75360|anterior gastric branches of anterior vagal trunk
75360|under branch
75361|gastric branches of left and right gastroomental arteries
75361|under branch
75362|gastric branches of posterior vagal trunk
75362|under branch
75363|posterior gastric branches of posterior vagal trunk
75363|under branch
75365|rami capsulae internae
75366|inferior gingival branches of inferior dental plexus
75366|under branch
75367|superior gingival branches (of superior dental plexus)
75367|under branch
75368|glandular branches
75368|under branch
75369|anterior glandular branch of superior thyroid artery
75370|glandular branches of facial artery
75370|under branch
75371|glandular branches of inferior thyroid artery
75371|under branch
75372|glandular branches of submandibular ganglion
75372|under branch
75377|hepatic branches of anterior vagal trunk
75377|under branch
75378|hepatic branches of anterior vagal trunk
75378|under branch
75384|inferior branches of transverse cervical nerve
75384|under branch
75385|inferior branches of transverse cervical nerve
75385|under branch
75391|inguinal branches of deep external pudendal arteries
75391|under branch
75392|anterior intercostal branches of internal thoracic artery
75392|under branch
75393|anterior intercostal branches of internal thoracic artery
75393|under branch
75394|interganglionic branches of sympathetic trunk
75394|under branch
75399|interventricular septal branches of left/right coronary artery
75399|under branch
75400|interventricular septal branches of left/right coronary artery
75400|under branch
75406|branches of lingual nerve to isthmus of fauces
75406|under branch
75407|anterior labial branches of deep external pudendal artery
75407|under branch
75408|labial branches of mental nerve
75408|under branch
75409|labial branches of mental nerve
75409|under branch
75410|posterior labial branches of perineal artery
75410|under branch
75411|posterior labial branches of perineal artery
75411|under branch
75412|superior labial branches of infraorbital nerve
75412|under branch
75415|laryngopharyngeal branches of superior cervical ganglion
75415|under branch
75416|lateral branches
75416|under branch
75417|lateral branches of pontine arteries
75417|under branch
75419|lateral branches of artery of tuber cinereum
75419|under branch
75427|lateral branches of posterior rami of cervical/thoracic/lumbar/sacral/coccygeal spinal nerves
75427|under branch
75429|splenic branches of splenic artery
75429|under branch
75433|lingual branches
75433|under branch
75438|caudate branches of left branch of portal vein
75438|under branch
75442|lateral malleolar branch (of fibular [peroneal] artery)
75443|medial malleolar branches (of posterior tibial artery)
75443|under branch
75445|lateral mammary branches
75445|under branch
75446|lateral mammary branches of lateral thoracic artery
75446|under branch
75448|lateral mammary branches of lateral pectoral cutaneous branches of intercostal nerves
75448|under branch
75447|lateral mammary branches of lateral pectoral cutaneous branches of intercostal nerves
75447|under branch
75449|medial mammary branches
75449|under branch
75463|mastoid branches of posterior tympanic artery
75463|under branch
75464|mastoid branches of posterior tympanic artery
75464|under branch
75467|medial branches
75467|under branch
75468|medial branches of pontine arteries
75468|under branch
75470|medial branches of artery of tuber cinereum
75470|under branch
75476|mediastinal branches
75476|under branch
75477|mediastinal branches of thoracic aorta
75477|under branch
75478|mediastinal branches of internal thoracic artery
75478|under branch
75480|lateral medullary branches (of intracranial part) of vertebral artery
75480|under branch
75482|medial medullary branches of vertebral artery
75482|under branch
75483|branches of auriculotemporal nerve to tympanic membrane
75483|under branch
75484|meningeal branches
75484|under branch
75501|mental branches of mental nerve
75501|under branch
75503|muscular branches
75503|under branch
75523|anterior lateral nasal branches of anterior ethmoidal artery
75523|under branch
75525|external nasal branches of infraorbital nerve
75525|under branch
75526|internal nasal branches
75526|under branch
75529|lateral nasal branches of anterior ethmoidal nerve
75529|under branch
75530|medial nasal branches of anterior ethmoidal nerve
75530|under branch
75531|posterior inferior nasal nerves
75531|under nerve
75532|posterior superior lateral nasal branches of maxillary nerve
75532|under branch
75533|posterior superior lateral nasal branches of maxillary nerve
75533|under branch
75534|posterior superior medial nasal branches of maxillary nerve
75534|under branch
75535|posterior superior medial nasal branches of maxillary nerve
75535|under branch
75547|omental branches
75547|under branch
75548|orbital branches of maxillary nerve
75548|under branch
75552|ovarian branches of uterine artery
75552|under branch
75558|palpebral branches of infratrochlear nerve
75558|under branch
75559|pancreatic branches
75559|under branch
75563|paracentral branches of callosomarginal artery
75563|under branch
75564|parietal branch
75571|parietooccipital branches of pericallosal artery
75571|under branch
75569|parietooccipital branches of pericallosal artery
75569|under branch
75572|parotid branches
75572|under branch
75576|rami capsulae internae
75577|pectoral branches of thoracoacromial artery
75577|under branch
75582|perforating branches of deep palmar arch
75582|under branch
75583|perforating branches of internal thoracic artery
75583|under branch
75585|perforating branches of plantar metatarsal arteries
75585|under branch
75586|pericardial branch of thoracic aorta
75586|under branch
75588|perineal branches of posterior cutaneous nerve of thigh
75588|under branch
75591|pharyngeal branches
75591|under branch
75592|pharyngeal branch of the ascending pharyngeal artery
75593|pharyngeal branch of inferior thyroid artery
75594|pharyngeal branches
75594|under branch
75595|pharyngeal branch of glossopharyngeal nerve
75596|pharyngeal branches of recurrent laryngeal nerve
75596|under branch
75597|pharyngeal branch of vagus nerve
75601|phrenicoabdominal branches of phrenic nerve
75601|under branch
75610|posterior branches
75610|under branch
75620|precuneal branches of pericallosal artery
75620|under branch
75622|dorsal scapular artery
75632|prostatic branches of middle rectal artery
75632|under branch
75633|prostatic branches of inferior vesical artery
75633|under branch
75634|pterygoid branch of posterior deep temporal artery
75642|thoracic pulmonary branches (of thoracic ganglia)
75642|under branch
75640|pulmonary branches of pulmonary nerve plexus
75640|under branch
75641|pulmonary branch of autonomic nervous system
75641|under branch
75644|spinal arteries
75644|under artery
75646|renal branch of vagus nerve
75646|under branch
75648|lateral sacral branches of median sacral artery
75648|under branch
75650|anterior scrotal branch of deep external pudendal artery
75651|posterior scrotal branches of perineal artery
75651|under branch
75652|posterior scrotal branches of perineal artery
75652|under branch
75653|anterior septal branches of anterior ethmoidal artery
75653|under branch
75654|posterior septal branches of sphenopalatine artery
75654|under branch
75666|spinal branches
75666|under branch
75667|splenic branches of splenic artery
75667|under branch
75670|sternal branches of internal thoracic artery
75670|under branch
75671|sternocleidomastoid branches of occipital artery
75671|under branch
75674|subendocardial branches of atrioventricular bundles
75674|under branch
75675|subscapular branches of axillary artery
75675|under branch
75698|intermediate temporal branches of lateral occipital artery
75698|under branch
75699|intermediate temporal branches of lateral occipital artery
75699|under branch
75700|temporal branch of facial nerve
75700|under branch
75702|superficial temporal branch of auriculotemporal nerve
75702|under branch
75707|inferior terminal (cortical) branches of middle cerebral artery
75707|under branch
75710|mediastinal branches of internal thoracic artery
75710|under branch
75711|thymic branches of internal thoracic artery
75711|under branch
75714|tonsillar branches of glossopharyngeal nerve
75714|under branch
75715|tonsillar branches of lesser palatine nerves
75715|under branch
75717|tracheal branches
75717|under branch
75729|ureteric branches
75729|under branch
75730|ureteric branches of the ovarian artery
75730|under branch
75731|ureteric branches of the renal artery
75731|under branch
75732|ureteric branches of the testicular artery
75732|under branch
75733|ureteric branches of the patent part of umbilical artery
75733|under branch
75736|anterior rami of cervical nerves
75737|anterior rami of lumbar nerves
75738|anterior rami of sacral nerves
75735|anterior rami of thoracic nerves
75754|zygomatic branches of facial nerve
75754|under branch
75124|ramisection
75127|ramicotomy
75130|branching
88758|Hunt syndrome
88758|herpes zoster oticus
62887|pyloromyotomy
75136|branch
75137|accessory branch of middle meningeal artery
75138|acetabular branch
75139|acromial branch of suprascapular artery
75140|acromial branch of thoracoacromial artery
75144|middle superior alveolar branch of infraorbital nerve
75145|anastomotic branch
75146|anastomotic branch of middle meningeal artery with lacrimal artery
75147|anterior branch
75150|descending branch of anterior segmental artery of left and right lungs
75158|anterior ramus of spinal nerve
75161|anterior ramus of lateral cerebral sulcus
75163|anterior vein
75164|apical segmental artery of superior lobar artery of right lung
75165|apical vein
75166|apicoposterior vein
75169|ascending branch
75170|ascending branch of superficial cervical artery
75171|ascending ramus of lateral sulcus of cerebrum
75174|atrial anastomotic branch of circumflex branch of left coronary artery
75175|intermediate atrial branch of right coronary artery
75645|intermediate atrial branch of left coronary artery
75177|auricular branch of posterior auricular artery
75178|auricular branch of occipital artery
75179|auricular branch of vagus nerve
75180|anterior basal segmental artery
75181|anterior basal vein
75182|lateral basal segmental artery
75183|medial basal segmental artery
75184|posterior basal segmental artery of left/right lung
75185|tentorial basal branch of cavernous part of internal carotid artery
75192|calcarine branch of medial occipital artery
75202|dorsal carpal branch of radial artery
75203|dorsal carpal branch of ulnar artery
75204|palmar carpal branch of radial artery
75205|palmar carpal branch of ulnar artery
75206|dorsal carpal branch of radial artery
75207|dorsal carpal branch of ulnar artery
75208|palmar carpal branch of radial artery
75209|palmar carpal branch of ulnar artery
75215|cervical branch of facial nerve
75225|cingular branch of callosomarginal artery
75226|circumflex branch of left coronary artery
75227|circumflex fibular branch (of posterior tibial artery)
75228|circumflex fibular branch (of posterior tibial artery)
75229|clavicular branch of thoracoacromial artery
75232|cochlear branch of vestibulocochlear artery
75233|cochlear branch of vestibulocochlear artery
75234|colic branch of ileocolic artery
75235|collateral branches of posterior intercostal arteries 3–11
75235|under branch
75236|collateral branch of intercostal nerves
75237|cervical branch of facial nerve
75238|communicating branch
75239|communicating branch of fibular artery
75240|communicating branch of fibular artery
75241|communicating branch of chorda tympani with lingual nerve
75241|communicating branch of otic ganglion with chorda tympani
75242|communicating branch of facial nerve with glossopharyngeal nerve
75242|communicating branch of tympanic plexus with auricular branch of vagus nerve
75243|sural communicating branch of common fibular nerve
75244|communicating branch of otic ganglion with chorda tympani
75245|communicating branch of otic ganglion to auriculotemporal nerve
75246|communicating branch of otic ganglion with medial pterygoid nerve
75247|communicating branch of otic ganglion with meningeal branch of mandibular nerve
75249|communicating branch of facial nerve with glossopharyngeal nerve
75250|communicating branch of intermediate nerve with tympanic plexus
75251|sural communicating branch of common fibular nerve
75252|communicating branch of tympanic plexus with auricular branch of vagus nerve
75253|communicating branch of intermediate nerve with tympanic plexus
75254|communicating branch of anterior interosseous nerve with ulnar nerve
75255|communicating branch of lacrimal nerve with zygomatic nerve
75256|communicating branch of internal laryngeal branch with recurrent laryngeal nerve
75257|communicating branch of internal laryngeal branch with recurrent laryngeal nerve
75258|communicating branch of internal laryngeal branch with recurrent laryngeal nerve
75259|communicating branch of chorda tympani with lingual nerve
75261|communicating branch of median nerve with ulnar nerve
75262|nasociliary root of ciliary ganglion
75263|sural communicating branch of common fibular nerve
75264|communicating branch of radial nerve with ulnar nerve
75266|sural communicating branch of common fibular nerve
75267|communicating branch of tympanic plexus with auricular branch of vagus nerve
75268|communicating branch of superficial radial nerve with ulnar nerve
75277|lateral costal branch of internal thoracic artery
75278|cricothyroid branch of superior thyroid artery
75286|thoracoabdominal nerves
75286|under nerve
75283|anterior abdominal cutaneous branch of intercostal nerve
75285|anterior cutaneous branch of iliohypogastric nerve
75284|anterior pectoral cutaneous branch of intercostal nerves
75287|lateral cutaneous branch
75288|lateral abdominal/pectoral cutaneous branches of intercostal nerves
75288|under branch
75291|medial cutaneous branch of dorsal branch of posterior intercostal arteries
75293|cutaneous branch of mixed nerve
75294|cutaneous branch of anterior branch of obturator nerve
75295|deltoid branch
75296|profunda brachii artery
75297|thoracoacromial artery
75306|descending branch
75307|descending branch of lateral circumflex femoral artery
75308|descending branch of medial circumflex femoral artery
75309|descending branch of occipital artery
75310|descending branch of anterior segmental artery of left and right lungs
75311|descending branch of posterior segmental artery of left and right lungs
75312|descending branch of superficial cervical artery
75313|right branch
75314|right branch of hepatic artery proper
75315|right branch of portal vein
75316|digastric branch of facial nerve
75322|posterior ramus of spinal nerve
75325|posterior ramus of spinal nerve
75326|dorsal veins of posterior intercostal veins
75326|under vein
75341|external branch of superior laryngeal nerve
75342|external branch of trunk of accessory nerve
75344|femoral branch of genitofemoral nerve
75346|anteromedial frontal branch of callosomarginal artery
75347|frontal branch of middle meningeal artery
75348|frontal branch of superficial temporal artery
75350|intermediomedial frontal branch of callosomarginal artery
75352|posteromedial frontal branch of callosomarginal artery
75355|branches of internal carotid artery to trigeminal ganglion
75355|under branch
75364|genital branch of genitofemoral nerve
75373|lateral glandular branch of superior thyroid artery
75374|posterior glandular branch of superior thyroid artery
75380|iliacus branch of iliolumbar artery
75381|inferior branch
75382|inferior branch of superior gluteal artery
75386|inferior branch of oculomotor nerve
75387|inferior pubic ramus
75389|infrahyoid branch of superior thyroid artery
75390|infrapatellar branch of saphenous nerve
75395|intermediate branch of hepatic artery (proper)
75398|internal branch of superior laryngeal nerve
75397|internal branch of trunk of accessory nerve
75401|anterior interventricular branch of left coronary artery
75402|posterior interventricular branch of right coronary artery
75413|inferior labial branch of facial artery
75414|superior labial branch of facial artery
75424|lateral nasal branch of facial artery
75434|lingual branch of facial nerve
75435|inferior lingular artery
75436|superior lingular artery
75437|lingular vein
75440|middle lobe vein of right lung
75441|lumbar branch of iliolumbar artery
75454|ramus of mandible
75455|marginal sulcus
75456|right marginal branch (of right coronary artery)
75457|marginal mandibular branch of facial nerve
75458|left marginal artery
75459|marginal branch of cingulate sulcus
75460|marginal branch of parieto-occipital sulcus
75461|tentorial marginal branch of cavernous part of internal carotid artery
75462|tentorial marginal branch of cavernous part of internal carotid artery
75465|mastoid branch of occipital artery
75466|labyrinthine artery
75475|medial branch of posterior rami of cervical/thoracic/lumbar/sacral/coccygeal spinal nerves
75498|meningeal branch of (intracranial part of) vertebral artery
75485|pterygomeningeal artery
75486|accessory branch of middle meningeal artery
75487|anterior meningeal branch (of anterior ethmoidal artery)
75489|meningeal branch of cavernous part of internal carotid artery
75490|meningeal branch of occipital artery
75491|meningeal branch of maxillary nerve
75492|meningeal branch of mandibular nerve
75493|meningeal branch of maxillary nerve
75494|meningeal branch of vagus nerve
75495|meningeal branch of spinal nerves
75496|meningeal branch of cavernous part of internal carotid artery
75497|meningeal branch of cerebral part of internal carotid artery
75500|tentorial nerve
75502|mental branch (of inferior alveolar artery)
75521|stylopharyngeal branch of glossopharyngeal nerve
75522|mylohyoid branch (of inferior alveolar artery)
75537|atrioventricular nodal branch
75538|sinuatrial (S-A) nodal branch of right coronary artery
75540|accessory obturator artery
75541|obturator branch of pubic branch of inferior epigastric artery
75545|occipital branch
75405|ramus ossis ischii
75405|ischial ramus
75453|ramus mandibulae
75549|orbital branch of middle meningeal artery
75550|orbital branches of maxillary nerve
75550|under branch
75551|ramus of ischium
75553|palmar branch of anterior interosseous nerve
75554|palmar branch of anterior interosseous nerve
75555|palmar branch of ulnar nerve
75556|deep palmar branch of ulnar artery
75557|superficial palmar branch of radial artery
75562|paracentral branches (of pericallosal artery)
75562|under branch
75565|parietal branch of middle meningeal artery
75566|parietal branch of medial occipital artery
75567|parietal branch of superficial temporal artery
75570|parieto-occipital branch of medial occipital artery
75579|perforating branches
75579|under branch
75580|perforating branch of fibular artery
75581|perforating branch of anterior interosseous artery
75587|pericardial branch of phrenic nerve
75590|petrosal branch of middle meningeal artery
75598|pharyngeal branch of the artery of pterygoid canal
75599|pharyngeal branch of descending palatine artery
75600|pharyngeal nerve
75602|deep plantar artery
75603|posterior branch of obturator artery
75604|posterior branch of inferior pancreaticoduodenal artery
75605|posterior branch of ulnar recurrent artery
75606|posterior branch of renal artery
75607|posterior glandular branch of superior thyroid artery
75608|descending branch of posterior segmental artery of left and right lungs
75609|posterior branch of right hepatic duct
75613|posterior branch of great auricular nerve
75614|posterior branch of medial cutaneous nerve of forearm
75615|posterior branch of obturator nerve
75611|posterior ramus of spinal nerve
75616|posterior branch of right branch of portal vein
75618|posterior ramus of lateral cerebral sulcus
75619|posterior vein
75621|prelaminar branch of spinal branch of dorsal branch of posterior intercostal artery
75623|deep branch
75624|deep branch of the medial circumflex femoral artery
75625|deep branch of the superior gluteal artery
75626|deep branch of the medial plantar artery
75627|dorsal scapular artery
75628|dorsal scapular artery
75629|deep branch of the lateral plantar nerve
75630|deep branch of radial nerve
75631|deep branch of the ulnar nerve
75635|pterygoid branch of posterior deep temporal artery
75637|pubic branch of inferior epigastric artery
75638|pubic branch of obturator artery
75639|pubic vein
75643|pyloric branch of anterior vagal trunk
75647|renal branch of lesser splanchnic nerve
75649|saphenous branch of descending genicular artery
75655|nasal septal branch of superior labial branch of facial artery
75656|posterior septal branches of sphenopalatine artery
75656|under branch
75657|left branch
75658|left branch of hepatic artery proper
75660|carotid branch of glossopharyngeal nerve (CN IX)
75661|carotid branch of glossopharyngeal nerve (CN IX)
75663|cavernous branches of cavernous part of internal carotid artery
75663|under branch
75664|cavernous branches of cavernous part of internal carotid artery
75664|under branch
75665|cavernous branches of cavernous part of internal carotid artery
75665|under branch
75668|stapedial branch of posterior tympanic artery
75669|stapedial branch of posterior tympanic artery
75672|sternocleidomastoid branch of superior thyroid artery
75673|stylohyoid branch of facial nerve
75677|superficial branch
75678|superficial branch of medial circumflex femoral artery
75679|superficial branch of the superior gluteal artery
75680|superficial branch of the medial plantar artery
75681|superficial cervical artery
75682|superficial cervical artery of transverse cervical artery
75683|superficial branch of the lateral plantar nerve
75684|superficial branch of the radial nerve
75685|superficial branch of the ulnar nerve
75686|superior branch
75687|superior branch of the superior gluteal artery
75689|superior branch of the oculomotor nerve (CN III)
75690|superior branch of the transverse cervical nerve
75691|superior pubic ramus
75693|superior branch of the right and left inferior pulmonary veins
75694|suprahyoid branch of lingual artery
75695|sympathetic root of submandibular ganglion
75703|anterior temporal branch
75704|middle temporal branch of insular part of middle cerebral artery
75705|posterior temporal branch of middle cerebral artery
75706|tentorial nerve
75712|thyrohyoid branch of ansa cervicalis
75716|tonsillar branch of the facial artery
75721|transverse branch of lateral femoral circumflex artery
75723|tubal branch
75724|tubal branch of ovarian artery
75725|tubal branch of the uterine artery
75726|tubal branch of the tympanic plexus
75728|posterior branch of medial cutaneous nerve of forearm
75739|ventral branch
75740|anterior ramus of spinal nerve
75750|superior vermian branch (of superior cerebellar artery)
75752|posterior vestibular branch of vestibulocochlear artery
75755|zygomaticofacial branch of zygomatic nerve
75756|zygomaticotemporal branch of zygomatic nerve
75757|fusidic acid
53143|panmixis
30089|Hardy-Weinberg equilibrium
20190|amplitude of convergence
25749|Newcastle disease
3454|arcus raninus
3454|Béclard anastomosis
7403|deep lingual artery
94937|ranula2
19460|primary complex
75779|ptyalocele
75779|ranine tumor
75779|sialocele
75779|sublingual cyst
80625|internodal segment
75789|rhaphania
75790|rhaphe
75792|anococcygeal body
75797|median sulcus of tongue
75800|raphe of medulla oblongata
75801|iliococcygeal raphe
61684|nuclei raphes
75799|raphe medullae oblongatae
75808|raphe penis
75808|penile raphe
75813|raphe pontis
75820|raphe scroti
75820|scrotal raphe
75820|Vesling line
75802|palatine raphe
75805|lateral palpebral raphe
75807|raphe of penis
75810|perineal raphe
75812|pharyngeal raphe
75814|raphe of pons
75816|pterygomandibular raphe
75819|raphe of scrotum
23073|explosive decompression
33357|film changer
90765|RPR test
37548|acute crescentic glomerulonephritis
723|liver acinus
75826|nitrogen narcosis2
28408|lanthanides
70011|parietal layer of nerves
28845|Rasmussen syndrome
88759|Rasmussen encephalitis
25750|rat-bite fever
32736|rat-bite disease
32736|sodoku
32736|sokosho
52287|Eristalis sp
19998|velocity constants
12808|trabeculae carneae of (right and left) ventricles
12808|under trabecula
26283|adenohypophysial diverticulum
70478|adenohypophysial diverticulum
71616|adenohypophysial diverticulum
94938|craniopharyngioma
75958|arsenic
72331|anterior process of malleus
99016|Rauscher virus
99015|Rauscher leukemia virus
72332|anterior process of malleus
25751|biliary xanthomatosis
30064|Rayleigh test
90767|Rayleigh equation
25752|Raynaud syndrome
82024|acrocyanosis
88760|Raynaud disease
88760|symmetric asphyxia
79046|rubella
76042|inductive resistance
16101|germinal center of Flemming
94612|secondary tuberculosis
25753|bronchial asthma
8123|gemistocytic astrocyte
15841|gemistocytic astrocyte
3200|secondary amyloidosis
58075|addition mutation
58075|addition-deletion mutation
58075|deletion mutation
58075|frameshift mutation
76324|homocytotropic antibody
4759|homocytotropic antibody
43567|inverted image
27711|two-dimensional echocardiography
67993|Stewart-Holmes sign
91292|biogenetic law
91292|law of biogenesis
91292|Haeckel law
91292|law of recapitulation
22023|ROC curve
76351|reservoir
76352|cisterna chyli
76353|petrosal fossula
76354|cisterna chyli
5435|sensory aphasia
31779|osteoclast differentiation factor
76398|recessus
76461|recessus membranae tympanicae
76472|recess
76473|anterior recess
76474|anterior recess of tympanic membrane
76475|cochlear recess
76476|costodiaphragmatic recess
76477|costomediastinal recess
76478|inferior duodenal fossa
76479|superior duodenal fossa
76480|elliptical recess of bony labyrinth
76481|epitympanum
76482|hepatorenal recess of subhepatic space
76483|inferior ileocecal recess
76484|superior ileocecal recess
76485|inferior recess of omental bursa
76486|infundibular recess
76487|pharyngeal recess
76488|intersigmoid recess
76489|lateral recess of fourth ventricle
76490|splenic recess
76491|recesses of tympanic cavity
76491|under recess
76492|paraduodenal recess
76493|parotid space
76494|pharyngeal recess
76495|phrenicomediastinal recess
76496|pineal recess
76497|piriform fossa
76498|pleural recesses
76498|under recess
76499|posterior recess
76500|posterior recess of tympanic membrane
76501|retrocecal recess
76502|retroduodenal recess
76503|sacciform recess of elbow joint
76504|sacciform recess of distal radioulnar joint
76505|spherical recess of bony labyrinth
76506|sphenoethmoidal recess
76507|spherical recess of bony labyrinth
76508|splenic recess
76509|subhepatic space
76510|subphrenic space
76511|subpopliteal recess
76512|superior recess of omental bursa
76513|superior recess of tympanic membrane
76514|supraoptic recess
76515|suprapineal recess
76516|triangular recess
76517|utricular recess of membranous labyrinth
76518|elliptical recess of bony labyrinth
76519|vertebromediastinal recess
44626|reciprocal innervation
44626|systematic desensitization
44743|reciprocal inhibition1
48244|Bunsen-Roscoe law
25754|osteitis fibrosa cystica
67994|thixotropy
99699|dicrotic wave
41522|somatropin
45089|rhIL-11
97062|vector5
9604|baseplate
78667|occlusion rim
76567|postanesthesia care unit
26731|street drug
95325|Brill-Zinsser disease
32737|Brill-Zinsser disease
77709|recruitment2
76570|recruiting response
3044|ampulla recti
3044|ampulla of rectum
19162|anal columns
34331|transverse folds of rectum
81494|Blumer shelf
82303|anal sinuses
96723|transverse folds of rectum
96723|under fold
70013|plexus venosus rectalis
70013|hemorrhoidal plexus
76573|proctalgia
76574|proctectomy
83832|alcohol2
76577|proctitis
57041|anoperinealis muscle
57036|anoperinealis muscle
57042|rectoperinealis (muscle)
76580|proctocele
76581|proctoclysis
57037|rectococcygeus (muscle)
57038|musculus rectococcygeus
57038|rectococcygeal muscle
76583|proctococcypexy
76584|coloproctitis
33701|rectovulvar fistula
57039|musculus rectoperinealis
57039|musculus rectourethralis superior
57039|recto-urethralis superior (muscle)
76586|proctoperineoplasty
76587|proctopexy
76588|proctophobia
76589|proctoplasty
32116|fascia rectoprostatica
32116|Denonvilliers fascia
32116|rectovesical fascia
76590|proctorrhaphy
32118|fascia rectosacralis
32118|mesoprocton
76591|proctoscope
76592|proctoscopy
83612|O'Beirne sphincter
83612|O'Beirne valve
83612|pelvirectal sphincter
76594|proctostenosis
76595|proctostomy
76596|proctotome
76597|proctotomy
57040|anorectoperineal muscles
34332|plica rectouterina
34332|Douglas fold
34332|sacrouterine fold
57043|rectouterinus (muscle)
71617|excavatio rectouterina
71617|cavum douglasi
71617|cul-de-sac2
71617|Douglas cul-de-sac
71617|Douglas pouch
71617|pouch of Douglas
71617|rectovaginouterine pouch
57044|musculus rectouterinus
57044|rectouterine muscle
32120|fascia rectovaginalis
32120|rectovaginal septum
81105|rectovaginal fascia
81105|septum rectovaginale
71618|rectouterine pouch
32122|rectoprostatic fascia
34333|sacrovesical fold
57045|rectovesicalis (muscle)
71619|excavatio rectovesicalis
71619|Proust space
81107|septum rectovesicale
81107|Denonvilliers aponeurosis
81107|Tyrrell fascia
57046|musculus rectovesicalis
57046|rectovesical muscle
33706|rectolabial fistula
57048|musculus rectus abdominis
57048|rectus muscle of abdomen
57049|musculus rectus capitis anterior
57049|anterior rectus muscle of head
57049|musculus rectus capitis anticus minor
57050|musculus rectus capitis lateralis
57050|lateral rectus muscle of the head
57051|musculus rectus capitis posterior major
57051|greater posterior rectus muscle of head
57051|musculus rectus capitis posticus major
57052|musculus rectus capitis posterior minor
57052|musculus rectus capitis posticus minor
57052|smaller posterior rectus muscle of head
57053|musculus rectus femoris
57053|rectus muscle of thigh
57047|rectus abdominis (muscle)
57054|rectus femoris (muscle)
81449|vagina musculi recti abdominis
76607|relapse
156|habitual abortion
2043|cyclic albuminuria
85167|aphtha2
95443|aphtha2
5706|relapsing appendicitis
7404|medial striate artery
7405|medial striate artery
12160|meningeal branch of spinal nerves
32738|relapsing fever
43015|Behçet syndrome
7406|arteria interossea recurrens
46206|intrahepatic cholestasis of pregnancy
59545|nervus laryngeus recurrens
59545|recurrent nerve
12159|meningeal branch of spinal nerves
59544|recurrent laryngeal nerve
66479|keratolysis exfoliativa congenita
7407|radial recurrent artery
5470|aphthae major
85569|contractile stricture
85169|aphtha2
7408|ulnar recurrent artery
33167|infantile digital fibromatosis
8481|cyanotic atrophy
15842|erythrocyte
14885|red cell cast
52955|medulla ossium rubra
67995|adhesion phenomenon
90768|adhesion test
14886|red blood cell cast
20687|erythrocyte
23328|carneous degeneration
32739|murine typhus
32949|slow fiber
38763|eucalyptus gum
4550|Solenopsis invicta
44352|hemorrhagic infarct
48552|lead tetroxide
61686|nucleus ruber
48553|lead tetroxide
71720|mercuric oxide
71720|red
20378|splenic cords
73934|pulpa rubra splenica
76908|light reflex3
99187|erythropsia
28272|oxidation-reduction electrode
44242|oxidation-reduction indicator
71570|oxidation-reduction potential
89350|oxidation-reduction system
29982|enamel epithelium
39764|heme
29582|reductase
76622|reducing enzyme
76624|repositioning2
98157|left ventricular volume reduction surgery
67845|meiotic phase
15843|Reed-Sternberg cell
15844|Reed cell
15844|Sternberg cell
15844|Sternberg-Reed cell
64458|telalgia
39391|caput reflexum musculi rectus femoris
49734|ligamentum reflexum
49734|Colles ligament
49734|fascia triangularis abdominis
49734|reflex ligament
49734|triangular fascia
3934|angina pectoris vasomotoria
29813|sensory precipitated epilepsy
39427|symptomatic headache
49735|reflected inguinal ligament
27553|complex regional pain syndrome type I
87451|sympathetic symptom
91393|reflexotherapy
76989|reflexogenous
76990|reflexogenic
76995|reflex therapy
59220|reflux-associated nephropathy
59221|reflux nephropathy
77007|refrangible
4204|apical angle
77008|refringence
77013|refractometer
77014|refringent
2687|anisometropic amblyopia
2770|index ametropia
46910|keratorefractive surgery
77015|refringency
77016|objective optometer
77016|refractionometer
77018|obstinate1
77018|intractable1
77018|obstinate2
14887|investment cast
33916|casting flask
33916|casting ring
77020|refractable
3789|cryoanesthesia
77024|refraction
77025|refractivity
77026|refractive
25755|heredopathia atactica polyneuritiformis
25755|Refsum syndrome
88765|Refsum disease
77032|neogenesis
77036|region
77038|flank
77039|anal triangle
77040|antebrachial region
77041|anterior region of forearm
77042|posterior region of forearm
77043|anterior region of forearm
77044|posterior region of forearm
77045|axillary region
77046|anterior region of arm
77047|posterior region of arm
77048|anterior region of arm
77049|buccal region
77050|heel region
77052|anterior region of wrist
77053|posterior region of wrist
77055|anterior cervical region
77056|lateral cervical region
77057|posterior cervical region
77058|posterior cervical region
77061|anterior region of leg
77060|posterior region of leg
77062|anterior region of elbow
77063|posterior region of elbow
77064|deltoid region
77067|epigastric region
77068|face region
77069|posterior region of thigh
77070|femoral region
77071|anterior region of thigh
77072|posterior region of thigh
77073|frontal region of head
77074|anterior region of knee
77075|posterior region of knee
77076|gluteal region
77077|hypochondriac region
77078|infraclavicular fossa
77079|inframammary region
77080|infraorbital region
77081|infrascapular region
77082|groin1
77083|flank
77084|lumbar region
77085|mammary region
77088|mental region
77089|nasal region
77090|posterior cervical region
77091|occipital region of head
77092|olfactory region of nasal mucosa
77093|oral region
77094|orbital region
77095|parietal region
77096|pectoral region
77097|perineal region
77098|sole of foot
77099|presternal region
77100|pubic region
77101|respiratory region of mucosa of nasal cavity
77102|sacral region
77103|scapular region
77104|sternocleidomastoid region
77105|sural region
77105|sural region
77106|ankle region
77107|ankle region
77108|temporal region of head
77110|umbilical region
77111|urogenital triangle
77112|vertebral region
77113|zygomatic region
77114|regio
77196|olfactory region of nasal mucosa
77231|respiratory region of mucosa of nasal cavity
3496|topographic anatomy
3496|topology1
3790|conduction analgesia
29373|chronic cicatrizing enteritis
29373|Crohn disease
29373|distal ileitis
29373|regional ileitis
29373|terminal ileitis
29373|granulomatous enteritis
51628|catscratch disease
51841|nodi lymphoidei regionales
77037|abdominal regions
77037|under region
77051|regions of head
77051|under region
77054|regions of neck
77054|under region
77059|regions of body
77059|under region
77065|regions of back
77065|under region
77066|regions of back
77066|under region
77086|regions of lower limb
77086|under region
77087|regions of upper limb
77087|under region
77109|anterior and lateral thoracic regions
77109|under region
77138|regiones dorsales
77138|regiones dorsi
77139|regiones corporis
77144|anterior and lateral thoracic regions
77153|face region
77162|regiones capitis
77170|regions of lower limb
77186|regiones membri inferioris
77186|regions of inferior limb
77192|regiones cervicales
77239|regions of upper limb
77243|regiones membri superioris
77243|regions of superior limb
44937|globin insulin
44703|insulin injection
14751|second pharyngeal arch cartilage
76435|cochlear recess
61849|volatile fatty acid number
19543|Reichstein substance
86040|Reichstein compound
4535|ansa peduncularis
9398|septomarginal trabecula
9398|medial lemniscus
78408|medial lemniscus
93680|trigone of lateral lemniscus
77288|replantation
94613|secondary tuberculosis
3529|multiple anchorage
77296|reward
53993|vestibular surface of cochlear duct
25756|Reiter syndrome
88767|Fiessinger-Leroy-Reiter syndrome
88767|Reiter disease
77321|recurrence2
5707|recurrent appendicitis
64729|Christian disease2
64729|Weber-Christian disease
32740|bilious typhoid of Griesinger
32740|recurrent fever
32740|spirillum fever
32740|typhinia
66973|relapsing polychondritis
70823|chronic atrophic polychondritis
70823|generalized chondromalacia
70823|Meyenburg disease
70823|Meyenburg-Altherr-Uehlinger syndrome
70823|relapsing perichondritis
70823|systemic chondromalacia
53014|molecular weight
8241|passive atelectasis
77364|cervilaxin
77364|ovarian hormone
77364|parturition-mediating factor
77364|releasin
86041|H substance
77366|relaxin
31780|termination factor
41523|releasing factors
88768|reticular erythematous mucinosis
32951|unmyelinated fibers
26322|amitosis
70014|submucosal (nerve) plexus
8618|intellectual aura
12336|removable partial denture
23695|removable bridge
77393|kidney
77394|nephric
70015|plexus (nervosus) renalis
1116|clear cell carcinoma of kidney
1116|renal cell carcinoma
3201|amyloid nephrosis1
7409|arteria renalis
12161|ramus renalis nervi splanchnici minoris
12162|rami renales nervi vagi
13389|nephrolith
14888|tube cast
14382|renal adenocarcinoma
19163|columnae renales
19163|Bertin columns
20688|corpusculum renis
20688|malpighian corpuscles1
20778|cortex renalis
51134|cortical lobules of kidney
24347|renal glycosuria
31868|end-stage renal disease
32123|fascia renalis
32123|Gerota capsule
32123|Gerota fascia
32123|perirenal fascia
63870|renal rickets
36197|ganglia renalia
37919|normoglycemic glycosuria
37919|renal diabetes
43900|facies renalis splenica
43900|facies renalis lienis
43900|renal surface of spleen
43899|impressio renalis hepatis
44338|renal rickets
47484|convoluted part of kidney lobule
51079|kidney lobes
53536|medulla renalis
53536|medulla of kidney
63721|renal rickets
64864|papilla renalis
58979|necrotizing papillitis
66584|pelvis renalis
66584|ureteric pelvis
89351|hypothalamohypophysial portal system2
74443|pyramides renales
74443|malpighian pyramid
74443|medullary pyramid
74443|pyramis renalis
78530|pseudorickets
78530|renal fibrocystic osteosis
78530|renal infantilism
78530|renal osteitis fibrosa
80626|segmenta renalia
80626|arterial segments of kidney
82305|sinus renalis
87011|renal impression of spleen
87012|facies renalis glandulae suprarenalis
701|hyperchloremic acidosis
97457|venae renales
98438|metanephric vesicle
81631|distal splenorenal shunt
77396|cortical lobules of kidney
77396|under lobule
77396|reniculus2
88769|hereditary hemorrhagic telangiectasia
77400|cardiorenal
77401|cortical lobules of kidney
77401|under lobule
77401|renculus2
77401|renunculus2
77402|nephroid
77403|angiotensinogenase
77405|chymosin
77406|chymosin
77407|chymosin
77408|prochymosin
77420|nephrotrophic
77420|nephrotropic
77420|renotropic
77421|renotropin
77422|renotrophic
77423|renotrophin
77428|cortical lobules of kidney
77428|under lobule
77428|reniculus2
99017|respiratory enteric orphan virus
1699|rotavirus
23633|tertiary dentin
38371|giant cell granuloma
72113|principle of inertia
26052|cumulative trauma disorders
26053|cumulative trauma disorders
11310|endochondral bone
77444|reimplantation
77446|hypervolemia
25757|notifiable disease
77458|reposition
77459|repositio
77460|reduction1
77478|generation1
77478|procreation
61688|micronucleus2
89355|genital system
91395|salvage therapy2
77500|excision1
1870|expiratory reserve volume
77517|receptaculum
9275|breathing bag
77523|sinus node reset
77524|resident physician
68779|resident
1871|residual volume
13956|residual volume
18153|residual lumen
51454|residual cleft
99384|residual air
99384|residual capacity
77527|residuum
77529|residue
77531|rosin
77563|resinic acids
77566|resin acids
77570|hormone resistance
31781|resistance plasmids
31781|under plasmid
69453|R factors
69453|R plasmids
69453|resistance factors
69453|resistance-transferring episomes
74524|resistance thermometer
91494|resistance pyrometer
29905|resistance plasmids
29905|under plasmid
77592|resolving power3
994|visual acuity
71642|resolution2
77597|resonant frequency
91296|Helmholtz theory of hearing
35544|resonance6
77615|resorcinol
77616|resorcin
77617|fluorescein
90772|Selivanoff test
77618|fluorescein
77619|fluorescein sodium
47626|Howship lacunae
77628|ventilation2
77664|inhaler1
702|carbon dioxide acidosis
702|hypercapnic acidosis
2241|acapnial alkalosis
5657|respiratory system
8208|Biot respiration
12417|bronchioli respiratorii
13957|vital capacity
16435|cytochrome system
16435|electron-transport chain
16435|electron-transport system
18724|respiratory quotient
88773|hyaline membrane disease of the newborn
88774|transient tachypnea of the newborn
44204|apnea-hypopnea index
26284|laryngotracheal diverticulum
26284|respiratory primordium
99018|REO virus
44666|respiratory poison
51135|pulmonary acinus
56548|vesicular respiration
70642|respiratory inhibitor
72077|respiratory diverticulum
74729|respiratory coefficient
77232|pars respiratoria tunicae mucosae
77232|regio respiratoria tunicae mucosae nasi
77232|region of respiratory mucosa
77232|respiratory region of tunica mucosa of nose
77233|respiratory region of mucosa of nasal cavity
83016|breath sounds
99019|chimpanzee coryza agent
99019|Rs virus
89356|systema respiratorium
89356|apparatus respiratorius
89356|respiratory apparatus
64459|pleuritic pain
19669|pavlovian conditioning
6240|rest seat
77337|rest relation
60532|nonprotein nitrogen
71352|physiologic rest position
77336|rest jaw relation
77336|unstrained jaw relation
80474|rest area
11070|corpus restiforme
11070|eminentia restiformis
11070|restiform eminence
28630|restiform body
84287|vegetative stage
93538|passive tremor
15847|fixed macrophage
48630|restless legs syndrome
88776|Ekbom syndrome
88776|restless legs
99020|Ebola virus Reston
23661|operative dentistry
29143|restriction enzyme
29586|restriction endonuclease
82393|cleavage site
54204|hematocolpos
69223|incarcerated placenta
77778|dry vomiting
77778|vomiturition
77779|network1
77780|acromial anastomosis of the thoracoacromial artery
77781|arterial plexus
77782|cubital anastomosis
77783|genicular anastomosis
77784|calcaneal anastomosis
77785|venous plexus of hypoglossal canal
77786|dorsal carpal arterial arch
77787|dorsal carpal arterial arch
20379|medullary cords2
77789|venous plexus of foramen ovale
77791|rete testis
77792|lateral malleolar network
77793|medial malleolar network
77797|patellar anastomosis
66485|rete ridge
78611|interpapillary ridges
78611|rete pegs
77799|Haller rete
77799|rete halleri
77800|articular vascular plexus
77801|dorsal venous network of hand
77802|dorsal venous network of foot
77803|plantar venous network
22444|distention cyst
22444|secretory cyst
71028|juvenile polyp
87260|tension suture
89357|nonspecific system
15849|primordial reticular cell
56294|REM syndrome
34854|formatio reticularis
34854|reticular substance2
34854|substantia reticularis2
48487|stratum reticulare corii
53994|membrana reticularis organi spiralis
61697|nucleus reticulares medullae oblongatae
61698|nuclei reticulares mesencephali
61699|nuclei reticulares pontis
61700|nucleus reticularis thalami
86042|reticular formation
86042|alpha substance
86042|filar mass
86042|filar substance
86042|substantia reticularis1
86042|substantia reticulofilamentosa
11311|woven bone
20689|reticulocyte
77818|reticulated corpuscle
77818|skein cell
77819|reticulopenia
77829|reticulocytopenia
92993|tractus reticulospinalis
77839|neuroglia
77852|trabecular tissue of sclera
39722|hobnail hemangioendothelioma
77857|optomeninx
77897|retinacula unguis
77902|peroneal retinaculum
77910|retinacula of nail
77867|retinaculum of articular capsule of hip
77869|caudal ligament
77869|caudal retinaculum
77869|ligamentum caudale
77870|skin ligaments
77870|under ligament
77871|suspensory ligaments of breast
77871|under ligament
77886|extensor retinaculum
77887|inferior extensor retinaculum
77888|superior extensor retinaculum
77889|peroneal retinaculum
77890|inferior fibular retinaculum
77891|superior fibular retinaculum
77892|flexor retinaculum of hand
77893|flexor retinaculum of lower limb
77894|peroneal retinaculum
77895|inferior fibular retinaculum
77896|superior fibular retinaculum
77866|retinaculum capsulae articularis coxae
77866|Weitbrecht fibers
77877|flexor retinaculum of lower limb
77903|skin ligaments
77903|under ligament
77898|lateral patellar retinaculum
77899|medial patellar retinaculum
94939|melanotic neuroectodermal tumor of infancy
10839|vasa sanguinea retinae
77912|retinaldehyde dehydrogenase
24112|detached retina
24112|separation of retina
33602|choroidal fissure1
33602|choroid fissure
33602|optic fissure
77913|retinaldehyde isomerase
55422|ocular migraine
77917|retinene-1
77917|retinene
77917|vitamin A aldehyde
77918|retinal dehydrogenase
77919|retinal isomerase
77922|retinaldehyde
77923|retinaldehyde
77924|dehydroretinaldehyde
77932|pigmentary retinopathy
77933|proliferative retinopathy
77944|chorioretinal
77945|chorioretinitis
77947|Jensen disease
77948|dialysis retinae
77949|vitamin A1 acid
77953|vitamin A1 alcohol
77953|vitamin A1
77957|retinopathy of prematurity
77976|retinopapillitis of premature infants
77976|retrolental fibroplasia
77976|Terry syndrome
78001|scotoscopy
78001|shadow test
78001|skiascopy
90951|movable testis
90951|pseudocryptorchism
88778|Duane syndrome
51842|mastoid lymph nodes
78024|retroocular
32322|corpus adiposum orbitae
32322|orbital fat body
32322|fat body of orbit
32322|orbital fat-pad
12958|bursa of tendo calcaneus
78025|achillobursitis
51843|nodi lymphoidei retrocecales
76436|recessus retrocecalis
76436|cecal recess
6242|area retrochiasmatica
78032|retrograde VA conduction
92261|bilaminar zone
7411|arteria retroduodenalis
7411|posterior pancreaticoduodenal artery
35104|retroduodenal recess
76437|recessus retroduodenalis
76437|infraduodenal fossa
76437|retroduodenal fossa
78038|retroflexed
78039|retroflexion
12809|retroflex fasciculus
32249|fasciculus retroflexus
32249|habenulointerpeduncular tract
32249|habenulopeduncular tract
32249|tractus habenulointerpeduncularis
32249|fasciculus of Meynert
32249|habenulopeduncular tract
32249|retroflex bundle of Meynert
78040|retroflected
78041|retroflection
59975|trigeminal rhizotomy
60310|trigeminal rhizotomy
17402|central chromatolysis
28516|venous embolism
54630|degeneration3
54630|cataplasia
96134|cystoscopic urography
19694|retroconduction
19694|ventriculoatrial conduction
19694|VA conduction
78046|mirror-writing
78047|cataplasia
12959|bursa retrohyoidea
12959|Boyer bursa
12959|bursa of hyoid
12959|subhyoid bursa
83168|spatium retroinguinale
83168|Bogros space
78048|feedback inhibition
78052|retrolenticular1
33199|retinopathy of prematurity
78053|retrolental
50253|retrolentiform limb of internal capsule
65992|pars retrolentiformis capsulae internae
50254|pars retrolentiformis cruris posterior
50254|retrolenticular limb of internal capsule
53072|submammary mastitis
35105|fossa retromandibularis
72333|deep part of parotid gland
97458|vena retromandibularis
97458|posterior facial vein
97458|temporomaxillary vein
97458|vena facialis posterior
35107|fossa retromolaris
64421|pear-shaped area
93681|trigonum retromolare
78059|cataplasia
78061|retrobulbar
33231|idiopathic fibrous retroperitonitis
33231|Ormond disease
33231|periureteritis plastica
40592|duodenojejunal hernia
83170|spatium retroperitoneale
83170|retroperitoneum
97459|Retzius veins
97459|Ruysch veins
97459|venae retroperitoneales
78063|retroperitoneal space
51844|nodi lymphoidei retropharyngeales
83171|spatium retropharyngeum
83171|Henke space
83171|postpharyngeal space
78072|retrotransposon
83172|spatium retropubicum
83172|cavum retzii
83172|prevesical space
83172|Retzius cavity
83172|Retzius space
51845|nodi lymphoidei retropylorici
51845|retropyloric nodes
60662|retropyloric lymph nodes
60662|under lymph node
47838|presacral fascia
47839|presacral fascia
83173|presacral space
40594|congenital diaphragmatic hernia2
40594|Morgagni foramen hernia
83174|anterior clear space
34336|conjunctival fornix
78081|retroposon1
83175|spatium retrozonulare
62131|distal occlusion1
15314|retropubic space
49736|fundiform ligament of foot
83176|retropubic space
85536|brown striae
85536|striae parallelae
97460|retroperitoneal veins
38229|pinch graft
22024|anti-Monson curve
36745|positional cloning
84004|Kingsley splint
58076|back mutation
3394|reversed passive anaphylaxis
74013|Riegel pulse
3395|reversed anaphylaxis
67270|antiperistalsis
18950|stable colloid
82028|sign of the orbicularis
78117|revivification1
78118|revivescence
78119|derivation1
78120|reinforcer
44058|erythroblastosis fetalis
31784|Rhesus factor
37499|anti-D immunoglobulin
37499|Rh(null)(D) immunoglobulin
43747|RH(null)(D) immune globulin
78149|rhabdosarcoma
78152|rhabdomyosarcoma
78153|striated muscular sphincter
15852|macrophage
78163|frangulin
78165|raphania
78166|raphe
78176|galvanic threshold
78189|flowing hyperostosis
78189|streak hyperostosis
31785|Rh factor
78196|rheumatismal
17275|Sydenham chorea
78210|rheumatic
7573|arthritis deformans
7573|nodose rheumatism1
70480|susceptibility cassette
84030|ankylosing spondylitis
78216|recombinant human interleukin 11
78218|nasal
33603|rhinal sulcus
86495|sulcus rhinalis
86495|rhinal fissure
78219|rhinodynia
78222|smell-brain
78225|rhinolalia
78226|nasal catarrh
78239|rhinomanometer
78243|rhinostenosis
78245|rhinalgia
78250|rhinism
78250|rhinophonia
78254|rhinolith
78255|nasal calculus
78255|rhinolite
78260|rhinoanemometer
78265|nasopharyngeal
78267|nasopharynx
78268|rhinolalia
78269|brandy nose
78269|copper nose
78269|hammer nose
78269|hypertrophic rosacea
78269|potato nose
78269|rum nose
78269|rum-blossom
78269|toper's nose
78276|scleroma
78283|nasosinusitis
78286|rhinocleisis
78301|radiculomeningomyelitis
78304|Rhizopodasida
78304|Rhizopodea
78305|Rhizopoda
78306|Rhizopoda
78307|SLR factor
78307|Streptococcus lactis R factor
78309|Rhizopus oryzae
78311|Rhizopus arrhizus
78312|radicotomy
78312|radiculectomy
31787|ρ factor
78320|thiocyanate
78321|thiosulfate sulfurtransferase
78322|thiocyanic acid
78324|fucose
94313|acute African sleeping sickness
94313|acute trypanosomiasis
94313|East African sleeping sickness
94313|East African trypanosomiasis
78331|Corynebacterium equi
78335|visual purple
78339|grayanotoxin
46053|isthmus2
46053|isthmus of His
46053|isthmus rhombencephali
89924|tegmentum of rhombencephalon
89924|tegmentum rhombencephali
78340|hindbrain
78340|hindbrain vesicle
78341|rhomboid
78344|rhomboidal sinus
78345|rhombic1
35109|fossa rhomboidea
43901|impression for costoclavicular ligament
49737|costoclavicular ligament
57057|musculus rhomboideus major
57057|greater rhomboid muscle
57058|musculus rhomboideus minor
57058|lesser rhomboid muscle
82308|rhombocele
78352|paired organelles
78352|toxoneme
78356|mysophobia
78357|rhythm method
54856|rhythm2
78399|face-lift
78399|facialplasty
78399|rhytidoplasty
78400|rhytidectomy
78401|rutidosis
78412|costa1
78412|os costale
78410|adonitol
78438|psicose
78427|flavin1
78427|flavine
78427|lactoflavin2
78427|vitamin B21
78430|flavin mononucleotide
78428|flavokinase
95745|vitamin B2 unit
78436|ribothymidine
78439|ribonucleinase
78460|RNase A
78460|RNase I
78482|ribonuclease
78491|phosphopentose isomerase
78491|phosphoriboisomerase
78493|Palade granule
78500|nebularine
78501|ribothymidine
78502|ribofuranosylthymine
78502|ribosylthymidine
78505|RNA virus
78506|organic catalyst1
78506|RNA enzyme
78508|carboxydismutase
78509|phosphoribulose epimerase
24718|Kempner diet
46076|schistosomiasis japonica
40595|parietal hernia
50490|Monro-Richter line
78520|castor bean
78521|infantile osteomalacia
78521|juvenile osteomalacia
78521|rachitis
78547|Ehrlichia sennetsu
78553|Kew Gardens fever
78553|mite-born typhus
78553|vesicular rickettsiosis
78557|rachitic
18725|hygienic laboratory coefficient
18725|phenol coefficient
28517|straddling embolism
17728|circular sinus1
82309|intercavernous sinuses
25765|Riedel thyroiditis
51080|lobus appendicularis
51080|lobus linguiformis
85697|Riedel thyroiditis
91998|chronic fibrous thyroiditis
91998|ligneous struma
91998|ligneous thyroiditis
91998|Riedel disease
91998|Riedel struma
74014|reversed paradoxical pulse
80627|segmentum hepatis anterius laterale dextrum [VI]
12164|intermediate atrial branch of right coronary artery
97461|venae atriales dextrae
63346|ostium atrioventriculare dextrum
63346|ostium venosum cordis
63346|tricuspid orifice
96725|tricuspid valve
8402|atrium cordis dextrum
8402|atrium dextrum cordis
8634|auricula atrii dextra
8634|auricle of right atrium
8634|auricular appendage1
8634|right auricular appendage
5680|right auricle
11461|margo dexter cordis
11461|right margin of heart
12163|ramus dexter
12165|ramus dexter arteriae hepaticae propriae
12165|right hepatic artery
12167|ramus dexter venae portae hepatis
12810|crus dextrum fasciculi atrioventricularis
12810|right crus of atrioventricular bundle
12810|right limb of atrioventricular bundle
7412|arteria colica dextra
34016|flexura coli dextra
34016|hepatic flexure
34016|flexura coli hepatis
51846|nodi lymphoidei colici dextri
97462|vena colica dextra
7413|arteria coronaria dextra
21600|right bundle of atrioventricular bundle
21601|crus dextrum diaphragmatis
26880|ductus lobi caudati dexter hepatis
93937|trigonum fibrosum dextrum
7415|arteria flexurae dextrae
7416|arteria gastrica dextra
7416|pyloric artery
51847|nodi lymphoidei gastrici dextri
97463|vena gastrica dextra
97463|pyloric vein
7417|right gastroomental artery
51848|right gastroomental lymph nodes
97464|right gastroomental vein
7418|arteria gastroomentalis dextra
7418|right gastroepiploic artery
7418|arteria gastroepiploica dextra
51849|nodi lymphoidei gastroomentales dextri
51849|right gastroepiploic lymph nodes
97465|vena gastroomentalis dextra
97465|right gastroepiploic vein
97465|vena gastroepiploica dextra
39538|hemicardia dextra
39538|venous heart
7419|right branch of hepatic artery proper
26881|ductus hepaticus dexter
97466|venae hepaticae dextrae
97467|vena pulmonalis inferior dextra
26323|divisio lateralis dextra hepatis
50255|right bundle of atrioventricular bundle
51006|pars hepatis dextra
51006|right part of liver
51081|lobus dexter
51082|lobus hepatis dexter
51850|nodi lymphoidei lumbales dextri
51850|caval lymph nodes
26882|ductus lymphaticus dexter
26882|ductus thoracicus dexter
12514|bronchus principalis dexter
52802|right border of heart
12166|ramus marginalis dexter (arteriae coronariae dextrae)
97468|vena marginalis dextra
26324|divisio medialis dextra hepatis
33350|decubitus film
97469|vena ovarica dextra
65993|pars dextra faciei diaphragmaticae hepatis
65994|right liver
33604|fissura portalis dextra
7420|arteria pulmonalis dextra
22064|valvula coronaria dextra (valvae aortae)
46552|acceptor splicing site
97470|vena intercostalis superior dextra
97471|vena pulmonalis superior dextra
97472|vena suprarenalis dextra
97473|vena testicularis dextra
49738|ligamentum triangulare dextrum hepatis
98129|ventriculus dexter
43001|parchment heart
78638|dextrocular
78639|dextropedal
78640|dextral
78640|dextromanual
76911|static reflexes2
27176|spastic dysarthria
78641|rigor1
78654|rigidity1
78654|chill2
78658|cadaveric rigidity
78658|postmortem rigidity
88786|familial dysautonomia
78670|rima vocalis
78670|glottis vera
78670|true glottis
78671|oral fissure
78672|palpebral fissure
78673|pudendal cleft
78674|rima vestibuli
78675|false glottis
78675|glottis spuria
78675|rima respiratoria
78676|rima glottidis
78677|pudendal cleft
78681|anulus
19544|cyclic compound
33429|digitus anularis
33429|digitus (manus) quartus [IV]
33429|fourth finger
49739|zona orbicularis (articulationis coxae)
78714|border of iris
67503|doughnut pessary
90778|ring test
89218|control syringe
90777|ring precipitin test
78745|spoke-shave
69224|anular placenta
39055|pili annulati
47536|Ringer solution
82815|Ringer lactate
78746|tinea
78747|tinea barbae
78749|tinea corporis
78751|tinea pedis
78753|onychomycosis
78755|tinea capitis
3455|Riolan arc3
5932|intestinal arterial arcades
5932|under arcade
5932|marginal artery of colon
5932|Riolan anastomosis
5943|intestinal arterial arcades
57060|cremaster muscle
15017|mature cataract
57061|musculus risorius
57061|Albinus muscle1
57061|Santorini muscle
78778|ristomycin
78779|ristocetin
78781|canine spasm
78781|risus sardonicus
78781|sardonic grin
78781|trismus sardonicus
78782|risus caninus
10728|ocular onchocerciasis
18660|Philadelphia cocktail
79517|potassium citrate
26883|minor sublingual ducts
37211|sublingual gland
44037|tympanic notch
53995|flaccid part of tympanic membrane
61187|tympanic notch
78796|lacrimal pathway
29587|ribozyme
78811|splicing2
99023|ribovirus
78440|ribonuclease (pancreatic)
78445|ribonuclease (pancreatic)
78446|exoribonuclease II
78449|RNase T(null)
78450|RNase T(null)
78454|guanyloribonuclease
78454|RNase N(null)
78455|Escherichia coli RNase I
78455|microbial RNase II
78455|plant RNase
78455|RNase N(null)
78457|yeast RNase
18013|bar clasp
74156|Argyll Robertson pupil
93307|centric fusion
88789|Pierre Robin syndrome
27113|Robinow syndrome
88790|Robinow dwarfism
30481|d-glucose 6-phosphate
23391|glucose-6-phosphate dehydrogenase
30482|d-glucose 6-phosphate
22025|receiver operating characteristic curve
78831|archil
79518|potassium sodium tartrate
62381|petroleum
32746|black fever
32746|black measles2
32746|blue disease
32746|blue fever
32746|Mexican spotted fever
32746|São Paulo fever
32746|Tobia fever
78836|rod cell of retina
15855|rod2
55848|complete achromatopsia
58527|nemaline myopathy
15854|band cell
99188|scotopic vision
55563|Haemogamus pontiger
76001|x-ray1
78854|radiograph
78855|radiograph
78856|radiography
78859|radiometer
78860|x-ray dosimetry
12574|Roger murmur
25767|maladie de Roger
56549|bruit de Roger
56549|Roger bruit
76912|esophagosalivary reflex
25768|acute massive liver necrosis
25768|Chiari syndrome
66588|spondylolisthetic pelvis
25769|Mayer-Rokitansky-Küster-Hauser syndrome
88791|Mayer-Rokitansky-Küster-Hauser syndrome
7421|artery of central sulcus
6244|motor cortex
86043|gelatinous substance
94546|trigeminal tubercle
61704|subhypoglossal nucleus
88792|Ward-Romano syndrome
25770|facial hemiatrophy
82031|Romberg test
82031|rombergism
82031|station test
88793|facial hemiatrophy
90780|Romberg sign
78890|Romberg sign
61705|fastigial nucleus
78896|tegmen ventriculi quarti
78897|palate
78898|paries superior orbitae
78898|superior wall of orbit
78899|calvaria
78900|tegmental wall of tympanic cavity
78901|tegmen tympani
69577|dorsal plate of neural tube
78904|root of tooth
78904|radix1
266|alveolar abscess
3117|radectomy
3117|radiectomy
3117|radisectomy
5392|apex radicis dentis
5392|root tip
5392|tip of tooth root
13704|canalis radicis dentis
13704|marrow canal
13704|pulp canal
93485|endodontic treatment
22446|apical periodontal cyst
38372|periapical granuloma
33305|radicular fila
33305|under filum
34639|apical foramen of tooth
78916|radix nervi facialis
78917|tarsus1
78924|radix pulmonis
78928|radix mesenterii
78935|radix unguis
78938|radix nasi
78947|radix penis
78964|radix linguae
78964|base of tongue
78965|radix dentis
78965|root2
78965|radix2
73935|pulpa radicularis
73935|radicular pulp
77505|apicoectomy
92195|root apex
78971|fila radicularia
78966|radices nervi trigemini
90782|mucin clot test
90783|inkblot test
78979|acne rosacea
94572|granulomatous rosacea
25771|sinus histiocytosis with massive lymphadenopathy
48250|Bunsen-Roscoe law
78991|hipberries
78992|attar of rose
90786|Gmelin test
35111|pharyngeal recess
37212|proximal deep inguinal lymph node
60663|proximal deep inguinal lymph node
76438|pharyngeal recess
96726|lacrimal fold
13705|spiral canal of cochlea
97474|basal vein
78999|macular erythema
79002|exanthema subitum
50491|Nélaton line
79010|colophony
79010|resin2
32748|epidemic polyarthritis
76914|plantar muscle reflex
76914|Rossolimo sign
82033|Rossolimo reflex
79020|rostralis
47842|lamina rostralis
47842|rostral layer
47842|taeniola corporis callosi
48490|rostral lamina
60234|anterior neuropore
60234|cranial neuropore
79021|rostral
66589|osteomalacic pelvis
79025|rostrum of corpus callosum
79026|rostrum corporis callosi
79029|sphenoidal rostrum
79028|sphenoidal rostrum
46427|pivot joint
8976|fulcrum line
79042|rotator muscle
21789|musculotendinous cuff
57062|musculus rotator
57062|rotator
57063|musculi rotatores
57064|musculi rotatores cervicis/colli
57064|cervical rotator muscles
57065|musculi rotatores lumborum
57065|lumbar rotator muscles
57066|musculi rotatores thoracis
57066|thoracic rotator muscles
92067|spasmodic torticollis
79044|duovirus
79044|gastroenteritis virus type B
79044|infantile gastroenteritis virus
79044|reoviruslike agent
88794|poikiloderma atrophicans and cataract
88794|poikiloderma congenitale
88794|Rothmund-Thomson syndrome
88795|Rothmund syndrome
57067|circular fibers
57067|under fiber
50492|linea aspera
77847|granular endoplasmic reticulum
5658|Roughton-Scholander syringe
89219|Roughton-Scholander apparatus
25772|angina pectoris
34855|pseudoagglutination2
28631|medial eminence
32252|solitary tract
34641|foramen rotundum
39539|globular heart
49740|oblique cord of interosseous membrane of forearm
49741|ligament of head of femur
49742|ligamentum teres hepatis
49743|ligamentum teres uteri
49743|Hunter ligament
66590|mesatipellic pelvis
57068|pronator teres (muscle)
99936|fenestra cochleae
99936|cochlear window
99936|fenestra of the cochlea
99936|fenestra rotunda
53996|secondary tympanic membrane
8243|folded-lung syndrome
79702|avian sarcoma
79702|Rous tumor
94940|Rous sarcoma
25773|Roussy-Lévy syndrome
88797|Roussy-Lévy disease
52382|variegate porphyria
90791|rapid plasma reagin test
99028|respiratory syncytial virus
80631|ST segment
79100|mifepristone
99029|canine adenovirus 1
34769|clamp forceps
66591|caoutchouc pelvis
79113|epidemic roseola
79113|German measles
79113|röteln
79113|roetheln
79113|third disease
79113|three-day measles
99030|German measles virus
99031|measles virus
79121|acid fuchsin
93539|Holmes tremor
79128|pronormoblast
92994|tractus rubrobulbaris
32956|fibrae rubroolivares
92995|tractus rubropontinus
32253|fasciculi rubroreticulares
92997|tractus rubrospinalis
92997|Monakow bundle
92997|Monakow tract
92997|prepyramidal tract
79135|mumpvirus
79136|eructation
79138|rudimentum
79139|abortive2
79140|rudiment
79140|rudiment
79145|erythristic
1976|xanthism
79149|gastric folds
79149|under fold
79150|transverse palatine fold
79147|mucosal folds of gallbladder
79147|under fold
79151|gastric folds
79151|under fold
79152|vaginal rugae
79154|vaginal rugae
79155|mucosal folds of gallbladder
79155|under fold
19165|vaginal columns
79156|periosteal elevator
79158|rugous
79160|rugose
61080|rhinophyma
79197|rhinophyma
82036|capillary fragility test
90795|capillary fragility test
47213|patellofemoral stress syndrome
25774|wasting disease
88800|wasting syndrome1
58134|photochromogens
58135|scotochromogens
58136|nonchromogens
79211|hernia
25195|herniated disc
48710|zoonotic cutaneous leishmaniasis
11074|fuchsin bodies1
28043|photechic effect
28846|Japanese B encephalitis
99032|Japanese B encephalitis virus
34205|cantharis
28848|tick-borne encephalitis (Central European subtype)
99033|tick-borne encephalitis virus
28849|tick-borne encephalitis (Eastern subtype)
79234|rhytidosis
79235|rutoside
79237|rutin
53997|capillary lamina of choroid
97475|retroperitoneal veins
79244|ergot
