66776|S protein
95754|streptomycin units
79263|Sabin vaccine
79263|Sabin-Feldman dye test
96440|poliovirus vaccines
79264|Sabouraud agar
79264|Sabouraud pastils
79264|under pastil
79264|Sabouraud-Noiré instrument
79300|saccadic movement
79302|saccharo-
79306|saccharo-
79309|carbohydrates
37214|laryngeal glands
79359|Tay-Sachs disease
79361|Hill-Sachs lesion
79360|Sachs-Georgi test
79362|Libman-Sacks endocarditis
79362|Libman-Sacks syndrome
79363|sacro-
97476|lateral sacral veins
97476|median sacral vein
79371|muscle
34338|sacrouterine fold
34338|sacrovesical fold
79392|Saemisch section
79392|Saemisch ulcer
79393|Saenger operation
79404|Saint triad
79414|Salah sternal puncture needle
25776|cytomegalic inclusion disease
79447|sialorrhea
79450|Salk vaccine
96441|poliovirus vaccines
79462|salpingo-
79490|salpingopharyngeus (muscle)
79527|Salter incremental lines
79527|under line
79528|Salter-Harris classification of epiphysial plate injuries
79536|Koerber-Salus-Elschnig syndrome
79542|Salzmann nodular corneal degeneration
79605|Maldonado-San Jose stain
79566|Sanarelli phenomenon
79566|Sanarelli-Shwartzman phenomenon
79570|Sanchez Salorio syndrome
79577|Sandhoff disease
79578|Sandison-Clark chamber
79579|Sandström bodies
79579|under body
11076|parathyroid gland
79582|Sanfilippo syndrome
79583|Sanger reagent
79583|Sanger method
79606|Sansom sign
79607|Sanson images
79607|under image
79607|Purkinje-Sanson images
79607|under image
79610|Santorini canal
79610|Santorini cartilage
79610|Santorini major caruncle
79610|Santorini minor caruncle
79610|Santorini concha
79610|Santorini duct
79610|Santorini fissures
79610|under fissure
79610|Santorini incisures
79610|under incisure
79610|Santorini labyrinth
79610|Santorini muscle
79610|Santorini tubercle
79610|Santorini vein
79610|incisura santorini
79614|vein
97478|accessory saphenous vein
97478|great saphenous vein
97478|small saphenous vein
79624|Sappey fibers
79624|under fiber
79624|Sappey plexus
79624|Sappey veins
79624|under vein
79626|sapro-
79635|saprobe
79719|scabies
79719|mange
395|scabies1
79740|sartorius (muscle)
79741|Sartwell incubation model
79754|Sattler elastic layer
79754|Sattler veil
32323|saturated fatty acid
79763|Saundby test
79766|Savage perineal body
79773|Kearns-Sayre syndrome
80815|Debré-Sémélaigne syndrome
80815|Kocher-Debré-Sémélaigne syndrome
81352|Sézary cell
81352|Sézary erythroderma
81352|Sézary syndrome
82958|Sörensen scale
88169|staphylococcal scalded skin syndrome
88812|staphylococcal scalded skin syndrome
79847|scalenus anterior (muscle)
79847|musculus scalenus anticus
79847|scalenus medius (muscle)
79847|scalenus minimus (muscle)
79847|scalenus posterior (muscle)
79847|musculus scalenus posticus
79878|Scanzoni maneuver
79886|scaphoid (bone)
79908|Scardino vertical flap pyeloplasty
79909|Stookey-Scarff operation
79926|canals of Scarpa
79926|under canal
79926|membranous layer of subcutaneous tissue of abdomen
79926|Scarpa fluid
79926|Scarpa foramina
79926|under foramen
79926|fossa scarpae major
79926|Scarpa ganglion
79926|Scarpa habenula
79926|Scarpa hiatus
79926|Scarpa liquor
79926|Scarpa membrane
79926|Scarpa method
79926|Scarpa sheath
79926|Scarpa staphyloma
79926|Scarpa triangle
79927|Scatchard plot
79942|Scedosporium prolificans
79949|Schacher ganglion
79952|Schamberg fever
79953|Schapiro sign
79954|Schardinger dextrins
79954|under dextrin
79954|Schardinger enzyme
79954|Schardinger reaction
79956|Schatzki ring
79957|Schaudinn fixative
79958|Schaumann bodies
79958|under body
79958|Schaumann lymphogranuloma
79958|Schaumann syndrome
79958|Besnier-Boeck-Schaumann disease
79958|Besnier-Boeck-Schaumann syndrome
79960|Schauta vaginal operation
79950|Schäfer method
79951|Schäffer reflex
80084|Schönbein test
80085|Schönlein purpura
80085|Henoch-Schönlein purpura
80099|Schüffner granules
80099|under granule
80099|Schüffner dots
80099|under dot
80100|Schüller disease
80100|Schüller phenomenon
80100|Schüller syndrome
80100|Hand-Schüller-Christian disease
80101|Schüller ducts
80101|under duct
80108|Schütz law
80108|Schütz rule
80107|Schütz bundle
79961|Schede method
79965|Scheele green
79966|Scheibe hearing impairment
79967|Scheie syndrome
79968|Scheiner experiment
79969|Schellong test
79969|Schellong-Strisower phenomenon
79977|Schenck disease
79978|Scheuermann disease
79986|Schiötz tonometer
79979|Schick method
79979|Schick test
79979|Schick test toxin
79981|Schiff-Sherrington phenomenon
79980|Schiff base
79980|Schiff reagent
79980|Kasten fluorescent Schiff reagents
79980|under reagent
79980|periodic acid–Schiff stain
79980|ninhydrin-Schiff stain for proteins
76318|Feulgen stain
76318|periodic acid–Schiff stain
76318|ninhydrin-Schiff stain for proteins
79983|Schiller test
79984|Schilling blood count
79984|Schilling band cell
79984|Schilling index
79984|Schilling test
79984|Schilling type of monocytic leukemia
49024|monocytic leukemia
79987|Schirmer test
80008|tropic diseases
80008|under disease
80026|schizo-
80065|Osgood-Schlatter disease
80066|Schlemm canal
80067|Schlesinger sign
80067|Pool-Schlesinger sign
80068|schlieren optics
80069|McArdle-Schmid-Pearson disease
80070|Schmidel anastomoses
80070|under anastomosis
80071|Kety-Schmidt method
80074|Schmidt syndrome
80073|Schmidt-Lanterman clefts
80073|under cleft
80073|Schmidt-Lanterman incisures
80073|under incisure
80072|Schmidt-Thannhauser method
80075|Schmidt syndrome
80076|Schmorl nodule
80076|Schmorl ferric-ferricyanide reduction stain
80076|Schmorl picrothionin stain
80076|Schmorl jaundice
80078|Schneider carmine
80077|schneiderian membrane
80081|Schnitzler syndrome
80082|Scholander apparatus
80082|Roughton-Scholander apparatus
80082|Roughton-Scholander syringe
80083|Scholz disease
80093|Schott treatment
80095|Schreger lines
80095|under line
80095|Hunter-Schreger bands
80095|under band
80095|Hunter-Schreger lines
80095|under line
80096|Schridde cancer hairs
80096|under hair
80097|Schroeder operation
80098|Schuchardt operation
80102|Scultetus
80103|Schultz reaction
80103|Schultz stain
80104|Schultz-Charlton phenomenon
80104|Schultz-Charlton reaction
80104|Schultz-Dale reaction
76231|Schultz stain
80106|Schultze cells
80106|under cell
80106|Schultze membrane
80106|Schultze sign
80106|comma bundle of Schultze
80106|comma tract of Schultze
80105|Schultze fold
80105|Schultze mechanism
80105|Schultze phantom
80105|Schultze placenta
80109|Schwabach test
90808|Rinne test
80110|Schwalbe corpuscle
80110|Schwalbe nucleus
80110|Schwalbe ring
80110|Schwalbe spaces
80110|under space
61711|vestibular nuclei
80111|Schwann cells
80111|under cell
80111|Schwann cell unit
80111|Schwann white substance
80111|sheath of Schwann
80117|Schwartz tractotomy
80118|Schwartz syndrome
80119|Dische-Schwarz reagent
80120|sheath of Schweigger-Seidel
80121|Schweninger-Buzzi anetoderma
80121|Schweninger method
80138|gamma camera
80165|sclero-
80200|systemic sclerosis
80200|morphea
80377|scotopic vision
80380|Aarskog-Scott syndrome
80381|Scott operation
80382|Scott-Wilson reagent
80413|Scribner shunt
11316|inferior nasal concha
11316|middle nasal concha
11316|superior nasal concha
11316|supreme nasal concha
7425|anterior scrotal branch of deep external pudendal artery
7425|posterior scrotal branch of internal pudendal artery
7425|under branch
97483|anterior scrotal veins
97483|posterior scrotal veins
80429|Scultetus bandage
80429|Scultetus position
80469|Seashore test
90811|Halstead-Reitan battery
80477|sebo-
80482|Sebileau hollow
80482|Sebileau muscle
80498|Seckel dwarfism
80498|Seckel syndrome
10785|atrioventricular block
54001|egg membrane
77711|immune response
89193|syphilis
6246|visual cortex
20781|visual cortex
13771|intercellular canaliculus
13771|intracellular canaliculus
80548|gravida
80551|para
80567|Seeligmüller sign
80568|Seessel pocket
80568|Seessel pouch
71620|Seessel pocket
80712|Seidel scotoma
80712|Seidel sign
80713|Seignette salt
80714|Seiler cartilage
80715|Lawrence-Seip syndrome
80715|Seip syndrome
80765|Seldinger technique
80804|Selivanoff test
80809|Sellick maneuver
80810|adaptation syndrome of Selye
13710|semicircular canals (of bony labyrinth)
80830|semicomatose
14756|lateral meniscus
14756|medial meniscus
33119|lateral meniscus
33119|medial meniscus
80842|semimembranosus (muscle)
80858|semipennate muscle
80875|Semon-Hering theory
80876|Semple vaccine
80878|Senear-Usher disease
80878|Senear-Usher syndrome
38764|acacia
80887|Sengstaken-Blakemore tube
80970|sense
6247|cerebral cortex
92999|lemniscus
81000|septi-
81000|septico-
81000|septo-
61718|septal area
32257|semilunar fasciculus
93000|semilunar fasciculus
81037|septal area
81037|transparent septum
81168|Sergent white line
81168|Bernard-Sergent syndrome
69068|graduated pipette
81243|decidua
66961|pericardium
81263|Serres angle
81263|Serres glands
81263|under gland
81263|rests of Serres
81263|under rest
81266|Sertoli cell tumor
81266|Sertoli cells
81266|under cell
81266|Sertoli columns
81266|under column
81266|Sertoli-cell-only syndrome
81266|Sertoli-Leydig cell tumor
81266|Sertoli-stromal cell tumor
19166|Sertoli cells
19166|under cell
81306|Servetus circulation
82048|Collier sign
82048|Epstein sign
81334|Severinghaus electrode
78876|gender role
81342|sex-limited inheritance
81343|sex linkage
16540|gene
339|domestic violence
24201|bestiality
24201|pedophilia
37222|testis
37222|ovary
81370|Shaffer-Hartmann method
81388|Sharpey fibers
81388|under fiber
81389|Schäfer
81390|Shaver disease
49749|fibrous sheaths of digits of hand
49749|under sheath
49749|fibrous sheaths of toes
49749|under sheath
49749|fibrous tendon sheath
81487|Sheehan syndrome
81488|Freeman-Sheldon syndrome
81506|Shemin cycle
81507|Shenton line
81508|Shepherd fracture
81509|Sherman unit
81509|Sherman-Bourquin unit of vitamin B2
81509|Sherman-Munsell unit
81510|Sherrington phenomenon
81510|Sherrington law
81510|Schiff-Sherrington phenomenon
81510|Liddell-Sherrington reflex
81511|Shibley sign
81522|maturation index
81527|maturation index
81530|Shigella
81530|Shiga bacillus
81530|Shiga-Kruse bacillus
81538|Björk-Shiley valve
81544|Shine-Dalgarno sequence
81548|Shipley-Hartford scale
99045|parainfluenza viruses
81549|Shirodkar operation
81552|diastolic shock
81552|systolic shock
91402|shock treatment
93487|electroshock therapy
81589|Shone anomaly
81589|Shone complex
81589|Shone syndrome
81591|Shope fibroma
81591|Shope fibroma virus
81591|Shope papilloma
81591|Shope papilloma virus
99047|Shope papilloma
39394|short head of biceps brachii
39394|short head of biceps femoris
81592|acyl-CoA dehydrogenase (NADPH)
81599|Shprintzen syndrome
81600|Shrapnell membrane
81604|Shulman syndrome
81645|Shwachman syndrome
81645|Shwachman-Diamond syndrome
81646|Shwartzman phenomenon
81646|Shwartzman reaction
81646|generalized Shwartzman phenomenon
81646|Sanarelli-Shwartzman phenomenon
81647|Shy-Drager syndrome
95752|base units
95752|International System of Units
81654|sialo-
81690|salivation
81700|Sibson aponeurosis
81700|Sibson fascia
81700|Sibson groove
81700|Sibson muscle
81700|Sibson aortic vestibule
81701|Collet-Sicard syndrome
21369|sickle cell anemia
81765|Siegert sign
81766|Siegle otoscope
81774|Siggaard-Andersen nomogram
81787|sigmoido-
60667|signal lymph node
82105|ciguatera
82107|Porter-Silber chromogens
82107|under chromogen
82107|Porter-Silber reaction
82107|Porter-Silber chromogens test
82136|Silver-Russell dwarfism
82136|Silver-Russell syndrome
82149|Silverman-Lilly pneumotachograph
82148|Caffey-Silverman syndrome
82150|Silverskiöld syndrome
82155|Simmonds disease
82156|Simmons citrate medium
82158|Norton-Simon hypothesis
82157|Simon position
82159|Binet-Simon scale
82160|Simonart bands
82160|under band
82160|Simonart ligaments
82160|under ligament
82161|Simons disease
82167|Simpson uterine sound
82167|Simpson forceps
82168|Sims position
82168|Sims uterine sound
71944|cephalic presentation
82184|Blom-Singer valve
90820|gel diffusion precipitin tests in one dimension
90821|gel diffusion precipitin tests in two dimensions
43721|gel diffusion precipitin tests in one dimension
43721|under test
43721|gel diffusion precipitin tests in two dimensions
43721|under test
82186|hiccup
76921|carotid sinus syndrome
82366|Sipple syndrome
82367|Sippy diet
82371|Coffin-Siris syndrome
30879|recombination
82378|Sistrunk operation
82413|Letterer-Siwe disease
82416|Sjögren-Larsson syndrome
82416|Torsten Sjögren syndrome
82416|Marinesco-Sjögren syndrome
82415|Sjögren disease
82415|Sjögren syndrome
82415|Gougerot-Sjögren disease
82417|Sjöqvist tractotomy
92263|skeletal muscle
82445|Skene glands
82445|under gland
82445|Skene tubules
82445|under tubule
82445|Skene ducts
82445|under duct
34831|Haworth conformational formulas of cyclic sugars
82451|Skillern fracture
82475|skinnerian conditioning
82475|Skinner box
82477|Sklowsky symptom
82478|skodaic resonance
82478|Skoda rale
82478|Skoda sign
82478|Skoda tympany
82487|spinal length
50289|lime1
26063|night terrors
81738|Gambian trypanosomiasis
81738|Rhodesian trypanosomiasis
19212|decay
82523|Sly syndrome
4936|high frequency blood groups
4936|Blood Groups Appendix
82570|Smellie scissors
82572|Smith operation
82572|Smith-Indian operation
82575|Theobald Smith phenomenon
82571|Smith-Lemli-Opitz syndrome
82574|Smith fracture
82576|Smith-Riley syndrome
82577|Smith-Petersen nail
92264|smooth muscle
82600|Sneddon syndrome
82600|Sneddon-Wilkinson disease
82602|Snell law
82603|Snellen sign
82603|Snellen test types
82607|carbon dioxide snow
82611|anatomic snuffbox
82613|Snyder test
82630|Soave operation
82743|Soemmerring ganglion
82743|Soemmerring ligament
82743|Soemmerring muscle
82743|Soemmerring spot
82743|ring of Soemmerring
82744|Sohval-Soffer syndrome
82747|Sohval-Soffer syndrome
82768|soleus (muscle)
82839|somato-
60160|motor neuron
26064|conversion
26064|hysteria
26064|Briquet syndrome
82861|conjoined twins
82861|under twin
82907|Somogyi effect
82907|Somogyi method
82907|Somogyi unit
54867|Somogyi unit
82908|Sondermann canal
82922|anechoic
82924|sonomotor response
56163|soremouth
82959|Soret band
82959|Soret phenomenon
82963|Sorsby macular degeneration
82963|Sorsby syndrome
82965|Sotos syndrome
82966|Dejerine-Sottas disease
82975|Bernard-Soulier disease
82975|Bernard-Soulier syndrome
83038|Southern blot analysis
83039|Southey tubes
83039|under tube
83206|Spallanzani law
83295|Hallervorden-Spatz disease
83295|Hallervorden-Spatz syndrome
304|specific absorption coefficient
43672|acquired immunity
5099|antiserum
43671|acquired immunity
43673|acquired immunity
83396|curve of Spee
83422|Spens syndrome
8035|sperm-aster
97493|right testicular vein
97493|left testicular vein
83431|sperma-
83476|sperma-
66000|middle cerebral artery
83512|tensor veli palati (muscle)
83529|Geneva lens measure
83539|external anal sphincter
83539|internal anal sphincter
83653|sphygmo-
83681|bandage
83691|Spiegelberg criteria
83691|under criterion
83692|Spigelius
83693|cutaneous pseudolymphoma
83693|Spiegler-Fendt sarcoid
83694|Spielmeyer acute swelling
83694|Spielmeyer-Stock disease
83694|Spielmeyer-Vogt disease
83696|spigelian hernia
83696|Spigelius line
83696|Spigelius lobe
83701|Frazier-Spiller operation
83704|spino-
12174|great segmental medullary artery
12174|segmental medullary arteries
12174|under artery
21981|kyphosis
21981|lordosis
21981|scoliosis
76929|reflex arc
61729|spinal nucleus of trigeminal nerve
83737|spinalis (muscle)
32963|mitotic spindle
83790|Spinelli operation
93006|anterior spinocerebellar tract
93006|posterior spinocerebellar tract
93012|anterolateral system
83806|spiro-
83815|Spirillum
83843|Spirochaeta
83874|Spitz nevus
83875|Spitzer theory
83876|Spitzka nucleus
83876|Spitzka marginal tract
83876|Spitzka marginal zone
83876|column of Spitzka-Lissauer
83877|Spix spine
83879|splanchno-
83920|spleno-
83922|Splendore-Hoeppli phenomenon
83922|Lutz-Splendore-Almeida disease
7446|great segmental medullary artery
83937|splenius muscle of head
83937|splenius muscle of neck
96444|subunit vaccine
84023|spondylo-
84040|spina bifida
76565|classical conditioning
84069|sporo-
84070|endemic
84070|epidemic
84070|enzootic
84070|epizootic
340|domestic violence
84150|Sprengel deformity
84204|simple squamous epithelium
11467|squamosal border of parietal bone
11467|squamosal margin of greater wing of sphenoid
84223|ribonucleic acid
84255|Stader splint
84256|Staderini nucleus
84264|Stafne bone cyst
84265|period2The part of a microscope on which the microslide bears the object to be examined.3A particular step
84265|phase
84265|or position in a developmental process.For psychosexual stagesphase
84282|labor
84302|phlogiston
84303|Stahl ear
84549|treppe
84562|stuttering
84565|standard substance
84574|Stanley cervical ligaments
84574|under ligament
84578|Stannius ligature
84590|staphylo-
86248|d-glucose
84654|Stargardt disease
84656|Starling curve
84656|Starling hypothesis
84656|Starling law
84656|Starling reflex
84656|Frank-Starling curve
84657|Starr-Edwards valve
84661|Stas-Otto method
84755|Staub-Traugott effect
84755|Staub-Traugott phenomenon
84304|Hudson-Stähli line
68019|steal
84764|stearo-
84798|Steele-Richardson-Olszewski disease
84798|Steele-Richardson-Olszewski syndrome
84799|Graham Steell murmur
84800|Steenbock unit
84804|Stein-Leventhal syndrome
84805|Stein test
84806|Chédiak-Steinbrinck-Higashi anomaly
84806|Chédiak-Steinbrinck-Higashi syndrome
84807|Steinert disease
84808|Steinmann pin
84812|radii lentis
84812|under radius
84813|radii lentis
84813|under radius
84820|Stellwag sign
84824|Stender dish
84835|Stensen
84872|Stensen duct
84872|Stensen foramen
84872|Stensen plexus
84872|Stensen veins
84872|under vein
84873|stent
84873|Stent graft
84931|radiostereoscopy
20413|cordotomy2
84946|female sterility
84946|male sterility
84960|Stern posture
84961|sterno-
84966|sternalis (muscle)
84967|Sternberg cell
84967|Sternberg-Reed cell
84967|Reed-Sternberg cell
84971|sternochondroscapular muscle
49762|anterior sternoclavicular ligament
49762|posterior sternoclavicular ligament
84973|sternoclavicular muscle
84976|sternocleidomastoid (muscle)
39398|pectoralis major (muscle)
66010|pectoralis major (muscle)
84979|musculus sternofascialis
84981|sternohyoid (muscle)
7449|sternocleidomastoid branch of superior thyroid artery
7449|sternocleidomastoid branches of occipital artery
7449|under branch
84984|conjoined twins
84984|under twin
84987|sternothyroid (muscle)
85011|stetho-
85025|Stevens-Johnson syndrome
85028|Stewart-Morel syndrome
85027|Stewart test
85027|Stewart-Hamilton method
85026|Stewart-Treves syndrome
85029|Stewart-Holmes sign
15902|stichochrome
85044|Stickler syndrome
85046|Stieda process
85045|Pellegrini-Stieda disease
85047|Stierlin sign
85059|Stiles-Crawford effect
85060|stylet
85061|Still disease
85061|Still murmur
85061|Still-Chauffard syndrome
85064|Stilling canal
85064|Stilling column
85064|Stilling nucleus
85064|Stilling raphe
85064|Stilling gelatinous substance
85065|stylus
20155|classical conditioning
36692|conditioning
36692|classical conditioning
85108|Stirling modification of Gram stain
4941|low frequency blood groups
4941|Blood Groups Appendix
85114|Spielmeyer-Stock disease
85116|Stocker line
85117|Stoffel operation
85123|Stokes law1
85123|Cheyne-Stokes psychosis
85123|Cheyne-Stokes respiration
85123|Stokes-Adams disease
85123|Adams-Stokes disease
85123|Morgagni-Adams-Stokes syndrome
85122|stoke
85122|Stokes law2
85122|Stokes law3
85124|Stokes amputation
85124|Gritti-Stokes amputation
85126|stomato-
85150|stomato-
85203|Stookey-Scarff operation
85203|Queckenstedt-Stookey test
62911|third ventriculostomy
85212|memory
85218|wiring
66011|cricothyroid muscle
85271|Grönblad-Strandberg syndrome
85279|Strassburg test
85345|lateral geniculate body
85364|lateral geniculate body
85314|layers of dentate gyrus
85314|under layer
85320|gray layers of superior colliculus
85320|under layer
85321|gray layers of superior colliculus
85321|under layer
85323|gray layers of superior colliculus
85323|under layer
85351|layers of hippocampus
85351|under layer
85353|layers of dentate gyrus
85353|under layer
85362|layers of hippocampus
85362|under layer
85372|layers of hippocampus
85372|under layer
85373|layers of hippocampus
85373|under layer
85385|Straus reaction
85385|Straus sign
85386|Churg-Strauss syndrome
60407|capillary hemangioma
85387|Gerstmann-Sträussler-Scheinker syndrome
85701|Strümpell disease
85701|Strümpell phenomenon
85701|Strümpell reflex
85701|Fleischer-Strümpell ring
85701|Strümpell-Marie disease
85701|Marie-Strümpell disease
85399|ameboid movement
85401|Streeter developmental horizon(s)
85403|Hallermann-Streiff syndrome
85403|Hallermann-Streiff-François syndrome
22028|chronaxie
22028|rheobase
85508|Baillarger lines
85508|under line
85509|Baillarger lines
85509|under line
6254|visual cortex
20784|visual cortex
85608|Schellong-Strisower phenomenon
85643|Strong vocational interest test
85702|Rayleigh
85707|Stryker-Halbeisen syndrome
85708|Stryker frame
85708|Stryker saw
85712|Student t test
85744|Sturge-Weber syndrome
85744|Sturge-Weber disease
85745|Sturm conoid
85745|Sturm interval
85746|Sturmdorf operation
85748|explosive speech
85748|stammering
85758|styloauricular (muscle)
85759|styloglossus (muscle)
85762|styloid process of third metacarpal bone
85762|styloid process of temporal bone
85762|styloid process of radius
85762|styloid process of ulna
85764|musculus stylolaryngeus
85768|stylopharyngeus (muscle)
28945|prion
85810|subliminal
85818|subclavius (muscle)
61737|reticular nuclei of mesencephalon
66012|external anal sphincter
71288|external anal sphincter
87278|Halsted suture
85849|spatium subdurale
85924|submetacentric chromosome
18156|laryngotracheoesophageal cleft
59944|posttraumatic neck syndrome
60013|posttraumatic neck syndrome
43837|implant denture substructure
85976|subscapularis (muscle)
8246|Fleischner lines
8246|under line
86075|central and lateral intermediate substances
86075|under substance
86076|central and lateral intermediate substances
86076|under substance
86119|subtalar joint
86181|Sucquet anastomoses
86181|under anastomosis
86181|Sucquet canals
86181|under canal
86181|Sucquet-Hoyer anastomoses
86181|under anastomosis
86181|Sucquet-Hoyer canals
86181|under canal
86206|Sudeck atrophy
86206|Sudeck critical point
86206|Sudeck syndrome
86264|Sugiura procedure
86356|middle frontal sulcus
86386|anterior interventricular sulcus
86386|posterior interventricular sulcus
86610|sulf-
86662|Sulkowitch reagent
86663|sulf-
86664|Bloch-Sulzberger disease
86664|syndrome
86664|Sulzberger-Garbe disease
86664|Sulzberger-Garbe syndrome
86667|Sumner sign
85621|sunstroke
48510|gray layers of superior colliculus
48508|superficial layer of deep cervical fascia
48508|superficial layer of the levator palpebrae superioris
48508|superficial layer of temporal fascia
66016|external anal sphincter
66017|masseter (muscle)
66018|parotid gland
97517|superficial vein
97520|superficial vein
11471|superior border of body of pancreas
11471|superior border of petrous part of temporal bone
11471|superior border of scapula
11471|superior border of spleen
11471|superior border of suprarenal gland
61745|raphe nuclei
83616|inferior constrictor (muscle) of pharynx
51868|gluteal lymph nodes
97531|left superior intercostal vein
97531|right superior intercostal vein
7477|left pulmonary artery
7478|left pulmonary artery
7478|right pulmonary artery
32267|occipitofrontal fasciculus
51870|pancreatic lymph nodes
51871|pancreaticoduodenal lymph nodes
66021|duodenum
70708|superior pole of kidney
70708|upper pole of testis
76451|pneumatoenteric recess
7483|left pulmonary artery
7483|right pulmonary artery
7483|segmental arteries of kidney
7484|segmental arteries of kidney
61749|vestibular nuclei
86713|supernatant fluid
86738|supinator (muscle)
86738|biceps brachii (muscle)
61750|anterior hypothalamic area
86770|supraclavicular muscle
86781|epiglottitis
61755|posterior hypothalamic area
86802|canal
86802|foramen
86802|notch
86802|nerve
52809|orbital margin
86808|adrenal
97544|right suprarenal vein
97544|left suprarenal vein
86813|supraspinalis (muscle)
86814|supraspinatus (muscle)
87128|Sutton disease
87128|Sutton ulcer
87127|Sutton nevus
87291|Suzanne gland
87295|Svedberg equation
87295|Svedberg of flotation
87295|Svedberg unit
30065|sedimentation constant
4943|low frequency blood groups
4943|Blood Groups Appendix
87306|Swan-Ganz catheter
4944|low frequency blood groups
4944|Blood Groups Appendix
87308|Puchtler-Sweat stains
87308|under stain
87314|Sweet disease
87334|Swyer-James syndrome
87334|Swyer-James-MacLeod syndrome
87336|Sydenham chorea
87336|Sydenham disease
87339|Sylvest disease
87342|caro quadrata sylvii
87342|os sylvii
87341|sylvian angle
87341|sylvian aqueduct
87341|sylvian fissure
87341|sylvian line
87341|sylvian point
87341|sylvian valve
87341|sylvian ventricle
87341|fossa of Sylvius
87341|vallecula sylvii
87343|syn-
87360|Syme amputation
87360|Syme operation
87361|Symington anococcygeal body
87363|Symmers clay pipestem fibrosis
1703|sympathomimetic amine
87376|sympath-
87386|sympath-
19467|syndrome
38635|syndrome
38635|complex1
87470|Syms tractor
87472|conjoined twins
87472|under twin
87495|articulation
87499|conjoined twins
87499|under twin
87582|syndesmo-
81457|synovial tendon sheath
81457|vagina synovialis trochleae
81457|synovial sheaths of digits of hand
81457|synovial sheaths of toes
89171|syphilo-
89205|syringo-
89408|International System of Units
45247|electromechanical systole
45247|left ventricular ejection time
45247|preejection period
