15912|T lymphocyte
15920|cytotoxic cell1
51899|T cell
94773|tubulus transversus
9434|T-binder
10230|T-bandage
13080|tert-butyloxycarbonyl
33711|tracheoesophageal fistula
15925|helper cells
92302|Ureaplasma
96448|typhoid-paratyphoid A and B vaccine
90884|triiodothyronine uptake test
89454|anatomic snuffbox
85553|tigroid striation
89457|tabetic neurosyphilis
89463|tabic
89463|tabid
21370|crisis2
21794|analgesic cuirass
21794|Hitzig girdle
60295|myelosyphilis
60295|posterior sclerosis
60295|posterior spinal sclerosis
60295|tabes dorsales
89465|tabetic
89466|tabetic
79522|salt2
89483|tabule
89495|tablet
89500|macula albida
89501|milk spots
89501|under spot
89501|macula albida
88915|bradytachycardia syndrome
88272|bradytachycardia syndrome
89510|polycardia
89510|tachyrhythmia
89510|tachysystole
89537|polypnea
89539|tachycardia
89541|tachycardia
1799|astereognosis
1799|stereoagnosis
1799|stereoanesthesia
15915|touch cell
20695|corpusculum tactus
20695|Meissner corpuscle
20695|oval corpuscle
20695|touch corpuscle
25201|tactile meniscus
28428|toruli tactiles
42323|hyperaphia
54180|meniscus tactus
54180|Merkel corpuscle
54180|Merkel tactile cell
54180|Merkel tactile disc
54180|tactile disc
63225|organ of touch
80917|touch1
89546|esthesiometer
90858|Halstead-Reitan battery
89568|tenia2
89552|Taenia solium
89553|Taenia taeniaeformis
89555|Taenia solium
89556|Anoplocephala perfoliata
89564|Anoplocephala perfoliata
89566|Taenia armata
89566|Taenia dentata
89567|Hydatigera taeniaeformis
89567|Taenia crassicollis
90150|medullary striae of fourth ventricle
90150|under stria
90187|rostral lamina
84510|Unna-Taenzer stain
8322|labeled atom
89586|cauda
11335|coccyx
12675|caudal eminence
89588|cauda nuclei caudati
89588|cauda striati
89589|uncus band of Giacomini
89590|cauda epididymidis
89590|cauda epididymis
89590|globus minor
89591|cauda helicis
89592|cauda pancreatis
89593|axillary process of breast
98333|coccygeal vertebrae [Co1–Co4]
89594|caudal eminence
89595|postanal gut
57195|sartorius (muscle)
89598|α-amylase
25840|acatalasia
6928|pulseless disease
6928|Takayasu disease
6928|Takayasu syndrome
25841|Takayasu arteritis
88917|Takayasu arteritis
88274|Takayasu arteritis
87025|facies articularis calcanea (anterior
87025|media
87025|et posterior) tali
87025|facies articularis talaris calcanei
81495|sustentaculum tali
86527|sulcus tali
89607|French chalk
89607|soapstone
89607|talcum
62915|poudrage2
89610|talc
89617|calcaneus2
89618|contracted foot
89618|pes cavus
89618|talipes plantaris
89619|equinovalgus
89619|pes equinovalgus
89620|clubfoot
89620|equinovarus
89620|pes equinovarus
89622|talipes cavus
89623|pes planus
89624|metatarsus latus
89625|pes abductus
89625|pes pronatus
89625|pes valgus
89626|pes adductus
89626|pes varus
82628|animal soap
49795|interosseous talocalcaneal ligament
49795|ligamentum talocalcaneare interosseum
46459|subtalar joint
49794|ligamentum talocalcaneum
46460|articulatio talocalcaneonavicularis
7779|ankle joint
46461|ankle joint
89633|astragaloscaphoid
89633|taloscaphoid
49796|ligamentum talonaviculare
89634|talonavicular
46463|ankle joint
89637|ankle bone
83025|bruit de tambour
45538|iodophor
56337|Tamm-Horsfall protein
56337|urinary slime
56337|uromucoid
73050|Tamm-Horsfall mucoprotein
89646|tamponing
89650|tamponade2
89650|tamponage
89651|thujone
47074|L-shaped kidney
80395|Bjerrum screen
25842|analphalipoproteinemia
77668|Drinker respirator
95461|chrome ulcer
23338|primary pigmentary degeneration of retina
89679|Fielding membrane
89679|membrana versicolor
89680|periodontium
89681|pigmented layer of retina
89682|pigmented layer of retina
89689|cassava starch
56164|bouche de tapir
89690|tapping1
89691|tapotement
89691|paracentesis
749|chloracne
13546|naphthalene
27652|Tardieu petechiae
27652|Tardieu spots
67528|Tardieu ecchymoses
67528|under ecchymosis
84135|Tardieu ecchymoses
84135|under ecchymosis
22164|late cyanosis
27284|lingual-facial-buccal dyskinesia
27284|tardive syndrome
88276|tardive dyskinesia
88919|tardive dyskinesia
89707|target organ
9885|operant
15917|Mexican hat cell
63226|target3
77714|operant
83188|interpeduncular cistern
90167|terminal stria
96733|inferior medullary velum
89714|estragon oil
11336|ossa tarsi
11336|tarsale
11336|ossa tarsalia
13721|tarsal sinus
22465|chalazion
37236|glandulae tarsales
37236|meibomian glands
37236|palpebral glands
49798|ligamenta tarsi interossea
46464|intertarsal joints
49797|ligamenta tarsi
82325|sinus tarsi
82325|tarsal canal
89717|tarsal bones
89717|under bone
89718|podalgia
726|Trevor disease
89727|Trevor disease
46465|articulationes tarsometatarsales
46465|cuneometatarsal joints
46465|Lisfranc joints
49799|ligamenta tarsometatarsalia
89732|intertarsal
89733|tibiotarsal
89735|root of foot
89736|inferior tarsus
89738|superior tarsus
89740|dental calculus2
89742|antimony potassium tartrate
5022|antimony potassium tartrate
89749|hydrazine yellow
25843|glycogenosis type 7
12676|caliculus gustatorius
12676|gustatory bud
12676|organ of taste
12676|Schwalbe corpuscle
12676|taste bulb
12676|taste corpuscle
12724|taste bud
15919|gustatory cells
20696|taste bud
71199|porus gustatorius
71199|gustatory pore
89768|cholaic acid
25844|Taussig-Bing syndrome
88921|Taussig-Bing disease
88278|Taussig-Bing disease
60675|atrioventricular node
84136|cherry-red spot
25846|infantile G(null)gangliosidosis
5662|Taylor back brace
11636|Taylor apparatus
11636|Taylor splint
84007|Taylor back brace
12814|anterior corticospinal tract
19173|anterior corticospinal tract
93026|anterior corticospinal tract
15938|irritation cell
15938|Türk leukocyte
49074|Türk cell
89815|thea
60676|vocal fold nodules
60676|under nodule
16012|O-(triethylaminoethyl) cellulose
33354|precorneal film
79293|lacrimal sac
85201|dacryolith
89829|epiphora
89830|lacrimal fluid
89833|nipple
89833|breast
89833|papilla
89842|technique
89844|technologist
89845|technic
89881|actual cautery
89882|technician
61759|fastigial nucleus
69586|lamina of mesencephalic tectum
85540|lateral longitudinal stria
93018|tractus tectobulbaris
89892|scaphocephalic
89893|scaphocephaly
32980|fibrae tectoolivares
32981|fibrae tectopontinae
93019|tractus tectopontinus
93019|tract of Münzer and Wiener
32982|fibrae tectoreticulares
54014|membrana tectoria (articulationis atlantoaxialis medianae)
54014|apparatus ligamentosus weitbrechti
54014|posterior occipitoaxial ligament
54013|membrana tectoria ductus cochlearis
54013|Corti membrane
54013|tectorium2
89897|tectorial membrane of cochlear duct
93020|tractus tectospinalis
93020|Held bundle
93020|Loewenthal bundle
93020|Loewenthal tract
93020|Marchi tract
93020|predorsal bundle
89901|lamina of mesencephalic tectum
89902|lamina of mesencephalic tectum
89904|sesame oil
89907|odontiasis
89908|hobo spider
89912|roof of tympanum
89913|roof of fourth ventricle
23124|decussationes tegmentales
33271|fields of Forel
61761|Gudden tegmental nuclei
61761|nuclei tegmenti
78963|tegmental wall of tympanic cavity
99550|tegmental wall of tympanic cavity
99551|paries tegmentalis cavi tympani
99551|tegmental root of tympanic cavity
99551|roof of tympanic cavity
99551|tegmental wall of middle ear
89916|mesencephalic tegmentum
89917|mesencephalic tegmentum
89920|mesencephalic tegmentum
89921|dorsal part of pons
89925|rhombencephalic tegmentum
89922|dorsal part of pons
89923|rhombencephalic tegmentum
89926|integument
89926|integument2
21737|chlorohemin crystals
89930|fortification phenomenon
89934|choroid membrane
89936|tela choroidea of fourth ventricle
89935|tela choroidea ventriculi quarti
89935|tela choroidea inferior
89938|tela choroidea ventriculi tertii
89938|tela choroidea superior
89938|triangular lamella
89938|velum interpositum
89938|velum triangulare
89937|tela choroidea of third ventricle
89939|tela choroidea of fourth ventricle
89940|tela choroidea of third ventricle
89941|connective tissue
89942|elastic tissue
89943|subcutaneous tissue
89944|subcutaneous tissue of abdomen
89945|subcutaneous tissue of penis
89946|subcutaneous tissue of perineum
89947|submucosa
89948|submucosa of bronchus
89949|submucosa of esophagus
89950|submucosa of stomach
89951|submucosa of large intestine
89952|submucosa of small intestine
89953|pharyngobasilar fascia
89954|submucosa of bladder
89955|subserosa
89956|subserosa of esophagus
89957|subserosa of stomach
89958|subserosa of liver
89959|subserosa of large intestine
89960|subserosa of small intestine
89961|subserosa of pericardium
89962|subserosa of peritoneum
89963|subserosa of pleura
89964|subserosa of testis
89965|subserosa of uterine tube
89966|subserosa of uterus
89967|subserosa of bladder
89968|subserosa of gallbladder
89969|choroid plexus
89971|referred pain
89972|angiotelectasis
89972|angiotelectasia
89977|lymphangiectasis
89982|angiokeratoma
50813|angiolipoma
99599|angiokeratoma
89987|trichangion
89991|canthal hypertelorism
89992|telelectrocardiogram
89998|fortification spectrum
89999|telecardiogram
90005|corticalization
90006|endbrain
90009|perfect stage
90014|harmine
90016|extrasensory thought transference
90016|mind-reading
87084|telesurgery
90017|teleroentgenography
91409|radium beam therapy
90021|automatism
90022|teleradiography
90023|teletherapy
23696|overlay denture
90027|telepresence surgery
90029|teleroentgentherapy
62916|modified radical hysterectomy
90035|end-brush
90037|postpartum alopecia
28073|postpartum alopecia
90040|telophase
90045|telokinesia
90046|Sporozoea
90049|temperament2
90050|temper1
90066|melting temperature
80918|thermoesthesia
78480|messenger RNA
5579|temporal fascia
5593|mastoid process
6929|cranial arteritis
6929|extracranial arteritis
6929|giant cell arteritis
6929|granulomatous arteritis
6929|Horton arteritis
11337|os temporale
12212|rami temporales nervi facialis
20788|temporal lobe
21287|crista temporalis mandibulae
32144|fascia temporalis
32144|temporal aponeurosis
35142|fossa temporalis
41568|inferior horn of lateral ventricle
50521|linea temporalis ossis frontalis
51086|lobus temporalis
51086|temporal cortex
29823|uncinate fit
57196|temporalis (muscle)
69348|planum temporale
70711|temporal pole [TA] of cerebrum
70712|polus temporalis
70712|temporal pole
72355|processus temporalis ossis zygomatici
77241|regio temporalis capitis
78620|inferior temporal line of parietal bone
78620|superior temporal line of parietal bone
84187|squamous part of temporal bone
87026|facies temporalis
87027|facies temporalis ossis frontalis
87028|facies temporalis alaris majoris ossis sphenoidalis
87029|facies temporalis ossis zygomatici
90078|temporalis (muscle)
57197|musculus temporalis
57197|temporal muscle
57197|temporalis
9610|baseplate
13464|provisional callus
14766|ossifying cartilage
14766|precursory cartilage
23697|interim denture
54062|short-term memory
77747|provisional restoration
85571|spasmodic stricture
92593|deciduous tooth
93021|unciform fasciculus
90082|temporozygomatic
90083|temporomaxillary2
25202|articular disc of temporomandibular joint
7780|temporomandibular joint
46466|articulatio temporomandibularis
46466|articulatio mandibularis
46466|jaw joint
46466|mandibular joint
46466|temporomandibular articulation
88924|myofascial pain-dysfunction syndrome
88281|myofascial pain-dysfunction syndrome
49800|lateral ligament of temporomandibular joint
59596|zygomatic nerve
90084|temporomandibular
97552|retromandibular vein
57198|temporoparietalis (muscle)
57199|musculus temporoparietalis
57199|temporoparietal muscle
32983|fibrae temporopontinae
93022|Arnold bundle
93022|Arnold tract
93022|tractus temporopontinus
90089|temporomalar
87279|sutura temporozygomatica
87279|sutura zygomaticotemporalis
87279|zygomaticotemporal suture
90091|utilization time
90092|time
90099|tenodynia
90100|tenosynovitis crepitans
50522|Head lines
70624|Valleix points
100521|Head lines
100521|under line
90107|tendonitis
90107|tenonitis2
90109|tenontoplasty
90109|tenoplasty
90110|tenorrhaphy
6036|arcus tendineus
6037|arcus tendineus musculi levatoris ani
6037|arcus tendineus of obturator fascia
6037|arcus tendineus of pelvic diaphragm
6038|arcus tendineus fasciae pelvis
6039|arcus tendineus musculi solei
16761|chiasma tendinum
16761|Camper chiasm
20385|chordae tendineae (of heart)
20385|under chorda
44809|tendinous intersection
45189|intersectio tendinea
45189|inscriptio tendinea
45189|tendinous inscription
45190|intersectiones tendineae musculi recti abdominis
62760|adductor hiatus
81463|vagina tendinum musculorum abductoris longi et extensoris brevis pollicis
81464|vagina tendinum musculorum extensorum carpi radialium
81465|vagina tendinis musculi extensoris carpi ulnaris
81465|peritenon
81466|vagina tendinis musculi extensoris digiti minimi
81467|vagina tendinum musculorum extensoris digitorum et extensoris indicis
81468|vagina tendinum musculi extensoris digitorum (pedis) longi
81469|vagina tendinis musculi extensoris hallucis longi
81470|vagina tendinis musculi extensoris pollicis longi
81471|vagina tendinis musculi flexoris carpi radialis
81472|vagina tendinum musculi flexoris digitorum (pedis) longi
81473|vagina tendinis musculi flexoris hallucis longi
81474|vagina tendinis musculi flexoris pollicis longi
81474|radial bursa
81476|vagina tendinis musculi obliqui superioris
81476|synovial trochlear bursa
81476|trochlear synovial bursa
81476|vagina synovialis trochleae
81477|vagina tendinis musculi tibialis anterioris
81478|vagina tendinis musculi tibialis posterioris
81475|vaginae tendinum membri inferioris
81479|vaginae tendinum membri superioris
84138|macula albida
89137|tenosynovitis
90112|tendon
90113|calcaneal tendon
76952|Achilles reflex
90114|calcaneal tendon
90116|inguinal falx
90117|cricoesophageal tendon
90118|medial palpebral ligament
90119|medial palpebral ligament
90121|tenolysis
90123|tendo
90123|sinew
76469|curb tenotomy
88925|Brown syndrome
88925|Paterson-Brown-Kelly syndrome
88282|Brown syndrome
88282|Paterson-Brown-Kelly syndrome
87280|tenorrhaphy
90138|tendinitis
90138|tenontitis
90139|tenophony
90140|tenosynovitis
90141|tenotomy
90143|tenosynovitis
90145|tenonectomy
90149|taenia2
90151|choroid line
90151|tenia telae
90154|tenia fornicis
90155|tenia fimbriae
90155|tenia of the fornix
90159|fimbria hippocampi
90160|free tenia
90163|mesocolic tenia
90157|tenia ventriculi quarti
90156|tenia fornicis
90165|omental tenia
90166|terminal stria
90169|tenia choroidea
90170|crista terminalis of right atrium
90171|tenia ventriculi tertii
90171|thalamic tenia
90174|tenia of fourth ventricle
90175|tenia thalami
90176|tenicide
90152|bands of colon
90152|colic teniae
90152|teniae of Valsalva
90173|teniae coli
90177|tenifuge
90181|teniacide
90182|tenioid
90184|teniafuge
90185|teniform
28218|epicondylalgia externa
28218|lateral humeral epicondylitis
90190|tenalgia
90191|tonofibril
90192|tendolysis
90193|tenontomyoplasty
90194|myotenotomy
14094|fascial sheath of eyeball
83189|episcleral space
90197|tenectomy
90198|tendinitis
90199|tendonitis
90203|tenomyoplasty
90204|myotenotomy
90206|tendinoplasty
90207|tendophony
90210|tendinoplasty
90212|tendinosuture
90212|tendon suture
90212|tenosuture
90215|tenorrhaphy
90217|tendinous synovitis
90217|tendosynovitis
90217|tendovaginitis
90217|tenovaginitis
90218|tenalgia crepitans
90224|tendotomy
90228|tenosynovitis
66028|pars tensa membranae tympanicae
66028|membrana tensa
66028|membrana vibrans
74019|cordy pulse
39431|muscle contraction headache
39431|tension-type headache
50523|lineae distractione
50523|cleavage lines
50523|Langer lines
70459|pressure pneumothorax
87281|retention suture
39432|tension headache
57201|tensor fasciae latae (muscle)
57202|tensor veli palati (muscle)
57205|tensor tympani (muscle)
57200|musculus tensor fasciae latae
57200|tensor (muscle) of fascia lata
57200|musculus tensor fasciae femoris
57204|musculus tensor tympani
57204|tensor (muscle) of tympanic membrane
57204|Toynbee muscle
57206|musculus tensor veli palatini
57206|musculus palatosalpingeus
57206|tensor (muscle) of soft palate
59599|vagus nerve [CN X]
12213|ramus basalis tentorii partis cavernosae arteriae carotidis internae
12213|basal tentorial branch of internal carotid artery
12214|ramus marginalis tentorii partis cavernosae arteriae carotidis internae
12214|marginal tentorial branch of internal carotid artery
12214|ramus marginalis tentorii arteriae carotidis internae
59600|ramus meningeus recurrens nervi ophthalmici
59600|ramus tentorii
59600|nervus tentorii
61199|incisura tentorii
61199|incisura of tentorium
61199|notch of tentorium
82327|straight sinus
90247|cerebellar tentorium
90249|diaphragma sellae
90254|bradykinin-potentiating peptide
90259|teratosis
94950|teratoma
90270|teratoid tumor
90271|orbitopagus
90276|teratism
90283|teratozoospermia
90284|teratospermia
90287|terebinthine
90288|terebinthinate
90289|turpentine poisoning
57207|musculus teres major
57208|musculus teres minor
90293|dorsal1
90294|dorsum
29591|DNA nucleotidylexotransferase
7501|end artery
11592|axon terminals
11592|under terminal
12418|bronchiolus terminalis
21288|crista terminalis of right atrium
90303|DNA nucleotidylexotransferase
14394|polymorphous low-grade carcinoma of salivary glands
29060|nonbacterial thrombotic endocarditis
33391|filum terminale
33391|nervus impar
33391|terminal thread
36230|ganglion terminale
43480|pars terminalis ilei
44400|agonal infection
49103|agonal leukocytosis
50524|linea terminalis of pelvis
59601|nervus terminalis
20697|corpuscula nervosa terminalia
61201|incisura terminalis auricularis
61201|auricular notch2
61201|incisura terminalis auris
61764|nucleus terminationis
61764|secondary sensory nuclei
64184|end oxidation
66029|pars terminalis
69587|lamina terminalis of cerebrum
67150|terminal saccular period of lung development
67151|terminal sac period
79343|terminal sacs
79294|terminal saccules
79294|under saccule
85541|stria terminalis
85541|Foville fasciculus
85541|Tarin tenia
85541|tenia semicircularis
86538|sulcus terminalis
86543|sulcus terminalis linguae
91737|terminal filum
97553|superior thalamostriate vein
98135|ventriculus terminalis
90304|termination
90307|terminatio
18688|nonsense codon
18688|punctuation codon
18688|stop codon
18688|termination sequence
18688|termination signal
31808|releasing factors2
81147|termination codon
82101|termination codon
90305|nerve terminals
90305|under terminal
90306|free nerve endings
90306|under ending
90321|trioxide
90325|terpinol
90327|terpin hydrate
53165|cartilage capsule
88926|retinopathy of prematurity
88283|retinopathy of prematurity
37237|conjunctival glands
13109|t-butoxycarbonyl
32778|vivax malaria
52415|vivax malaria
65281|Plasmodium vivax
3162|amylene hydrate
13342|tribasic calcium phosphate
20789|paracortex
23636|irregular dentin
23636|irritation dentin
23636|reparative dentin
89194|late syphilis
98650|stem villus
25847|infectious porcine encephalomyelitis
99070|infectious porcine encephalomyelitis virus
21957|high-frequency current
35735|fundus tigré
35735|leopard fundus
35735|leopard retina
35735|mosaic fundus
35735|tigroid fundus
35735|tigroid retina
72573|biochemical profile
90930|orchialgia
90931|backcross2
90932|orchiectomy
90934|testis
70043|plexus (nervosus) testicularis
70043|periarterial plexus of testicular artery
70043|plexus periarterialis arteriae testicularis
70043|spermatic plexus
5682|appendix of testis
7502|arteria testicularis
7502|arteria spermatica interna
7502|internal spermatic artery
20386|spermatic cord
26901|ductus deferens
43839|testicular prosthesis
72901|testicular implant
90936|testis
90945|didymus
90945|genital gland1
90945|male gonad
90945|orchis
90945|testicle
90945|testiculus
20387|seminiferous cords
27843|ectopia testis
27843|parorchidium
90953|orchitis
90955|androgenic
90955|androgen
37504|sex hormone-binding globulin
20240|tonic convulsion
90965|tetanoid1
90967|neonatal tetany
90971|tetaniform
90976|tetanus toxin
37505|tetanus immunoglobulin
43751|tetanus immune globulin
90987|neonatal tetanus
92773|tetanotoxin
91011|pyroboric acid
91015|cellon
91017|carbon tetrachloride
91019|cosyntropin
91022|quadricuspid
61766|perhydrocyclopenta[a]phenanthrene
61766|steroid nucleus
91024|tetralogy
91027|quadridigitate
91028|myristic acid
91032|lead tetraethyl
91034|disulfiram
91044|methionine synthase
91045|coenzyme C
91045|coenzyme F
91047|iodophthalein
91048|tetrad1
91050|Fallot tetrad
790|acridine orange
91058|cacodyl
91061|tetrotus
91062|quadriparesis
91066|quadriplegia
91067|quadriplegic
91080|quadrivalent
91086|tetraotus
49801|pulmonary ligament
10734|alexia
91094|loose connective tissue of abdomen
91095|loose connective tissue of subcutaneous tissue
99072|transmissible gastroenteritis virus of swine
32268|fasciculus thalamicus
61767|arcuate nucleus of thalamus
88930|Dejerine-Roussy syndrome
88287|Dejerine-Roussy syndrome
90172|tenia thalami
7503|arteria thalamogeniculata
7504|arteria thalami perforans
7505|arteria thalamotuberalis
7505|premammillary artery
91124|Cooley anemia
91127|mariposia
1617|Thayer-Martin medium
53516|Thayer-Martin agar
91154|tea
91155|theinism
91158|paramorphine
34664|openings of smallest cardiac veins
34664|under opening
96735|valve of coronary sinus
97556|smallest cardiac veins
94951|thecoma
15924|surface mucous cells of stomach
91161|pericardium
91162|tunica externa thecae folliculi
91164|tunica interna thecae folliculi
15923|paraluteal cell
15923|paralutein cell
91165|synovial tendon sheath
91166|spinal dura mater
91169|theca cell tumor
13724|transverse pericardial sinus
37238|glands of biliary mucosa
57210|superficial transverse perineal muscle
99074|Theiler original virus
99075|Theiler mouse encephalomyelitis virus
99073|mouse encephalomyelitis virus
91175|caffeine
91176|theaism
91183|nipple
91184|nipple
91188|thenar
91189|thenal
28633|eminentia thena′ris
28633|thenar prominence
72716|thenar eminence
83190|lateral central palmar space
91193|cacao
91194|cacao butter
91194|cocoa butter
91194|cacao oil
91199|aminophylline
91314|therapeutics
91314|therapy
26547|curative dose
28278|active electrode
32779|pyrotherapy
44059|physiologic incompatibility
52417|malariotherapy
70460|artificial pneumothorax
74970|radiation oncology
91316|therapeusis1
91316|therapia2
91320|therapy
91320|therapeutics
91323|therapeusis2
91323|therapia1
13958|heat capacity
80919|thermoesthesia
83383|infrared spectrum
91427|thermoalgesia
91429|thermoanesthesia
91430|thermoanesthesia
91433|thermoesthesia
91434|thermoesthesiometer
32780|heatstroke
43596|optoacoustic imaging
91438|optoacoustic imaging
91439|thermalgesia
91440|thermoanesthesia
91441|thermanalgesia
91441|thermanesthesia
91441|thermoanalgesia
91446|thermochrosis
91447|thermochrosy
91448|thermochroism
91449|thermochrose
91450|endocoagulation
91451|thermojunction
68952|thermopile
91459|temperature sense
91459|thermal sense
91459|thermic sense
91459|thermesthesia
91460|thermesthesiometer
91465|calorigenic2
91465|thermogenous
963|calorigenic action
91468|thermogenetic1
91476|thermohypoesthesia
91477|thermohypesthesia
91480|thermocouple
63069|normal opsonin
91483|thermotics
91503|medical diathermy
91509|thermoelectric pile
91518|thermostat
91519|differential thermometer
91521|heat-stable
29592|heat-stable enzyme
63070|specific opsonin
91522|thermoregulator
91533|thermology
78391|theta wave
99705|theta rhythm
91544|yellow oleander
91550|aneurine
91550|antiberiberi factor
91550|antiberiberi vitamin
91550|antineuritic factor
91550|antineuritic vitamin
91550|thiamine
91550|vitamin B1
91551|aneurine hydrochloride
95762|vitamin B1 hydrochloride unit
91553|pyrimidine transferase
91553|thiaminase I
91554|aneurine pyrophosphate
91554|cocarboxylase
91554|diphosphothiamin
91555|thiaminase II
91556|thiamin pyridinylase
91557|thiaminase2
91558|thiamin
91562|glitazone
33307|myosin filament
91566|sulfhydryl
25848|Thiemann syndrome
88931|Thiemann disease
88288|Thiemann disease
91575|femur1
11338|femur
46467|hip joint
91580|thiomersal
91580|thiomersalate
33308|actin filament
91594|sulfacid
91594|sulfoacid1
91595|mercaptan1
91599|thiourea
91602|lipoic acid
91603|rhodanate
91603|sulfocyanate
91604|rhodanic acid
91604|sulfocyanic acid
61853|thiocyanogen value
96658|thiocyanogen number
91606|phenothiazine
91607|acylmercaptan
91608|thiolesterase
91609|thiotransacetylase B
91613|thiophene
91614|myrosinase
91614|sinigrase
91614|sinigrinase
91616|mercaptoacetic acid
91620|acetyl-CoA acetyltransferase
91621|thiophene
91622|thioesterase
91623|ergothioneine
91624|dihydrolipoamide S-acetyltransferase
91626|thimerosal
91627|thimerosal
91628|methylthioadenosine
91632|ergothioneine
91634|Lauth violet
91636|pantoyltaurine
91637|thiofuran
91637|thiole
91644|thiosulfate sulfurtransferase
91645|rhodanese
91645|thiosulfate cyanide transsulfurase
91645|thiosulfate thiotransferase
91646|thiosulfate sulfurtransferase
91648|thioethanolamine acetyltransferase
91651|thiocarbamide
88932|DiGeorge syndrome
88289|DiGeorge syndrome
20698|platelet
59602|oculomotor nerve [CN III]
11339|lateral cuneiform (bone)
10791|complete atrioventricular dissociation
25849|rubella
31298|plica semilunaris of conjunctiva2
33439|middle finger
83027|third sound
55707|third molar tooth
92594|dens molaris tertius
92594|dens serotinus
92594|dens sapientiae
92594|third molar
92594|wisdom tooth
59603|nervus occipitalis tertius
69349|pelvic plane of least dimensions
66030|inferior part of duodenum
57211|fibularis tertius (muscle)
83026|third heart sound
20225|inferior temporal gyrus
92345|digitus (pedis) tertius [III]
92501|adenoid
94114|trochanter tertius
98136|ventriculus tertius
98136|ventricle of diencephalon
12873|full-thickness burn
32781|dehydration fever
32781|exsiccation fever
32781|inanition fever
33713|Vella fistula
91665|reclotting phenomenon
49802|iliopubic tract
90862|two-glass test
25850|myotonia congenita
82073|Pastia sign
91674|thoracic
91675|thoracodynia
91676|pleuracentesis
91676|pleural tap
91676|pleurocentesis
91676|thoracocentesis
91677|thoracal
5266|pars thoracica aortae
5266|aorta thoracica
5266|thoracic part of aorta
70044|plexus (nervosus) aorticus thoracicus
8980|thoracoacromial artery
8980|thoracoacromial vein
13216|compages thoracis
12216|rami cardiaci thoracici gangliorum thoracicorum
12216|nervi cardiaci thoracici
12216|thoracic cardiac nerves
12216|upper thoracic splanchnic nerves
12217|rami cardiaci thoracici nervi vagi
59604|thoracic cardiac branches of thoracic ganglia
59604|under branch
15323|cavitas thoracica/thoracis
15323|cavum thoracis
20027|constrictio partis thoracicae esophagea
20027|broncho-aortic constriction
20027|constrictio bronchoaortica esophagea
20027|middle esophageal constriction
26902|ductus thoracicus
26902|Pecquet duct
26902|van Horne canal
33714|parietal fistula
36232|ganglia thoracica
37026|pectoral girdle
37239|ecdysial glands
44218|chest index
44739|superior thoracic aperture
57212|interspinales thoracis (muscles)
57213|interspinales thoracis (muscles)
57214|musculi intertransversarii thoracis
57214|thoracic intertransverse muscles
57215|thoracic intertransversarii (muscles)
46468|juncturae thoracis
47392|kyphosis thoracica
50262|upper limb
57216|longissimus thoracis (muscle)
51878|nodi lymphoidei thoracis
59606|nervi thoracici [T1–12]
64021|inferior thoracic aperture
64021|superior thoracic aperture
66031|thoracic aorta
5268|thoracic aorta
66032|pars thoracica esophagi
66033|iliocostalis thoracis (muscle)
66033|pars thoracica musculi iliocostalis lumborum
66033|musculus iliocostalis dorsi
66033|musculus iliocostalis thoracis
66034|pars thoracica plexuum et ganglionorum visceralium
66035|pars thoracica medullae spinalis
66035|segmenta thoracica medullae spinalis
66036|pars thoracica ductus thoracici
66037|pars thoracica tracheae
12218|rami pulmonales (thoracici gangliorum thoracicorum)
77659|costal respiration
57217|rotatores thoracis (muscles)
82442|skeleton thoracicus
36234|ganglion thoracicum splanchnicum
36234|Lobstein ganglion
98335|vertebrae thoracicae [TI–TXII]
99552|chest wall
27559|asphyxiating thoracic dystrophy
91679|thoracoabdominal
91680|thoracoacromial
91683|thoracicoabdominal
27844|pentalogy of Cantrell
59607|anterior cutaneous nerves of abdomen
59607|rami cutanei anteriores pectoralis et abdominalis nervorum intercostalium
59607|ramus cutaneus anterior (pectoralis et abdominalis) nervorum thoracicorum
91684|acromiothoracic
91684|thoracicoacromial
7506|arteria thoracoacromialis
7506|ramus deltoideus arteriae thoracoacromialis
7506|acromiothoracic artery
7506|thoracic axis1
7506|thoracoacromial trunk
94269|thoracoacromial artery
97558|vena thoracoacromialis
97558|thoracic axis2
57218|musculi thoracoappendiculares
91685|thoracogastroschisis
91686|thoracentesis
91689|thoradelphus
7507|arteria thoracodorsalis
7507|dorsal thoracic artery
59608|nervus thoracodorsalis
59608|long subscapular nerve
97559|vena thoracodorsalis
91691|thoracalgia
97560|vena thoracoepigastrica
91692|thoracoceloschisis
5580|thoracolumbar fascia
32147|fascia thoracolumbalis
32147|lumbodorsal fascia
32147|thoracolumbar aponeurosis
89370|sympathetic part of autonomic (visceral motor) division of peripheral nervous system
91699|synthorax
91707|pleuroscopy
91712|pleurotomy
91719|thoracodelphus
91728|Datura stramonium
88291|salt-losing nephritis
88934|salt-losing nephritis
26070|thought process disorder
26071|thought disorder
74020|pulsus filiformis
11340|triquetrum
32782|phlebotomus fever
53285|rubella
90865|Valentine test
57220|musculus triceps
57220|triceps (muscle)
91741|threonine dehydratase
91742|serine deaminase
91742|threonine deaminase
51504|farmer's lung
91744|limen2
11091|threshold substance
24753|differential threshold
91757|limen insulae
91760|limen nasi
64423|anal cushions
64423|under cushion
85097|liminal stimulus
86051|threshold body
93164|liminal trait
91776|hair
91777|gullet
91781|thrombin
91782|thromboasthenia
91787|factor IIa
91787|fibrinogenase
91787|thrombase
91787|thrombosin
91789|prothrombin
91793|Buerger disease
91793|Winiwarter-Buerger disease
91795|thrombasthenia
91796|megakaryocyte
91797|thrombolytic
91800|platelet
91801|thrombocytosis
91802|serotonin
91804|thrombopenia
91810|thrombocythemia
91816|nonbacterial thrombotic endocarditis
91817|prothrombin
91818|factor V
91822|thromboplastin
91827|thromboclastic
91833|thrombocytopenia
74216|idiopathic thrombocytopenic purpura
91838|platelet
91839|platelet tissue factor
91839|thrombokinase
91839|thrombozyme
91839|tissue factor
91839|zymoplastic substance
91842|megakaryocyte growth and development factor
91842|megapoietin
91845|thrombin
91861|platelet actomyosin
91863|serotonin
91866|thromboplastin
43597|transfer imaging
44376|transmural myocardial infarction
35774|Candida albicans
91896|thuya
91897|cedar leaf oil
91898|thujone
91899|absinthol
91899|tanacetol
91899|tanacetone
91899|thujol
91899|thuyol
91899|thuyone
91901|pollex
91901|digitus (manus) primus [I]
91901|first finger
76955|metacarpothenar reflex
91908|olibanum
91909|thuja
91910|thujone
25851|superficial punctate keratitis
13547|thymol
281|Dubois abscesses
91924|thymol
12219|rami thymici arteriae thoracicae internae
20699|Hassall bodies
20699|Hassall concentric corpuscle
20699|Virchow-Hassall bodies
43002|DiGeorge syndrome
97561|venae thymicae
91926|deoxythymidine
91926|thymine deoxyribonucleoside
91930|thymidylic acid
91933|thymidine 5′-monophosphate
91933|thymine nucleotide
91936|thymidine
91937|deoxythymidylic acid
91938|thymidylic acid
91945|thyme camphor
91945|thymic acid
90866|Maclagan test
90866|Maclagan thymol turbidity test
91949|deoxyribonuclease I
91953|moxisylyte
91954|thymus gland
37240|thymus
100522|paracortex
91959|thyroiditis
57221|musculus thyroarytenoideus
57221|musculus thyroarytenoideus externus
91962|calcitonin
94270|truncus thyrocervicalis
94270|thyroid axis
49803|ligamentum thyroepiglotticum
57222|thyroepiglottic part of thyroarytenoid (muscle)
66038|pars thyroepiglottica musculi thyroarytenoidei
66038|depressor muscle of epiglottis
66038|musculus thyroepiglotticus
66038|thyroepiglottic muscle
66038|thyroepiglottidean muscle
66038|ventricularis2
91968|laryngofissure
91970|iodoglobulin
91970|thyroprotein1
91971|thyrolingual
26903|ductus thyroglossus
26903|thyrolingual duct
57223|musculus thyrohyoideus
12220|ramus thyrohyoideus ansae cervicalis
12220|nerve to thyrohyoid muscle
54016|membrana thyrohyoidea
54016|membrana hyothyroidea
88937|Sheehan syndrome
88294|Sheehan syndrome
87031|facies articularis thyroidea cricoideae
8981|thyrocervical (arterial) trunk
11092|thyroid gland
14768|cartilago thyroidea
20444|Pemberton sign
28634|laryngeal prominence
34665|foramen thyroideum
37241|glandula thyroidea
37241|thyroid body
37241|thyroidea
7508|arteria thyroidea ima
7508|lowest thyroid artery
7508|Neubauer artery
51879|nodi lymphoidei thyroidei
91976|iodide peroxidase
91976|iodinase
91976|iodotyrosine deiodase
67403|iodide peroxidase
67403|iodinase
67403|iodotyrosine deiodase
85217|thyrotoxic crisis
90868|Werner test
92733|triiodothyronine toxicosis
41531|thyrotropin
31811|thyroliberin
91977|thyroid gland
91978|accessory thyroid gland
91983|hyperthyroidism
91984|thyroadenitis
92002|laryngofissure
92003|hyperthyroidism
92005|thyroid-stimulating hormone-releasing factor
92005|thyrotropin-releasing hormone
92006|thyroglossal
26904|thyroglossal duct
66039|pars thyropharyngea musculi constrictoris pharyngis inferioris
66039|thyropharyngeal part of inferior pharyngeal constrictor (muscle) of pharynx
66040|thyropharyngeal part of inferior constrictor muscle of pharynx
92016|thyroprivic
92016|thyroprivous
92018|thyroprival
92019|thyroglobulin1
92021|laryngofissure
21372|thyroid storm
58528|dysthyroid myopathy
92028|thyrotropic
92029|thyrotropin
92030|thyrotrophic
41532|thyrotropin
92031|thyroid-stimulating hormone
92031|thyrotrophin
92031|thyrotropic hormone
41533|thyroliberin
37506|thyroxine-binding protein1
71692|thyroxine-binding protein2
73053|thyroxine-binding globulin
73053|thyroxine-binding prealbumin
92041|shin bone
92043|genu valgum
92044|genu varum
92046|tibialis
11478|medial border of foot
49804|ligamentum collaterale tibiale
49804|medial ligament of knee
49805|medial ligament of ankle joint
59611|medial sural cutaneous nerve
21289|anterior border of tibia
13035|anserine bursa
59610|nervus tibialis
59610|medial popliteal nerve
7509|arteria nutricia tibiae
7509|arteria nutriens tibiae
7509|arteria nutriens tibialis
7509|nutrient artery of the tibia
68024|Strümpell phenomenon
81481|vaginae tendinum tarsales tibiales
94732|tuberositas tibiae
92047|os tibiale posterius
92048|tibial
57224|musculus tibialis anterior
57224|anterior tibial muscle
57224|musculus tibialis anticus
57225|musculus tibialis posterior
57225|musculus tibialis posticus
57225|posterior tibial muscle
49806|tibiocalcaneal part of medial ligament of ankle joint
66041|tibiocalcaneal part of medial ligament of ankle joint
66042|pars tibiocalcanea ligamenti collateralis medialis articulationis talocruralis
66042|pars tibiocalcanea ligamenti deltoidei
66042|tibiocalcaneal part of deltoid ligament
66042|calcaneotibial ligament
66042|ligamentum calcaneotibiale
66042|tibiocalcaneal ligament
92053|peroneotibial
92053|tibioperoneal
7781|tibiofibular joint
7781|tibiofibular syndesmosis
46469|articulatio tibiofibularis
46469|superior tibiofibular joint
46469|proximal tibiofibular joint
46469|superior tibial articulation
46469|tibiofibular articulation1
87609|syndesmosis tibiofibularis
87609|distal tibiofibular joint
87609|inferior tibiofibular joint
87609|tibiofibular articulation2
92054|tibioscaphoid
49808|tibionavicular part of medial ligament of ankle joint
66043|tibionavicular part of medial ligament of ankle joint
66044|pars tibionavicularis ligamenti collateralis medialis articulationis talocruralis
66044|ligamentum tibionaviculare
66044|tibionavicular ligament
66044|tibionavicular part of deltoid ligament
92055|tibiofibular
92056|tibionavicular
66045|pars tibiotalaris posterior ligamenti collateralis medialis articulationis talocruralis
66045|ligamentum talotibiale posterius
66045|posterior talotibial ligament
66045|posterior tibiotalar ligament
66045|posterior tibiotalar part of deltoid ligament
92057|tarsotibial
92058|Brissaud disease
92058|habit chorea
92058|habit spasm
92061|trigeminal neuralgia
78392|embryocardia
83028|embryocardia
95330|Mediterranean spotted fever
28854|biundulant meningoencephalitis
28854|Central European tick-borne fever
28854|diphasic milk fever
28854|Russian spring-summer encephalitis (Western subtype)
28855|Russian tick-borne encephalitis
99077|Russian spring-summer encephalitis virus
99077|tick-borne virus
99076|tick-borne encephalitis virus
1873|tidal volume
99389|tidal air
26657|bolus dressing
37242|greater vestibular gland
88939|peristernal perichondritis
88296|peristernal perichondritis
46558|zonula occludens
92083|tiglyl-coenzyme A
92084|tiglyl-CoA
11094|Nissl substance
35737|tessellated fundus
77863|tessellated fundus
85554|tabby cat striation
86052|Nissl substance
92086|chromatolysis
19472|translocase of inner mitochondrial membrane
92094|tone color
92095|tempus2
35902|time-gain compensation
35901|time-gain compensation
19373|attenuation compensation
19373|depth compensation
19373|time compensation gain
19373|time-compensated gain
19373|time-varied gain control
19373|time-varied gain
35903|time-gain compensation
20157|time-gain compensation
92138|stannum
92139|stannic oxide
92145|tincture
92146|tinctura
92156|ringworm
92156|serpigo1
92157|barber's itch
92157|folliculitis barbae
92157|ringworm of beard
92157|tinea sycosis
92158|ringworm of scalp
92159|tinea corporis
92160|ringworm of body
92160|tinea circinata
92162|favus
92164|Oriental ringworm
92164|scaly ringworm
92164|Tokelau ringworm
92168|pityriasis nigra
92169|athlete's foot
92169|dermatomycosis pedis
92169|ringworm of foot
92170|Majocchi granulomas
92170|under granuloma
92171|tinea barbae
92174|pityriasis versicolor
82074|distal tingling on percussion
92183|syrigmus
91413|tinnitus retraining therapy
91414|tinnitus rehabilitation therapy
99192|chromatopsia
92190|apex of auricle
92191|apex of auricle
92192|olecranon
92193|apex of nose
92194|apex of posterior horn
92196|apex of tongue
92197|root apex
92202|Bacteroides praeacutus
9699|mast cell
26096|compression of tissue
31813|thromboplastin
34128|interstitial fluid
55717|border molding
77660|internal respiration
96737|biologic valve
6259|denture foundation area
4950|organ-specific antigen
92271|border molding
92299|M-mode
88941|myofascial pain-dysfunction syndrome
88298|myofascial pain-dysfunction syndrome
56556|seesaw murmur
82473|phrynoderma
81543|erythema ab igne
32783|Rocky Mountain spotted fever
92312|tocograph
92313|tocometer
92314|tocodynagraph
92317|obstetrics
92319|tocodynamometer
92325|tocopherylquinone
92326|tocopherolquinone
57226|oblique muscle of auricle
65133|Todd postepileptic paralysis
65134|Todd paralysis
92335|digitus pedis
92335|digits of foot
68025|Babinski sign1
78757|tinea imbricata
92384|methylbenzene
92384|toluol
92389|toluene
92391|neutral red
19473|translocase of outer mitochondrial membrane
32985|dentinal fibers1
92401|conventional tomography
92401|planigraphy
92401|planography
92401|sectional radiography
92401|stratigraphy
19068|timbre
92432|glossa
92432|lingua1
11341|hyoid bone
92440|lingula of cerebellum
68026|Schultze sign
92461|ankyloglossia
20241|tetanic convulsion
76956|Gordon symptom
92464|tonus
92465|tonoclonic
92468|brontophobia
92470|tonicoclonic
92471|epitheliofibril
92471|tenofibril
92475|aerotonometer2
92489|palatine tonsil
92491|tonsilla cerebelli
92491|cerebellar tonsil
92503|palatine tonsil
92504|adenoid
92505|tonsil of cerebellum
92507|lingual tonsil
92508|palatine tonsil
92509|adenoid
92510|tubal tonsil
92511|amygdaline3
12221|ramus tonsillaris arteriae facialis
12222|rami tonsillares nervi glossopharyngei
12223|rami tonsillares nervi palatini minores
13397|tonsillolith
21683|crypta tonsillaris
35145|fossa tonsillaris
35145|sinus tonsillaris
35145|amygdaloid fossa
35145|tonsillar sinus
35176|fossulae tonsillarum (palatini et pharyngealis)
78734|pharyngeal lymphatic ring
82329|tonsillar fossa
92517|tonsillar calculus
92517|tonsilolith
92521|tonsillolith
92522|tonicity1
92527|dens1
12677|dental germ
12677|tooth germ
14007|crowning
16045|cementum
36864|tooth bud
71030|hyperplastic pulpitis
73938|dental pulp
82650|alveolus dentalis
82650|alveolus4
92588|barodontalgia
88943|witkop syndrome
88300|witkop syndrome
92602|dentalgia
92602|odontalgia
92602|odontodynia
98336|axis4
92605|topoanesthesia
61082|rhinophyma
92609|gouty pearl
92616|topagnosis
3502|regional anatomy
92622|regional anatomy
22468|Tornwaldt disease
25855|Tornwaldt cyst
92637|torpid
92638|torpent1
92639|torpor
92640|torpidity
88946|Muir-Torre syndrome
88303|Muir-Torre syndrome
25856|dystonia musculorum deformans
27486|dystonia musculorum deformans
60278|dysbasia lordotica progressiva
62133|torsiversion
92657|torsive occlusion
92657|torsoclusion2
92659|torsiversion
88304|Marinesco-Garland syndrome
88947|Marinesco-Garland syndrome
92661|wry neck
92661|wryneck
92677|tactile elevations
92677|under elevation
92678|elevation1
35386|folding fracture
92680|elevation of levator palati
92680|levator cushion
92680|levator swelling
92685|eustachian cushion
92685|tubal prominence
92686|interureteric crest
5439|global aphasia
18122|holoblastic cleavage
19300|simultaneous communication
53051|simple mastectomy
30943|Brunschwig operation
77588|peripheral resistance
69229|placenta previa centralis
93276|exchange transfusion
92696|tactile sense
15931|tactile cell
20700|tactile corpuscle
82146|fused silver nitrate
82146|lunar caustic
25857|Tourette syndrome
88948|Gilles de la Tourette disease
88948|Gilles de la Tourette syndrome
88948|Tourette disease
88305|Gilles de la Tourette disease
88305|Gilles de la Tourette syndrome
88305|Tourette disease
68027|Tournay sign
82077|Tournay phenomenon
54018|quadrangular membrane
82331|supratonsillar fossa
72646|half axial view
72646|half-axial projection
72646|Towne view
98614|Towne projection
92713|toxicemia
46212|hemolytic jaundice
92716|poisonous
58943|Lyell syndrome
90991|drug tetanus
95765|toxin unit
92717|poisonous
92718|toxemia
19911|conjunctivitis medicamentosa
92729|toxiphobia
92730|systemic poisoning
92737|poisonous
92738|toxinogenic
92739|toxinogenicity
92740|maleic acid
95766|toxic unit
92775|toxigenic
92776|toxigenicity
92778|toxonosis
92779|toxicophobia
92786|anatoxin
92788|rhoptry
92789|toxinosis
92798|pyramin
92798|pyramine
20701|corneal corpuscles
57228|tensor tympani (muscle)
90877|Treponema pallidum hemagglutination test
90878|Treponema pallidum immobilization test
92823|septomarginal trabecula
92827|septula of testis
92827|under septulum
92811|arachnoid trabecula
92812|trabeculae carneae ventriculorum (dextri et sinistri)
92812|columnae carneae
92812|Rathke bundles
92813|trabeculae carneae of (right and left) ventricles
92815|trabeculae of corpus spongiosum
92816|trabeculae of corpora cavernosa
92819|splenic trabeculae
92821|trabeculae of lymph node
92814|trabeculae corporum cavernosorum
92817|trabeculae corporis spongiosi
92820|trabeculae nodi lymphoidei
92824|splenic trabeculae
92826|splenic trabeculae
92828|trabeculate
11342|substantia spongiosa
14395|Merkel cell tumor
54369|trabecular tissue of sclera
59912|trabecular tissue of sclera
77851|trabecular tissue of sclera
92270|reticulum trabeculare sclerae
92270|Gerlach valvula
92270|Hueck ligament
92270|ligamentum anulare bulbi
92270|pectinate ligaments of iridocorneal angle
92270|pillar of iris
92270|trabecular meshwork
92270|trabecular network
92270|trabecular reticulum
92270|trabecular zone
100523|trabecular tissue of sclera
92829|trabecular
28410|microelements
28410|microminerals
61911|micronutrients
92838|windpipe
10153|bifurcatio tracheae
10153|bifurcation of trachea
12224|rami tracheales
12678|lung bud
12678|primary lung bud
14582|carina of trachea
14769|cartilagines tracheales
14769|tracheal ring
37243|glandulae tracheales
51880|paratracheal lymph node
56382|mucosa of trachea
78735|tracheal cartilages
78735|under cartilage
93696|muscular triangle (of neck)
94430|endotracheal tube
97563|venae tracheales
57229|musculus trachealis
92844|trachitis
92847|cervicectomy
92851|cervicitis
92853|tracheocele
57230|musculus tracheloclavicularis
92859|Emmet operation
92862|cervicotomy
26286|primary bronchial buds
38605|laryngotracheal groove
92869|Mounier-Kuhn syndrome
92871|trachelocele
21290|tracheoesophageal fold
33716|T-E fistula
34357|tracheoesophageal crest
34357|tracheoesophageal ridge
78621|tracheoesophageal fold
94431|tracheotomy tube
94432|tracheostomy tube
92894|tracheitis
92895|Egyptian ophthalmia
92895|granular lids
92895|granular ophthalmia
11096|Halberstaedter-Prowazek bodies
11096|Prowazek-Greeff bodies
37244|Bruch glands
19912|granular conjunctivitis
92908|tractus
92950|gracile fasciculus
92975|tectopontine tract
92998|dorsal longitudinal fasciculus
2478|traumatic alopecia
8491|striae cutis distensae
8491|under stria
93064|tract1
93065|anterolateral system
93066|bulboreticulospinal tract
93067|caerulospinal tract
93068|cerebellorubral tract
93069|cerebellothalamic tract
93070|corticobulbar tract
93071|corticopontine tract
93072|corticospinal tract
93073|anterior corticospinal tract
93074|lateral corticospinal tract
93075|spinal tract of trigeminal nerve
93076|dorsolateral fasciculus
93077|fastigiobulbar tract
93078|fastigiospinal tract
93079|frontopontine tract
93080|retroflex fasciculus
93081|iliopubic tract
93082|iliotibial tract
93083|interpositospinal tract
93084|interstitiospinal tract
93085|mesencephalic tract of trigeminal nerve
93086|occipitopontine tract
93087|olfactory tract
93088|olivocerebellar tract
93089|olivocochlear tract
93090|optic tract
93091|parietopontine tract
93092|pontoreticulospinal tract
93093|dorsolateral fasciculus
93094|corticospinal tract
93095|anterior corticospinal tract
93096|lateral corticospinal tract
93097|anterior raphespinal tract
93098|lateral raphespinal tract
93099|reticulospinal tract
93100|rubrobulbar tract
93101|rubropontine tract
93102|rubrospinal tract
93103|solitariospinal tract
93104|solitary tract
93105|spinal tract of trigeminal nerve
93106|anterior spinocerebellar tract
93107|posterior spinocerebellar tract
93108|spinocervical tract
93109|spinoolivary tract
93110|spinotectal tract
93111|spinothalamic tract
93112|anterior spinothalamic tract
93113|lateral spinothalamic tract
93114|spinovestibular tract
93115|spiral foraminous tract
93116|supraopticohypophysial tract
93117|tectobulbar tract
93118|tectopontine tract
93119|tectospinal tract
93120|central tegmental tract
93121|temporopontine tract
93122|trigeminospinal tract
93123|anterior trigeminothalamic tract
93124|posterior trigeminothalamic tract
93125|tuberoinfundibular tract
93126|lateral vestibulospinal tract
93127|lateral vestibulospinal tract
93128|medial vestibulospinal tract
93129|processing1
47865|lamina tragi
47865|lamina of tragus
57231|musculus tragicus
57231|muscle of tragus
57231|Valsalva muscle
93136|egophony
93137|antilobium
93137|hircus3
93139|apo-2L
76959|conditioned reflex
78393|quadruple rhythm
33897|transverse rectus abdominus musculocutaneous flap
50526|radiographic parallel line shadow
93168|osteoclast differentiation factor
93167|OPG ligand
19202|lethargic hypnosis
77916|all-trans-retinal
93177|acetyltransferase
93180|acyltransferases
93185|amidinotransferases
93187|aminotransferase
69351|axial plane
93190|diathermanous
12338|caudolenticular gray bridges
93192|carbamoyltransferases
93194|carboxyltransferases
5803|ideokinetic apraxia
93199|corticosteroid-binding globulin
93199|corticosteroid-binding protein
93205|percutaneous
85078|percutaneous stimulation
93206|cytopempsis
93206|vesicular transport
93207|percutaneous
93224|transsection
93227|transmission1
31815|elongation factor
43598|through transfer imaging
78481|acceptor RNA
78481|soluble RNA
93236|transferring enzymes
62964|sympathetic ophthalmia
29594|transferases
93254|metamorphosis
20002|decay constant
1704|mitogen
36675|oncogene
40381|viral hepatitis type B
93282|glucosyltransferase
93285|glycosyltransferase
24001|Grover disease
1581|transient hypogammaglobulinemia of infancy
42866|transient agammaglobulinemia
77986|Purtscher retinopathy
89538|respiratory distress syndrome type II
14396|urothelial carcinoma
64900|urothelial papilloma
20226|transitional gyrus
38952|annectent gyrus
38952|transitional convolution
93298|glycolaldehydetransferase
54019|TIM complexes of protein translocators
54019|under complex
54020|TOM complex of protein translocators
17500|derivative chromosome
93312|herceptin
71576|membrane potential
93314|methyltransferase
31820|choline
99081|TGE virus
69454|conjugative plasmid
93319|transfer
44377|through-and-through myocardial infarction
93329|conversion1
8492|transsynaptic degeneration
49177|transorbital lobotomy
51102|transorbital leukotomy
23637|sclerotic dentin
81121|septum pellucidum
93337|phosphotransferases
4953|histocompatibility antigen
93352|keratoplasty
41628|paratenic host
53195|tubular maximum
93381|transposition of the great vessels
93383|transposition of arterial stems
69352|planum transpyloricum
93386|transection
63162|Ombrédanne operation
93393|transulfurase
17403|transsynaptic degeneration
23340|transneuronal atrophy
23340|transsynaptic chromatolysis
93398|diathermy
64340|external pacemaker
93401|prealbumin1
93402|transudation2
93403|transudate
93405|transsulfurase
3462|transureteroureterostomy
93406|transureteroureteral anastomosis
88951|TUR syndrome
88308|TUR syndrome
93408|scillaren A
93411|transverse
32150|fascia transversalis
66046|cervical part of vertebral artery
93412|transversalis
93412|transversus
49809|ligamentum transversum acetabuli
49809|transverse ligament of acetabulum
38606|sulcus anthelicis transversus
6041|arcus pedis transversus
7512|transverse cervical artery
57234|musculus arytenoideus transversus
57234|arytenoideus
49811|transverse ligament of the atlas
57236|transverse muscle of auricle
12225|ramus transversus arteriae circumflexae femoris lateralis
49813|flexor retinaculum of hand
33619|fissura transversa cerebri
7510|arteria transversa colli
7510|arteria transversa cervicis
7510|transverse artery of neck
49814|cardinal ligament
59613|nervus transversus colli
59613|nervus transversus cervicalis
59613|cutaneous cervical nerve
59613|nervus cervicalis superficialis
59613|superficial cervical nerve
59613|transverse nerve of neck
97564|venae transversae cervicis
97564|venae transversae colli
97564|transverse veins of neck
19020|colon transversum
31369|fovea costalis processus transversi
31369|costal pit of transverse process
21291|transverse crest of internal acoustic meatus
21291|crista transversalis
21292|crista transversa meatus acustici interni
21292|falciform crest
21292|transverse crest1
49815|superior extensor retinaculum
24445|diameter transversa
26932|ductuli transversi epoophori
26932|tubuli epoophori
7511|arteria transversa faciei
35390|craniofacial dysjunction fracture
97566|vena transversa faciei
97566|transverse vein of face
32271|fasciculi transversi
33618|fissura transversa cerebelli
33620|fissura horizontalis pulmonis dextri
33620|horizontal fissure of right lung
33620|minor fissure
34359|plicae transversae recti
34359|Houston folds
34359|Kohlrausch folds
34359|plicae recti
34359|rectal folds
34359|rectal valves
34668|foramen transversarium
34668|foramen of transverse process
34668|foramen processus transversi
34668|foramen vertebroarteriale
34668|vertebroarterial foramen
34935|commissura fornicis
49817|transverse ligament of knee
39404|caput transversum
8983|hinge axis
8983|mandibular axis
49818|ligamentum transversum humeri
49818|Brodie ligament
35147|fossa intermesocolica transversa
49810|transverse acetabular ligament
49816|Cooper ligaments3
49819|ligamentum transversum genus
49819|transverse genicular ligament
49820|superior extensor retinaculum
49823|transverse perineal ligament
49825|transverse perineal ligament
49812|ligamentum transversum atlantis
49812|Lauth ligament
49812|transverse atlantal ligament
49827|ligamenta transversa columnae vertebralis
49821|deep transverse metacarpal ligament
49822|deep transverse metatarsal ligament
57233|transversus abdominis (muscle)
57235|musculus transversus auriculae
57235|transverse auricular muscle
57237|transversus menti (muscle)
57238|transversus nuchae (muscle)
57239|transversus thoracis (muscle)
57240|musculus transversus linguae
58244|acute transverse myelitis
38607|stria nasi transversa
59614|transverse cervical nerve
86545|sulcus occipitalis transversus
66598|brachypellic pelvis
34358|plica palatina transversa
34358|ruga palatina
34358|transverse palatine ridge
78624|transverse palatine fold
87283|sutura palatina transversa
7513|inferior pancreatic artery
66047|pars transversa ligamenti iliofemoralis
66048|pars transversa rami sinistri venae portae hepatis
66049|pars transversa musculi nasalis
66050|pars transversa musculi trapezii
82333|sinus transversus pericardii
82333|Theile canal
82333|transverse sinus of pericardium
49824|ligamentum transversum perinei
49824|Krause ligament
49824|ligamentum transversum pelvis
49824|transverse ligament of pelvis
49824|transverse ligament of perineum
69353|plana transversalia
32988|fibrae pontis transversae
72357|processus transversus vertebrae
33898|TRAM flap
34024|pontine flexure
78622|crista transversalis
78623|crista transversalis coronae dentis
78625|lineae transversae ossis sacri
7514|suprascapular artery
80545|axial section
81122|ampullary crest
82332|sinus transversus
82332|lateral sinus
82334|transverse pericardial sinus
7782|transverse tarsal joint
46470|articulatio tarsi transversa
46470|Chopart joint
46470|midtarsal joint
46470|transverse tarsal articulation
20227|transverse temporal gyri
20227|under gyrus
38953|gyri temporales transversi
38953|Heschl gyri
38953|transverse temporal convolutions
86547|sulcus temporalis transversus
86547|sulci temporales transversi
49826|interosseous tibiofibular ligament
97565|transverse facial vein
97568|suprascapular vein
97567|transverse cervical veins
97630|velum transversum
34360|plica vesicalis transversa
93415|costotransverse
57241|transversospinales (muscles)
93416|transversospinales (muscles)
93416|under muscle
57242|musculi transversospinales
57242|transversospinal muscle
57242|transversospinales
44220|vertical index
93418|transverse
57243|musculus transversus abdominis
57243|musculus transversalis abdominis
57243|transverse muscle of abdomen
57244|musculus transversus menti
57244|transverse muscle of chin
57245|musculus transversus nuchae
57245|transverse muscle of nape
57246|musculus transversus thoracis
57246|musculus triangularis sterni
57246|sternocostalis muscle
57246|transverse muscle of thorax
93419|transvestitism
93421|transvestism
93425|trapezoid1
93427|trapezium (bone)
11343|os trapezium
11343|greater multangular bone
11343|os multangulum majus
11343|trapezium2
57247|musculus trapezius
57247|cowl muscle
93429|trapezoid (bone)
93429|trapezoid body
93429|trapeziform
11344|os trapezoideum
11344|trapezoid3
11344|lesser multangular bone
11344|os multangulum minus
11097|corpus trapezoideum
11097|trapezoid4
49828|ligamentum trapezoideum
50527|linea trapezoidea
50527|trapezoid ridge
78626|trapezoid line
34909|Häser formula
34910|Häser formula
12577|gallop
20702|achromocyte
70198|Dittrich plugs
22031|Traube-Hering waves
99707|Traube-Hering curves
99707|under curve
93435|traumatism
2479|traction alopecia
2750|Asherman syndrome
3691|posthemorrhagic anemia
7957|pressure stasis
22469|solitary bone cyst
32784|symptomatic fever
32784|wound fever
54124|spurious meningocele
60122|amputation neuroma
60122|false neuroma
60122|pseudoneuroma
60280|accident neurosis
60280|posttraumatic neurosis
62134|traumatogenic occlusion
77987|Purtscher retinopathy
93442|trauma
62135|traumatic occlusion
70483|anterior recess of tympanic membrane
70483|posterior recess of tympanic membrane
76459|anterior recess of tympanic membrane
76459|posterior recess of tympanic membrane
90136|central tendon of diaphragm
93496|mycose
6042|paraduodenal fold
35148|subcecal fossa
40606|duodenojejunal hernia
49829|suspensory muscle of duodenum
57248|suspensory muscle of duodenum
93499|foramen
93499|vulva
93506|tremorgram
93545|tremogram
45711|iridodonesis
32785|five-day fever
32785|quintan fever
32785|shin bone fever
34515|immersion foot
56165|necrotizing ulcerative gingivitis
35926|gluteus medius gait
93552|trephination
93554|trepanation
93555|perforator
10360|punch biopsy
93556|trophocyte
93557|palpitation
90880|TPHA test
76246|Treponema pallidum immobilization test
90881|TPI test
90881|Treponema pallidum immobilization reaction
4761|immobilizing antibody
4761|treponemal antibody
4762|treponema-immobilizing antibody
93568|treponemiasis
93570|treponematosis
93571|antitreponemal
93573|staircase phenomenon
93575|perforation
34361|ileocecal fold
25858|dysplasia epiphysialis hemimelia
25858|tarsoepiphysial aclasis
25858|tarsomegaly
93584|glyceryl triacetate
93584|triacetylglycerol
93585|triacetin
93587|triglyceride
93588|lipase2
93588|steapsin
93588|tributyrase
93588|tributyrinase
93589|portal triad
88953|prune belly syndrome
88310|prune belly syndrome
9614|baseplate
23700|wax model denture
93615|triangle of Koch
93618|ausculatory triangle
93638|cubital fossa
93642|trigone of lateral lemniscus
93656|triangle of atrioventricular node
9435|scarf bandage
11345|os trigonum
14770|articular disc of distal radioulnar joint
21293|crista triangularis
25204|articular disc of distal radioulnar joint
32152|reflected inguinal ligament
34362|plica triangularis
35149|fossa triangularis auriculae
35149|fossa navicularis auriculae
35234|fovea triangularis cartilaginis arytenoideae
35234|triangular pit of arytenoid cartilage
47701|tela choroidea of third ventricle
49830|perineal membrane
57249|depressor anguli oris (muscle)
57249|musculus triangularis1
66051|pars triangularis
69115|triangular fovea of arytenoid cartilage
76458|recessus triangularis
78627|crista triangularis
96302|incudiform uterus
89371|Dieuaide diagram
93710|8-azaguanine
13343|bone ash
13343|bone phosphate
13343|tertiary calcium phosphate
13343|tricalcium phosphate
13343|whitlockite
93718|triacylglycerol lipase
93719|glyceryl tributyrate
93719|tributyrylglycerol
93720|triacylglycerol lipase
93721|tributyrin
93723|tribasic calcium phosphate
22227|citric acid cycle
22227|Krebs cycle
57250|three-headed muscle
57253|triceps surae (muscle)
57255|triceps coxae (muscle)
57252|musculus triceps brachii
57252|triceps muscle of arm
13037|subtendinous bursa of triceps brachii
57254|musculus triceps coxae
57254|triceps (muscle) of hip
57251|triceps brachii (muscle)
76960|elbow jerk
76960|elbow reflex
57256|musculus triceps surae
57256|triceps (muscle) of calf
76961|Achilles reflex
93727|trichodynia
93728|telangion
93733|trichoma
93733|trichomatosis
22470|pilar cyst
93734|tricholemmoma
93741|trichinosis
93742|Trichinelloidea
93743|Trichinellicae
93744|trichinosis
93745|trichinosis
93749|trichinelliasis
93749|trichinellosis
93749|trichiniasis
93752|trichocyst
93753|m-chloral
93754|metrifonate
93757|methylchloroform
93760|trichloromonofluoromethane
93761|chloroform
93762|trichlorofluoromethane
93768|trichite
93769|Bovicola
93772|trichalgia
93774|Brooke tumor
93774|epithelioma adenoides cysticum
93774|hereditary multiple trichoepithelioma
93780|hairy tongue
93783|trichilemmoma
93784|trichology2
93785|trichologia
93786|trichiasis
93787|trichiasis
93793|Trichomonas tenax
93799|Trichomonas buccalis
93803|trichomycosis
93804|trichomycetosis
93805|lepothrix
93805|trichonodosis
93806|trichomycosis axillaris
93807|trichopathy
93810|trichonosis
93810|trichosis
93815|phytotrichobezoar
93829|kinky-hair disease
93830|poliosis
93834|bamboo hair
93837|trichopathy
93866|trichromic
93870|trichromatic
93871|pectus excavatum
93878|tricornute
93879|tricorn2
93880|cresol
93881|tricrotous
93883|tricrotic
93885|tritubercular
63349|right atrioventricular orifice
96738|valva atrioventricularis dextra
96738|right atrioventricular valve
96738|valva tricuspidalis
96738|valvula tricuspidalis
93887|tridigitate
93888|tridentate
93889|trident
93891|triphyllomatous teratoma
93892|tridactylous
93894|triplet1
93896|triethylenetetramine dihydrochloride
93899|trientine hydrochloride
59615|trigeminal nerve [CN V]
59947|trigeminal neuralgia
93907|trigeminus
15208|cavum trigeminale
15208|trigeminal cavity
15208|Meckel cavity
15208|Meckel space
15325|trigeminal cave
36236|ganglion trigeminale
36236|gasserian ganglion
36236|semilunar ganglion
43904|impressio trigeminalis
48738|lemniscus trigeminalis
59616|nervus trigeminus [CN V]
59616|fifth cranial nerve [CN V]
59616|trifacial nerve
59948|epileptiform neuralgia
59948|facial neuralgia
59948|Fothergill disease1
59948|Fothergill neuralgia
59948|tic douloureux
59948|trifacial neuralgia
74021|pulsus trigeminus
78316|retrogasserian neurectomy
78316|retrogasserian neurotomy
78394|trigeminy
93062|intramedullary tractotomy
93062|Sjöqvist tractotomy
94559|tuberculum trigeminale
94559|ashen tubercle
94559|gray tubercle
94559|Rolando tubercle
76962|supraorbital reflex
93023|tractus trigeminospinalis
93908|trigeminal
93909|trigeminal rhythm
93910|trigonelline
6262|trigger point
33440|jerk finger
33440|lock finger
33440|snap finger
33440|spring finger
33440|stuck finger
70625|dolorogenic zone
70625|trigger area
70625|trigger zone
100527|trigger point
93914|triacylglycerol
57257|musculi trigoni vesicae (superficialis et profunda)
93917|trigonum
93918|acoustic tubercle
93918|trigonum nervi acustici
93919|trigonum vesicae
93919|Lieutaud body
93919|Lieutaud triangle
93919|Lieutaud trigone
93919|vesical triangle
93924|trigone of lateral lemniscus
93925|habenular trigone
93928|hypoglossal trigone
93930|lemniscal trigone
93930|Reil triangle
93930|triangle of fillet
93930|trigone of fillet
93931|collateral trigone
93939|vagal (nerve) trigone
93942|caffearine
93942|trigenolline
93947|trigone1
93948|ausculatory triangle
93949|carotid triangle
93950|fornix2
93951|trigonum colli
93952|anterior cervical region
93953|lateral cervical region
93954|clavipectoral triangle
93955|collateral trigone
93956|trigonum cervicale
93957|anterior cervical region
93958|lateral cervical region
93959|cystohepatic triangle
93960|clavipectoral triangle
93961|clavipectoral triangle
93962|femoral triangle
93963|femoral triangle
93965|right fibrous trigone (of heart)
93966|left fibrous trigone (of heart)
93967|habenular trigone
93968|hypoglossal trigone
93969|inguinal triangle
93971|inferior lumbar triangle
93972|lumbocostal triangle of diaphragm
93973|muscular triangle (of neck)
93974|trigone of auditory nerve
93975|hypoglossal trigone
93976|vagal (nerve) trigone
93977|olfactory trigone
93978|supraclavicular triangle
93979|muscular triangle (of neck)
93980|palatal triangle
93981|lateral pelvic wall triangle
93982|retromolar triangle
93983|Larrey cleft
93983|sternocostal triangle
93984|sternocostal triangle (of diaphragm)
93985|submandibular triangle
93986|submental triangle
93987|vagal (nerve) trigone
93988|collateral trigone
93989|trigone of bladder
93990|globotriaosylceramide
93993|estriol
92734|thyroid toxicosis
90882|T(null)uptake test
76247|ninhydrin reaction
93999|uric acid
94006|Fallot triad
94014|fish-odor syndrome
94016|cyclopropane
94017|amylene
94019|trimorphous
94021|trimorphic
94024|nitroglycerin
94025|trinitrotoluol
94026|trinitrotoluene
94028|triosekinase
94030|olein
94035|triokinase
94036|phosphotriose isomerase
94038|teroxide
94040|paraformaldehyde
94041|palmitin
74022|water-hammer pulse
90273|tridermoma
88955|Allgrove syndrome
88312|Allgrove syndrome
19474|Behçet syndrome
99193|triplopia
94048|codon
94048|tridymus
94053|triple vision
94059|trituration1
94059|massage
14771|articular disc of distal radioulnar joint
14771|arytenoid cartilage
94062|triquetrum (bone)
94062|os triquetrum
94062|cubital bone
94062|os pyramidale
94062|os triangulare
94062|pyramidal bone
94062|pyramidale
94062|three-cornered bone
11346|triquetrum
94064|Galton delta2
94068|tromethamine
94069|tromethamine
94073|Ankylostoma2
94073|lock-jaw
94073|lockjaw
94075|trismus neonatorum
94076|trismus nascentium
94077|risus caninus
88315|Patau syndrome
88315|trisomy D syndrome
88958|Patau syndrome
88958|trisomy D syndrome
88959|Edwards syndrome
88316|Edwards syndrome
88318|Down syndrome
88961|Down syndrome
88963|trisomy 13 syndrome
88320|trisomy 13 syndrome
94081|stearin
14772|cartilago triticea
14772|corpus triticeum
14772|triticeum
94090|triticeal cartilage
94091|hydrogen-3
94093|tricuspid2
94096|tripsis1
94110|greater trochanter
94111|lesser trochanter
94113|third trochanter
13038|bursa subcutanea trochanterica
13043|gluteus medius bursae
13044|gluteus minimus bursa
21295|intertrochanteric crest
35151|fossa trochanterica
35151|digital fossa1
94117|lesser trochanter
94119|lozenge
94119|morsulus
94119|pastil2
94119|pastille
94119|trochiscus
94120|troche
94122|patellar surface of femur
94124|fibular trochlea of calcaneus
94125|trochlea of humerus
94128|muscular trochlea
94129|trochlea of superior oblique (muscle)
94126|trochlea humeri
94126|pulley of humerus
94134|trochlea musculi obliqui superioris bulbi
94136|trochlea tali
94136|pulley of talus
94131|fibular trochlea of calcaneus
94133|trochleae of phalanges of hand and foot
94135|trochlea of the talus
94132|trochlea phalangis (manus et pedis)
94137|trochleiform
94137|trochlearis1
35153|trochlear fovea
35236|fovea trochlearis
35236|fossa trochlearis
35236|trochlear fossa
35236|trochlear pit
59617|nervus trochlearis [CN IV]
59617|fourth cranial nerve [CN IV]
59617|pathetic nerve
61202|incisura trochlearis
61202|incisura semilunaris ulnae
61202|semilunar notch2
61774|nucleus of trochlear nerve
69116|trochlear fovea
72358|fibular trochlea of calcaneus
83789|spina trochlearis
13045|tendinous sheath of superior oblique muscle
94138|trochleiform
94139|trochlear1
94139|trochleiform
94140|trochlear2
94140|trochleariform
94140|trochlearis2
7783|pivot joint
46471|pivot joint
94144|Nanophyetus salmincola
36238|Troisier node
60677|Troisier ganglion
97569|superior anastomotic vein
94152|Leptotrombidium akamushi
94159|tris(hydroxymethyl)aminomethane
94159|tris(hydroxymethyl)methylamine
94162|tropic acid
94165|tropic acid
36297|trophic ulcer
61776|macronucleus2
95462|trophic gangrene
94173|trophism1
94174|trophicity
94174|nutrition1
94176|chorionic ectoderm
45066|interferon-tau
84153|syncytial knot
94181|interferon-tau
94182|trophochromidia
94183|trophochromatin
94184|trephocyte
94187|nutritional energy
8493|neurotrophic atrophy
48871|anesthetic leprosy
94190|macronucleus2
94191|plastid1
94193|trophotropism
94195|trophotaxis
283|amebic abscess
94200|tropaic acid
94200|tropeic acid
12618|venereal lymphogranuloma
24526|tropic sprue
29616|tropic pulmonary eosinophilia
52991|chloasma bronzinum
58578|tropic pyomyositis
29617|tropic eosinophilia
74391|bungpagga
74391|lambo lambo
74391|myositis purulenta tropica
74391|tropic myositis
82954|tropic ulcer1
83955|visceral leishmaniasis
88324|hyperreactive malarious splenomegaly
88967|hyperreactive malarious splenomegaly
84157|tropic diarrhea
95331|tsutsugamushi disease
95463|tropic sore
94202|homatropine
94203|atropine
70627|apophysary point2
70627|apophysial point
84139|meningitic streak
11098|Lallemand bodies
4374|synostosis
16061|cementoblastoma
17123|acetylcholinesterase
19861|conjugata vera
19861|obstetric conjugate diameter
19861|obstetric conjugate
27120|physiologic dwarfism
7515|end artery
37632|rima glottidis
57258|muscles of back proper
88969|cervical rib and band syndrome
88969|classic neurologic cervical rib syndrome
88326|cervical rib and band syndrome
88326|classic neurologic cervical rib syndrome
66599|lesser pelvis
73858|hyperovarianism
78422|costae verae [I–VII]
78422|vertebrosternal ribs
86548|sulcus vergeture vocalis
98337|vertebra vera
20388|vocal fold
7843|incomplete ascertainment
94233|intestinal (lymphatic) trunks
94233|under trunk
94234|lumbar (lymphatic) trunks
94234|under trunk
94240|trunks of brachial plexus
94240|under trunk
94221|trunk
94235|bronchomediastinal (lymphatic) trunk
94236|jugular lymphatic trunk
94224|brachiocephalic (arterial) trunk
94225|celiac (arterial) trunk
94226|trunk of corpus callosum
94227|costocervical (arterial) trunk
94228|brainstem
94229|atrioventricular bundle
94230|inferior trunk of brachial plexus
94231|linguofacial (arterial) trunk
94232|lumbosacral (nerve) trunk
94237|middle trunk of brachial plexus
94238|accessory nerve trunk
94241|pulmonary trunk
94242|subclavian lymphatic trunk
94243|superior trunk of brachial plexus
94244|sympathetic trunk
94245|thyrocervical (arterial) trunk
94246|vagal (nerve) trunk
94248|truncus
94250|atrioventricular bundle
94255|truncus corporis callosi
94255|body of corpus callosum
94251|trunci plexus brachialis
94277|trypanocidal
94278|trypanocide
94279|trypanosomatid
94280|trypanicidal
94281|trypanicide
94281|trypanosomicide
94287|Trypanosoma gambiense
94287|Trypanosoma hominis
94287|Trypanosoma ugandense
94288|Trypanosoma rhodesiense
94289|Trypanosoma escomelis
94289|Trypanosoma triatomae
94291|Trypanosoma cruzi
94292|Trypanosoma brucei gambiense
94293|Trypanosoma brucei gambiense
94298|Trypanosoma brucei rhodesiense
94300|Trypanosoma cruzi
94301|Trypanosoma brucei gambiense
94302|trypanid
94305|trypanosomosis
94317|trypanocide
94319|trypanosomiasis
94324|protrypsin
94334|pyrrolase
94334|tryptophan oxygenase
94334|tryptophan pyrrolase
94334|tryptophanase1
94332|aromatic d-amino acid decarboxylase
94333|tryptophan synthase
94335|tryptophan 2
94335|3-dioxygenase
94336|tryptophan 2
94336|3-dioxygenase
94337|tryptophan desmolase
94337|tryptophan synthetase
94338|tryptophan synthase
94339|tryptophan 2
94339|3-dioxygenase
25860|akamushi disease
25860|flood fever
25860|inundation fever
25860|island disease
25860|island fever
25860|Japanese river fever
25860|kedani fever
25860|mite typhus
25860|scrub typhus
25860|shimamushi disease
25860|tropic typhus
25860|tsutsugamushi fever
32787|tsutsugamushi disease
94353|tube
94354|pharyngotympanic (auditory) tube
94355|pharyngotympanic (auditory) tube
94356|pharyngotympanic (auditory) tube
94356|pharyngotympanic (auditory) tube
94357|pharyngotympanic (auditory) tube
94358|uterine tube
94359|uterine tube
161|aborted ectopic pregnancy
15935|cellulae pneumaticae tubae auditivae
15935|air cells of auditory tube
12227|ramus tubarius
12228|ramus tubarius arteriae ovaricae
12229|ramus tubarius plexus tympanici
12230|ramus tubarius arteriae uterinae
14773|cartilage of pharyngotympanic tube
31232|extremitas tubaria ovarii
31232|lateral pole
37245|glands of auditory tube
37245|glands of eustachian tube
37245|glandulae tubariae
37245|mucous glands of auditory tube
71810|fallopian pregnancy
71810|salpingocyesis
72717|torus tubarius
92502|tonsilla tubaria
92502|eustachian tonsil
92502|Gerlach tonsil
94362|tubotorsion
94363|tuba
14891|renal cast
94439|salpingectomy
33899|Filatov flap
33899|Filatov-Gillies flap
94441|tuber cinereum
94444|calcaneal tuberosity
94445|calcaneal tuberosity
94446|ashen tuber
94446|gray tuber
94446|tuber anterius
94447|promontory of tympanic cavity
94448|splenium of corpus callosum
94449|tuber vermis
94452|frontal tuber
94454|ischial tuberosity
94456|maxillary tuberosity
94455|ischial tuberosity
94464|tuber vermis
94458|omental tuberosity of liver
94459|omental eminence of pancreas
94461|parietal tuber
94462|radial tuberosity
94463|tuber vermis
94465|tuber dorsale
94465|tuber of vermis
94465|tuber valvulae
94466|articular tubercle of temporal bone
61777|nuclei tuberales laterales
94467|tuberculum
9145|Mycobacterium tuberculosis
9145|Mycobacterium bovis
94477|scalene tubercle
94510|tuberculum iliacum
94510|iliac tubercle
94545|tuberculum costae
94547|tuberculum sellae
94551|tuberculum ossis scaphoidei
94557|dental tubercle
94558|tuberculum of trapezium bone
94560|tuberculum labii superioris
94560|labial tubercle
94560|procheilon
94560|prochilon
94624|areolar tubercles
94624|under tubercle
22070|dens evaginatus
42600|delayed reaction
48872|nodular leprosy
48872|smooth leprosy
78982|granulomatous rosacea
94597|cutaneous tuberculosis
94599|tuberculous wart
51629|tuberculous lymphadenitis
94608|papulonecrotic tuberculid
96450|BCG vaccine
51630|tuberculosis lymphadenitis
54120|cerebral tuberculosis1
84031|Pott disease
99600|tuberculosis cutis verrucosa
94617|tubercle3
94618|adductor tubercle of femur
94619|anomalous tubercle of tooth
94620|calcaneal tubercle
94621|anterior tubercle of atlas
94622|anterior thalamic tubercle
94623|anterior tubercle of cervical vertebrae
94625|Heberden nodes
94625|under node
94626|articular tubercle of temporal bone
94627|auricular tubercle
94628|calcaneal tubercle
94629|carotid tubercle
94631|conoid tubercle (of clavicle)
94632|corniculate tubercle
94633|dental tubercle
94634|tubercle of rib
94635|cuneate tubercle
94636|cuneiform tubercle
94637|deltoid tubercle (of spine of scapula)
94638|dental tubercle
94639|dorsal tubercle of radius
94640|epiglottic tubercle
94641|gracile tubercle
94642|hypoglossal trigone
94643|tubercle of iliac crest
94644|median lingual swelling
94645|infraglenoid tubercle (of scapula)
94646|intercondylar tubercle
94647|intervenous tubercle (of right atrium)
94648|jugular tubercle of occipital bone
94649|tubercle of upper lip
94650|lateral tubercle (of posterior process) of talus
94651|greater tubercle (of humerus)
94652|lateral process of malleus
94653|marginal tubercle (of zygomatic bone)
94654|medial tubercle (of posterior process) of talus
94655|mental tubercle (of mandible)
94656|lesser tubercle (of humerus)
94657|molar tubercle
94658|scalene tubercle
94659|obturator tubercle (anterior and posterior)
94676|tuberculum ossis trapezii
94676|oblique ridge of trapezium
94676|tubercle of trapezium (bone)
94660|olfactory tubercle
94661|orbital tubercle (of zygomatic bone)
94662|tubercle of scaphoid (bone)
94663|tuberculum of trapezium bone
94664|pharyngeal tubercle (of basilar part of occipital bone)
94665|posterior tubercle of atlas
94666|posterior tubercle of cervical vertebrae
94667|pubic tubercle
94668|quadrate tubercle
94669|tubercle of saddle
94671|auricular tubercle
94672|supraglenoid tubercle (of scapula)
94673|supratragic tubercle
94674|inferior thyroid tubercle
94675|superior thyroid tubercle
94677|trigeminal tubercle
94678|tuberous
93025|tractus tuberoinfundibularis
61780|nucleus tuberomammillaris
94679|tuberous
94680|tuberosity
94681|tuberosity for coracoclavicular ligament
94682|impression for costoclavicular ligament
94683|deltoid tuberosity (of humerus)
94684|gluteal tuberosity
94685|iliac tuberosity
94686|tuberosity for coracoclavicular ligament
94687|masseteric tuberosity
94688|tuberosity for serratus anterior (muscle)
94689|tuberosity of cuboid (bone)
94690|tuberosity of first metatarsal (bone) [I]
94691|tuberosity of fifth metatarsal (bone) [V]
94692|tuberosity of navicular bone
94693|sacral tuberosity
94694|tuberosity of distal phalanx (of hand and foot)
94695|pronator tuberosity
94696|pterygoid tuberosity (of mandible)
94697|radial tuberosity
94698|sacral tuberosity
94699|tibial tuberosity
94700|tuberosity of ulna
94701|tuberosity of distal phalanx (of hand and foot)
94702|tuberositas
94705|tuberositas ligamenti coracoclavicularis
94705|coracoid tuberosity
94705|tuberositas coracoidea
94731|tuberositas musculi serrati anterioris
94708|tuberositas ossis cuboidei
94710|tuberositas phalangis distalis (manus et pedis)
94710|tuberositas unguicularis
94710|ungual tuberosity
94711|tuberositas ossis metatarsalis quinti [V]
94712|tuberositas ossis metatarsalis primi [I]
94723|tuberositas ossis navicularis
94723|scaphoid tuberosity
94728|radial tuberosity
94733|tuberositas ulnae
94735|tuberiferous
94735|tuberose
80257|Bourneville disease
80257|epiloia
94742|salpingo-oophoritis
96869|ovarian varicocele
94741|salpingo-oophorectomy
94744|salpingoplasty
94745|tubatorsion
71813|intramural pregnancy
94749|tubuliform
3887|cylindroid aneurysm
22471|tubulocyst
53196|transport maximum
99194|tunnel vision
94751|tubulus
94789|biliary ductules
94789|under ductule
94790|convoluted tubule of kidney
94790|seminiferous tubules
94790|under tubule
94791|dentinal tubules
94791|under tubule
94792|transverse ductules of epoophoron
94792|under ductule
94793|lactiferous ducts
94793|under duct
94794|lactiferous ducts
94794|under duct
94795|ductuli paroophori
94795|under ductulus
94798|seminiferous tubules
94798|under tubule
94799|straight tubule of testis
94777|tubular
37247|acinotubular gland
94781|tubular cyst
19475|endoplasmic reticulum Golgi intermediate compartment
94788|tubule
94796|straight tubule of testis
94797|convoluted tubule of kidney
94800|T tubule
94802|digestive tract
94803|central canal
94804|vertebral canal
94813|deer-fly disease
94813|deer-fly fever
94813|Pahvant Valley fever
94813|Pahvant Valley plague
94813|rabbit fever
19913|squirrel plague conjunctivitis
96739|ileal papilla
58355|cordylobiasis
94819|tumefactive
94820|tumescence
94820|tumentia
94821|tumefacient
94823|tumefaction1
94824|tumefaction2
94824|turgescence
94825|turgescent
94826|turgid
94827|neoplasm
4954|neoantigens2
31822|cachectin
36677|antioncogene
99082|oncogenic virus
94969|Sarcopsylla penetrans
94974|wolfram
94974|wolframium
94976|tunica
94987|tunic
94988|adventitia
94991|tunica albuginea of corpus spongiosum
94992|tunica albuginea of corpora cavernosa
94994|sclera
94990|tunica albuginea corporum cavernosorum
94993|tunica albuginea corporis spongiosi
94993|fibrous tunic of corpus spongiosum
94996|tunica albuginea ovarii
94998|tunica albuginea testis
94998|perididymis
94995|tunica albuginea of ovary
94997|tunica albuginea of testis
94999|dartos fascia
95000|conjunctiva
95001|bulbar conjunctiva
95002|palpebral conjunctiva
95003|dartos fascia
95005|tunica extima
95006|fibrous layer of eyeball
95007|theca externa
95008|tunica externa
95009|fibromusculocartilagenous layer of bronchi
95010|fibrous capsule
95011|fibrous layer of eyeball
95012|fibrous capsule of liver
95013|fibrous capsule of spleen
95013|fibrous capsule of spleen
95014|fibrous capsule of kidney
95015|fibrous capsule of spleen
95018|inner layer of eyeball
95019|theca interna
95021|media1
95022|mucosa
95023|mucosa of bronchi
95024|mucosa of nose
95025|mucosa of tympanic cavity
95026|mucosa of colon
95027|mucosa of ductus deferens
95028|mucosa of esophagus
95029|mucosa of stomach
95030|mucosa of seminal gland
95031|mucosa of large intestine
95032|mucosa of small intestine
95033|mucosa of larynx
95034|mucosa of tongue
95035|mucosa of nose
95036|mucosa of mouth
95037|mucosa of the intermediate part of the male urethra
95040|mucosa of renal pelvis
95041|mucosa of pharynx
95042|mucosa of trachea
95043|mucosa of pharyngotympanic (auditory) tube
95044|mucosa of pharyngotympanic (auditory) tube
95045|mucosa of uterine tube
95046|mucosa of ureter
95047|mucosa of female urethra
95048|endometrium
95049|mucosa of vagina
95050|mucosa of gallbladder
95051|mucosa of gallbladder
95051|mucosa of gallbladder
95052|mucosa of (urinary) bladder
95053|mucosa of seminal gland
95038|mucosa of the prostatic part of the male urethra
95039|mucosa of spongy part of the male urethra
95054|muscular layer
95055|muscular layer of bronchi
95056|muscular layer of colon
95057|muscular layer of ductus deferens
95058|muscular layer of esophagus
95059|muscular layer of stomach
95060|muscular layer of seminal gland
95061|muscular layer of large intestine
95062|muscular layer of small intestine
95063|muscular layer of intermediate part of (male) urethra
95064|muscular layer of prostatic urethra
95065|muscular layer of spongy (male) urethra
95066|muscular layer of renal pelvis
95067|pharyngeal muscles
95067|under muscle
95068|muscular layer of rectum
95069|muscular layer of uterine tube
95070|muscular layer of ureter
95071|muscular layer of female urethra
95072|muscular layer of male urethra
95073|myometrium
95074|muscular layer of vagina
95075|muscular layer of stomach
95076|muscular layer of gallbladder
95077|muscular layer of gallbladder
95078|muscular layer of urinary bladder
95079|Brücke tunic
95081|stratum reticulare corii
95082|fibrous capsule of spleen
95084|sclera
95085|serosa
95086|serosa of large intestine
95087|serosa of esophagus
95088|serosa of stomach
95089|serosa of liver
95090|serosa of large intestine
95091|serosa of small intestine
95092|serosa of serous pericardium
95093|serosa of peritoneum
95094|serosa of parietal pleura
95095|serosa of visceral pleura
95096|serosa of the spleen
95097|serosa of uterine tube
95098|perimetrium
95098|serosa of uterus
95099|serosa of stomach
95102|serosa of (urinary) bladder
95100|serosa of gallbladder
95101|serosa of gallbladder
95103|spongy layer of female urethra
95104|spongy layer of vagina
95105|submucosa
95106|internal spermatic fascia
95109|vascular layer of eyeball
95111|vascular layer of eyeball
95112|vascular layer of testis
95113|posterior limiting lamina of cornea
95016|coverings of spermatic cord
95016|under covering
15937|pillar cells
25861|ancylostomiasis
99195|tubular vision
88971|transurethral resection syndrome
88328|transurethral resection syndrome
88972|cylindromatosis
88329|cylindromatosis
95123|vinegar eel
95129|turbinated body1
11100|inferior nasal concha
11100|middle nasal concha
11100|superior nasal concha
11100|supreme nasal concha
11100|turbinal
21296|conchal crest
95139|tumescence
95140|tumescent
95141|tumid
95147|madder
79386|sella turcica
100291|curcumin
86550|intraparietal sulcus
88974|XO syndrome
88331|XO syndrome
95161|oleum terebinthinae
95161|turpentine spirit
70670|terebinthinism
95163|turpentine oil
95165|oxycephaly
95167|tussive
95168|tussive
95172|tussal
95172|tussicular
87568|cough syncope
95180|Chlamydia pneumoniae
59618|hypoglossal nerve [CN XII]
99196|scotopic vision
39667|Watson-Crick helix
39063|pili torti
39063|under pilus
57259|digastric (muscle)1
27716|cross-sectional echocardiography
27716|real-time echocardiography
43725|crossed immunoelectrophoresis
90885|Thompson test
15139|double-channel catheter
68030|Twort-d'Herelle phenomenon
68031|d'Herelle phenomenon
68031|Twort phenomenon
95221|callosity
95224|pachyblepharon
95226|palmoplantar keratoderma
95229|tympanic1
95229|tympanitic2
95231|tympanites
95232|tympanitic2
95232|tympanal1
70046|Jacobson plexus
70046|plexus (nervosus) tympanicus
15940|tympanic cells
5195|mastoid antrum
5362|apertura tympanica canaliculi chordae tympani
5362|tympanic opening of canaliculus for chorda tympani
8540|epitympanum
11101|tympanic gland
11348|tympanic ring
13726|tympanic canaliculus
13773|canaliculus tympanicus
13773|Jacobson canal
13773|tympanic canal
15326|cavitas tympani
15326|cavity of middle ear
15326|cavum tympani
15939|cellulae tympanicae
15939|tympanic air cells
29312|intumescentia tympanica
29312|tympanic intumescence
36241|ganglion tympanicum
37249|tympanic body
38609|tympanic sulcus
44040|tympanic notch
45452|tympanic enlargement
47449|tympanic lip of spiral limbus
47703|lamella tympanica (laminae spiralis ossei)
50695|tympanic lip of spiral limbus
50696|labium limbi tympanicum limbi spiralis ossei
50696|labium limbi tympanicum laminae spiralis ossei
50696|tympanic labium of limbus of spiral lamina
50696|tympanic lip of limbus of spiral lamina
54021|membrana tympani
54021|drum membrane
54021|drum
54021|drumhead
54021|eardrum
54021|membrane of tympanum
54021|myringa
54021|myrinx
59619|nervus tympanicus
59619|Andersch nerve
59619|Jacobson nerve
61203|incisura tympanica
61203|incisura rivini
61203|Rivinus incisure
61203|Rivinus notch
61203|tympanic incisure
62761|tympanic aperture of canaliculus for chorda tympani
62762|tympanic opening of pharyngotympanic (auditory) tube
62763|ostium tympanicum tubae auditivae
62763|tympanic opening of eustachian tube
66052|tympanic plate of temporal bone
69588|pars tympanica ossis temporalis
69588|tympanic part of temporal bone
72737|promontory of tympanic cavity
78736|anulus tympanicus
78736|tympanic bone
82339|sinus tympani
86551|sulcus tympanicus
86551|tympanic groove
87032|paries tympanicus ductus cochlearis
87032|membrana spiralis
87032|spiral membrane
87032|tympanic wall of cochlear duct
97570|venae tympanicae
99553|tympanic surface of cochlear duct
95233|chorda tympani
95236|tympanites
95237|meteorism
95237|tympania
95237|tympanism
95239|tympanous
77608|tympany
95240|myringitis
33621|fissura tympanomastoidea
33621|auricular fissure
33621|tympanomastoid suture
87284|tympanomastoid fissure
95249|radical mastoidectomy
95252|autophony
95255|squamotympanic
33622|fissura tympanosquamosa
33622|squamotympanic fissure
46559|tympanostapedial syndesmosis
87611|syndesmosis tympanostapedialis
87611|tympanostapedial junction
95259|myringotomy
95260|tympanitic1
95261|eardrum
95262|tympanitic resonance
28051|Tyndall phenomenon
68032|Tyndall effect
95265|fractional sterilization
95266|typus
95266|variation2
24264|dextrocardia with situs inversus
24352|juvenile-onset diabetes
36270|infantile
36270|generalized G(null)gangliosidosis
24265|isolated dextrocardia
24266|corrected dextrocardia
24267|secondary dextrocardia
15941|squamous alveolar cells
30202|error of the first kind
56327|Hurler-Scheie syndrome
70299|squamous alveolar cells
70299|under cell
70418|squamous alveolar cells
70418|under cell
15943|great alveolar cells
30203|error of the second kind
70298|great alveolar cells
70298|under cell
70417|great alveolar cells
70417|under cell
76248|immune complex disease
46841|acrokeratoelastoidosis
95274|relapsing fever
95277|cecectomy
95278|cecitis
95279|cecitis
95283|cecitis
95286|cecum1
95287|cecopexy
95288|cecorrhaphy
95289|blindness
95290|cecostomy
95291|cecotomy
95293|typhoid fever
9146|Salmonella typhi
32788|abdominal typhoid
32788|enteric fever1
32788|typhoid2
81019|typhosepsis
96452|T.A.B. vaccine
95305|typhoid septicemia
95307|camp fever3
95307|jail fever
95307|ship fever
646|complete achromatopsia
26753|exudative drusen
95336|type3
95337|ampullary type of renal pelvis
95338|branching type of renal pelvis
95340|amine oxidase2
95342|amine oxidase2
95344|tyrosis1
95348|Tyrophagus putrescentiae
95353|Tyroglyphus longior
95354|monophenol monooxygenase1
67883|β-tyrosinase
95357|hypertyrosinemia
95360|tyremesis
95360|caseation
32156|rectovesical septum
37250|preputial glands
