95373|ubiquinol
95374|ubihydroquinone
95384|UDPglucose 4-epimerase
95387|uridine diphosphoglucose
95388|UDPgalactose 4-epimerase
95388|uridine diphosphoglucose 4-epimerase
95389|hexose-1-phosphate uridylyltransferase
95389|phosphogalactoisomerase
95391|UDPglucuronate-bilirubinglucuronoside glucuronosyltransferase
95390|UDPglucuronate-bilirubin glucuronosyltransferase
4426|parchment right ventricle
87458|Uhthoff syndrome
88977|Uhthoff symptom
88334|Uhthoff symptom
95403|ulcus
85170|aphtha2
36996|necrotizing ulcerative gingivitis
95477|ulcer
95485|cubitus2
95487|ulnaris
7517|arteria ulnaris
11479|margo ulnaris antebrachii
11479|margo medialis antebrachii
11479|medial border of forearm
11479|ulnar margin of forearm
12232|posterior branch of medial cutaneous nerve of forearm
13046|common flexor sheath (of hand)
13727|canalis ulnaris
13727|canal of Guyon
49832|ulnar collateral ligament of elbow joint
49833|ligamentum collaterale ulnare articulationis cubiti
49833|medial collateral ligament of elbow
49833|ulnar collateral ligament
49834|internal collateral ligament of the wrist
49834|medial ligament of wrist
12231|communicating branch of superficial radial nerve with ulnar nerve
28636|eminentia carpi ulnaris
57261|extensor carpi ulnaris (muscle)
57262|flexor carpi ulnaris (muscle)
39406|caput ulnare
39407|caput ulnare musculi extensoris carpi ulnaris
52811|ulnar border of forearm
59621|nervus ulnaris
59621|cubital nerve
61204|incisura ulnaris
7518|arteria recurrens ulnaris
7518|recurrent ulnar artery
76965|pronator reflex
97571|venae ulnares
95488|ulnar
11103|ultimopharyngeal body
21765|electron beam tomography
95508|submicroscopic
14453|echocardiography
76005|supersonic rays
95513|sonogram
95514|sonograph
95515|echographer
95515|sonographer
95516|echography
95516|sonography
14454|echocardiography
95530|fine structure
46821|actinic conjunctivitis
46821|arc-flash conjunctivitis
46821|flash keratoconjunctivitis
46821|ophthalmia nivalis
46821|snow conjunctivitis
46821|welder's conjunctivitis
18689|opal codon
58084|opal mutation
95541|omphalic
7519|arteria umbilicalis
20390|chorda umbilicalis
20390|funiculus umbilicalis
20390|funis1
22472|vitellointestinal cyst
26905|yolk stalk
30799|omphalocele
32157|fascia umbilicalis
32157|umbilical prevesical fascia
32157|umbilicovesical fascia
33623|fissura umbilicalis
33623|left portal scissura
35155|fissure for ligamentum teres
40607|exomphalos2
40607|exumbilication2
61205|notch for ligamentum teres
66053|pars umbilicalis rami sinistri venae portae hepatis
32159|umbilical fascia
77242|regio umbilicalis
78737|anulus umbilicalis
78737|canalis umbilicalis
82973|fetal souffle
98442|yolk sac
15036|anular cataract
32160|umbilical fascia
95544|belly button
95544|navel
95546|umbo of tympanic membrane
95547|umbo membranae tympani
95549|uridylic acid
7520|arteria uncalis
40629|caudal transtentorial herniation
95557|uncinate
11350|hamate (bone)
32273|fasciculus uncinatus
32273|arcuate fasciculus2
32273|frontotemporal tract
32273|hooked fasciculus
32273|temporofrontal tract
95558|hamate (bone)
95560|ancylostomiasis
95561|unciform
8529|uncinate epilepsy
12815|uncinate fasciculus of cerebellum
29826|uncinate attack
32274|fasciculus uncinatus cerebelli
32274|hooked bundle of Russell
32274|uncinate bundle of Russell
32274|uncinate fasciculus of Russell
32275|uncinate fasciculus of cerebellum
33743|temporal lobe epilepsy
38954|uncus2
64645|uncinate process of pancreas
72359|processus uncinatus vertebrae cervicalis
72360|processus uncinatus ossis ethmoidalis
72361|processus uncinatus vertebrae thoracicae primae
72362|processus uncinatus pancreatis
72362|lesser pancreas
72362|pancreas minus
72362|small pancreas
72362|uncinate pancreas
72362|unciform pancreas
72362|Willis pancreas
72362|Winslow pancreas
95562|hamate (bone)
88980|spun glass hair
88337|spun glass hair
10201|indirect reacting bilirubin
95565|insensible1
41408|latent homosexuality
54063|implicit memory
95570|uncoupling factors
31825|uncouplers
46472|Luschka joints
25104|homonymous images
25104|under image
95574|ointment
95575|uncinate gyrus
95575|uncus gyri parahippocampalis
9402|band of Giacomini
9402|cauda fasciae dentatae
9402|frenulum of Giacomini
9402|tail of dentate gyrus
95576|uncus2
95577|undecylenic acid
95579|undecenoic acid
95579|zincundecate
95589|hypoventilation
90952|cryptorchid testis
14398|anaplastic carcinoma of the thyroid
1183|null-cell adenoma
32790|brucellosis
74023|pulsus fluens
43575|aniseikonia
95598|unguinal
94734|tuberosity of distal phalanx (of hand and foot)
95599|ointment
95604|ungual
95605|nail1
95606|ingrown nail
95607|calcarine spur
95609|ingrown nail
95614|monarticular
95618|monolocular
22474|solitary bone cyst
22473|unilocular cyst
95621|unicornous
96304|uterus unicornis
95622|unicorn
76277|open reading frame
95625|monotrichous
95628|monogerminal
95628|monozygotic
95628|monozygous
3807|hemianesthesia
39907|unilocular hemianopia
28736|Macleod syndrome
28736|Swyer-James syndrome1
28736|Swyer-James-MacLeod syndrome
22475|unicameral cyst
32325|white fat2
39908|unilateral hemianopia
95635|monomolecular1
76249|monomolecular reaction
87285|continuous suture
95212|monozygotic twins
95646|semipennate
57263|semipennate muscle
15947|unipolar neuron
60161|pseudounipolar cell
60161|pseudounipolar neuron
60161|unipolar cell
16541|inherited character
33066|collagen fibrils
95701|British thermal unit
95701|joule
95723|progesterone unit
95732|meter angle
13728|ductus reuniens
14774|connecting cartilage
26906|ductus reuniens
95785|monovalence
95786|monovalent1
4763|incomplete antibody1
4763|inhibiting antibody
44342|idiopathic infantilism
82824|UW
95788|unmyelinated
95789|amyelinated
95789|amyelinic
95789|nonmedullated
95789|nonmyelinated
95789|unmedullated
32989|gray fibers
32989|nonmedullated fibers
32989|Remak fibers
25862|seborrheic dermatitis
60410|erythema nuchae
84522|Taenzer stain
88338|diffuse hyperkeratosis of palms and soles
88981|diffuse hyperkeratosis of palms and soles
2390|accessory chromosome
17501|accessory chromosome
70047|plexus venosus thyroideus impar
95793|insanitary
18955|irreversible colloid
77340|rest relation
57264|smooth muscle
5944|maxillary dental arcade
20028|pharyngoesophageal constriction
31233|upper limb
31234|head of fibula
31299|superior eyelid
39408|caput superius musculi pterygoideus lateralis
39408|superior head of lateral pterygoid (muscle)
46223|maxilla
11351|maxilla
59623|nervus cutaneus brachii lateralis superior
59623|superior lateral brachial cutaneous nerve
49329|superior eyelid
50263|membrum superius
50263|superior member
50263|superior limb
50263|thoracic limb
50263|upper extremity
50697|labium superius oris
51088|superior lobe of (right/left) lung
48952|supranuclear lesion
70713|superior pole
70714|extremitas superior testis
70714|polus superior testis
70714|superior pole of testis
44401|acute rhinitis
59625|thoracic cardiac branches of thoracic ganglia
59625|under branch
95802|hypsiloid
34363|median umbilical fold
49835|median umbilical ligament
95810|uracil oxidase
95811|uramustine
95812|uracil dehydrogenase
95814|orotic acid
95815|Cephaelis
95816|uracil mustard
95817|fluorescein sodium
95818|pitchblende
95820|uranoschisis
95821|palatitis
95822|palatoplasty
95823|palatorrhaphy
95824|palate
95827|palatoplasty
95828|palatorrhaphy
95829|uraniscochasm
95830|uranostaphylorrhaphy
95831|uranostaphyloplasty
95832|uranoveloschisis
95833|uranostaphyloschisis
95838|uricase
95844|gouty tophus
25864|lipoid proteinosis
48712|anthroponotic cutaneous leishmaniasis
95332|shop typhus
95849|urceolate
95850|urceiform
22228|Krebs-Henseleit cycle
22228|Krebs ornithine cycle
22228|Krebs urea cycle
22228|ornithine cycle
35604|uridrosis crystallina
95857|ureapoiesis
95858|ureic
95859|T-mycoplasma
95861|ureagenesis
95864|ureal
95869|N-carbamoylaspartic acid
51506|uremic pneumonia1
51506|uremic pneumonitis
70396|uremic lung
70407|uremic lung
95879|uroerythrin
95880|uriesthesia
95881|urination
95890|ureteric
12233|ureteric branches
53318|ureteric orifice
62764|ureteric orifice
77290|ureteroneocystostomy
95892|ureterocystoscope
95893|hydroureter
95893|megaloureter
95893|megaureter
95895|ureteral
70048|plexus (nervosus) uretericus
12234|rami ureterici
12234|ureteral branches
12235|rami ureterici arteriae ovaricae
12236|rami ureterici partis patentis arteriae umbilicalis
12237|rami ureterici arteriae renalis
12238|rami ureterici arteriae testicularis
12679|metanephric diverticulum
34364|interureteric crest
63350|ostium ureteris
63350|orificium ureteris
63350|ureteral meatus
63350|ureteral opening
66600|renal pelvis
95904|ureterosigmoidostomy
95906|uretercystoscope
95907|ureteroneocystostomy
95911|hydroureteronephrosis
95911|nephroureterectasis
95912|ileal ureter
95917|neocystostomy
95917|ureteral reimplantation
95917|ureterocystostomy
95917|ureterovesicostomy
95918|nephroureterectomy
95921|ureterorectostomy
95923|pyelography
95927|ureteroproctostomy
95932|ureterocolostomy
95942|ureteroneocystostomy
95943|ethyl carbamate
95948|female urethra
95950|male urethra
95952|female urethra
95957|male urethra
7522|arteria urethralis
14584|carina urethralis vaginae
14584|carina vaginae
21297|crista urethralis
21298|crista urethralis femininae
21299|crista urethralis masculinae
21299|crista phallica
32792|urinary fever
34365|urogenital folds
37253|glandulae urethrales femininae
37253|glands of the female urethra
37253|Guérin glands
37253|paraurethral glands
37253|Skene glands
37254|glandulae urethrales masculinae
37254|glands of the male urethra
37254|Littré glands
47628|lacuna urethralis
47628|Morgagni lacuna
87033|facies urethralis penis
95959|urethrodynia
95961|urethrorrhagia
95962|urethrospasm
95974|bulbourethral
95976|urethrocystometry
95977|urethrocystometrography
95978|urethropexy
95979|urethralgia
95985|urethrocystopexy
95990|urethremorrhagia
95996|urethrism
83621|musculus sphincter urethrovaginalis
96019|urochrome
96021|lithic acid
96021|triketopurine
96023|urate oxidase
96033|1-β-d-ribofuranosyluracil
96036|uridylic acid
96041|UDPglucose
96042|UDPglucose 4-epimerase
96044|xylose
96046|urea frost
96047|UMP synthase
96047|uridine 5′-monophosphate
96050|uresiesthesia
5664|urinary system
10569|vesica urinaria
10569|vesica1
10569|cystis urinaria
10569|urocyst
10569|urocystis
13399|urolith
22478|urinoma
44086|stress urinary incontinence
32793|catheter fever
32793|urethral fever
63229|organa urinaria
76968|micturition reflex
80022|schistosomiasis haematobium
96055|Tamm-Horsfall mucoprotein
83193|capsular space
85749|stammering of the bladder
89374|systema urinarium
89374|urinary apparatus
89374|uropoietic system
96056|micturate
96057|miction
96057|micturition1
96057|uresis
96074|uriniparous
96075|urinific
96077|genitourinary
96078|urogenous
96079|urinary cyst
96080|urogravimeter
96080|urometer
96082|uroscopy
96083|genitourinary
96088|urogastrone
96089|urohematin
96089|urohematoporphyrin
96090|mesobilene
96093|mesobilane
96095|urocanate hydratase
96097|urocanase
96102|gravel
96102|uropsammus2
96104|urian
96106|urocrisis
96107|urocrisia1
96108|uroglaucin
96111|urinary bladder
96113|urinary bladder
96117|urogastrone
96118|purpurin1
96118|urerythrin
88985|Ochoa syndrome
88342|Ochoa syndrome
96123|anthelone U
96123|anthelone
96123|uroanthelone
96123|uroenterone
96124|genitourinary
5665|urogenital system
18159|pudendal cleft
24480|diaphragma urogenitale
33724|genitourinary fistula
34366|plicae urethrales
34366|urethral folds
40958|hiatus urogenitalis
54366|diaphragmatic ligament of the mesonephros
67311|peritoneum urogenitale
77244|urogenital triangle
78628|genital fold
78628|wolffian ridge
82341|persistent cloaca
4427|hypospadias
89375|apparatus urogenitalis
89375|genitourinary apparatus
89375|genitourinary system
89375|systema urogenitale
89375|urogenital apparatus
93699|regio urogenitalis
93699|urogenital region
96125|urinogenous
96126|urocyanin
96135|urinometer
96136|urobilin
96137|urobilin
96140|plasminogen activator
96143|urinary calculus
96148|genitourinary surgeon
96152|urinometer
96153|Tamm-Horsfall mucoprotein
96156|uroscopy
89376|urinary system
96170|gravel
96170|urocheras2
96171|urothion
34367|urorectal septum
34367|urorectal membrane
54026|urorectal fold
81125|urorectal fold
96180|urinoscopy
96180|uronoscopy
14399|transitional cell carcinoma
64901|transitional cell papilloma
96186|uropterin
96188|indican2
96189|alloxantin
96190|ursodiol
96191|ursodeoxycholic acid
96192|nettle
96194|hives1
96194|urtication2
96196|urticaria vesiculosa
96199|chronic urticaria
96216|urticaria bullosa
32794|schistosomiasis japonica
96966|hypocomplementemic vasculitis
96220|urticaria
96222|laccase
96234|corn ergot
96234|corn smut
96234|Ustilago zeae
96235|Ustilago maydis
5683|adnexa uteri
7523|arteria uterina
13400|uterolith
15327|cavitas uteri
15327|endometrial canal
15327|cavum uteri
31235|extremitas uterina ovarii
31235|medial pole of ovary
37255|glandulae uterinae
41570|cornu uteri
62766|uterine ostium of uterine tubes
63925|ostium uterinum tubae uterinae
63925|ostium internum
63925|uterine opening of uterine tubes
66054|pars uterina tubae uterinae
82343|uterine sinusoid
82357|uterine sinus
82974|placental souffle
83031|hysterometer
90993|puerperal tetanus
94434|tuba uterina
94434|salpinx
94434|fallopian tube
94434|gonaduct2
94434|oviduct
94434|salpinx uterina
94434|tuba fallopiana
94434|tuba fallopii
95238|physometra
97575|venae uterinae
70049|plexus venosus uterinus
96870|ovarian varicocele
96243|uteroventral
96246|hysteropexy
96247|blastokinin
96249|uterine calculus
96250|hysterometer
33725|metroperitoneal fistula
96254|hysteropexy
5610|Couvelaire uterus
96256|hysteroplasty
96256|metroplasty
96258|hysterosalpingography
96259|hysteroscope
96260|hysteroscopy
96261|hysterotomy
96265|hysterosalpingography
70050|Frankenhäuser ganglion
70050|Lee ganglion
70050|plexus (nervosus) uterovaginalis
13729|uterovaginal primordium
72078|uterovaginal canal
96267|uteroabdominal
34369|uterovesical ligament
49836|plica uterovesicalis
49836|plica vesicouterina
49836|uterovesical fold
49836|vesicouterine ligament
71624|vesicouterine pouch
96270|metra
96270|womb
96274|arcuate uterus
96276|bicornate uterus
96280|bicornate uterus
96282|biforate uterus
96283|septate uterus
96285|septate uterus
96287|cordiform uterus
96291|duplex uterus
96295|incudiform uterus
96299|septate uterus
96301|subseptate uterus
96303|incudiform uterus
96305|unicorn uterus
92135|temps utile
96309|utricle of vestibular labyrinth
96309|sacculus communis
96309|utriculus1
96311|utricle2
96311|utriculus2
26907|ductus utricularis
59626|nervus utricularis
76462|elliptical recess of bony labyrinth
76463|recessus utricularis labyrinthi membranacei
84140|macula of utricle
59627|nervus utriculoampullaris
26908|ductus utriculosaccularis
26908|Böttcher canal
96316|utricle
96316|utricle of vestibular labyrinth
96317|prostatic utricle
96321|vascular lamina of choroid
96324|vascular layer of eyeball
66055|uveal part of trabecular tissue of sclera
66056|pars uvealis reticuli trabecularis sclerae
66056|uveal part of trabecular reticulum
93028|vascular layer of eyeball
88987|Vogt-Koyanagi syndrome
88344|Vogt-Koyanagi syndrome
88345|Behçet syndrome
88988|Behçet syndrome
96339|Harada syndrome
88346|Harada syndrome
88989|Harada syndrome
32795|Heerfordt disease
32795|Heerfordt syndrome
96341|botryoid
96342|uvioresistant
96345|uviofast
96349|E-cadherin
96354|uvula [TA] of cerebellum
96353|uvula vesicae
96353|Lieutaud uvula
96359|uvula palatina
96359|palatine uvula
96359|pendulous palate
96357|uvula of soft palate
96360|uvula [TA] of cerebellum
96361|uvula of bladder
96355|uvula cerebelli
96355|uvula vermis
96362|uvuloptosis
57268|muscle of uvula
96364|muscle of uvula
96365|uvulotome
96366|staphylectomy
96369|palatopharyngoplasty
96370|palatoplasty
96371|falling palate
96371|staphylodialysis
96371|staphyloptosis
96371|uvulaptosis
96372|uvulatome
96374|University of Wisconsin solution
