6969|spinal arteries
6969|segmental medullary arteries
34836|morpho-
51281|-logia
62505|-logia
63935|-stomy
63987|-tomy
66257|path-
67660|-phage
68693|phreno-
69416|plasma-
78160|-rrhagia
78167|-rrhaphy
78169|-rrhea
79083|-rrhea
85195|stomato-
1020|lysophosphatidic acid acyltransferase
2841|galactosamine
54920|3-methylcholanthrene
54890|vanillylmandelic acid
68448|adenosine 3′-phosphate 5′-phosphosulfate
74532|technetium 99m
74736|prescription2
1897|Ǻkerlund deformity
4237|angstrom
4237|Ǻngström law
4237|angstrom unit
4237|Ǻngström scale
64297|Φ
64297|Φ
64295|π
40158|α′ hemolysis
91122|hemoglobin H
19439|α-keto acid dehydrogenase
40159|β hemolysis
42110|β-hydroxypropionic aciduria
37487|component of complement
16|Aagenaes syndrome
19|Aaron sign
20|Aarskog-Scott syndrome
26|Abadie sign of tabes dorsalis
30|gait
32|astasia-abasia
39|Abbé condenser
38|Abbe flap
41|Abbott tube
41|Miller-Abbott tube
40|Abbott stain for spores
51699|parietal lymph nodes of abdomen
51699|visceral lymph nodes of abdomen
65769|esophagus
76|Abegg rule
77|method
78|Abelson murine leukemia virus
81|Abernethy fascia
31949|iliac fascia
6934|accessory obturator artery
6934|pubic branch of inferior epigastric artery
106|blood gases
106|under gas
4824|ABO blood group
135|Blood Groups Appendix
168|auditory brainstem response
169|amelia
172|Abrahams sign
173|Abrams heart reflex
312|half-value layer
312|photoelectric effect
312|attenuation
360|acantho-
393|mange
403|grain itch
424|radial acceleration
37481|factor V(null)
37481|factor V
37481|serum accelerator globulin
61307|dorsal accessory olivary nucleus
61307|medial accessory olivary nucleus
451|equilibration5
526|acet-
587|ACH
593|Achard syndrome
593|Achard-Thiers syndrome
602|Achenbach syndrome
603|Achilles bursa
603|Achilles reflex
603|Achilles tendon
27084|achondroplasia
768|Acosta disease
84106|macula of utricle
84106|macula of saccule
77324|centric jaw relation
785|Acrel ganglion
850|erythromelalgia
872|idiopathic hypertrophic osteoarthropathy
880|CREST syndrome
28468|emanon
918|Actinomadura latina
82519|activated sludge method
43652|acquired immunity
18693|activity2
77311|primary rejection
48986|lymphocytic leukemia
36978|necrotizing ulcerative gingivitis
1033|model
1038|artery of Adamkiewicz
1039|Adams-Stokes disease
1039|Stokes-Adams disease
1039|Adams-Stokes syncope
1039|Adams-Stokes syndrome
1039|Stokes-Adams syndrome
1039|Morgagni-Adams-Stokes syndrome
1041|adansonian classification
1042|development1
1042|equilibration5
79797|intelligence
1064|Addis count
90353|Addis count
1065|Addison anemia
1065|Addison disease
1065|addisonian anemia
1065|addisonian crisis
1065|Addison-Biermer disease
1066|Addison clinical planes
1066|under plane
1082|adeno-
92207|lymphatic tissue
92207|epithelium
1132|adenoid
1219|adenylic acid
1220|adenylic acid
1207|adenosine 3′
1207|5′-cyclic monophosphate
1209|adenosine 5′-diphosphate
1211|adenylic acid
1213|adenylic acid
1259|adenosine 5′-phosphosulfate kinase
1293|Adie pupil
1293|Adie syndrome
1293|Holmes-Adie pupil
1293|Holmes-Adie syndrome
1299|adip-
1342|adlerian psychology
1342|adlerian psychoanalysis
1343|Adler test
1347|admov
1353|impedance
1353|immittance
1353|compliance
43653|acquired immunity
1373|adreno-
1385|α-adrenergic receptors
1385|under receptor
1385|β-adrenergic receptors
1385|under receptor
1413|Adson test
1413|Adson forceps
1413|Adson maneuver
1413|Brown-Adson forceps
1420|anterograde
1435|paralysis.
1438|Aeby plane
1464|aer-
1465|Enterobacter
1514|acid-fast
73704|mood disorders
73704|under disorder
73704|bipolar disorder
73704|major depressive disorder
1540|AFORMED phenomenon
1541|fetoproteins
81713|Gambian trypanosomiasis
81713|Rhodesian trypanosomiasis
20094|aftercontraction
21942|aftercurrent
25209|afterdischarge
27997|aftereffect
56173|aftermovement
64440|afterpains
71545|afterpotential
82978|aftersound
89752|aftertaste
1548|flashback
1812|Dasyprocta2A tropic rodent.Dasyprocta
20742|cerebral cortex
92098|atrioventricular conduction
1846|Aicardi syndrome
91488|gas thermometer
50287|lime1
1875|Flynn-Aird syndrome
1906|acnemia
1932|Alagille syndrome
1933|Foix-Alajouanine myelitis
1933|Foix-Alajouanine syndrome
1934|aphonia
1945|Alanson amputation
65775|nasalis (muscle)
1955|Albarran glands
1955|under gland
1955|Albarran test
1955|Albarran y Dominguez tubules
1955|under tubule
1957|Albers-Schönberg disease
1958|Albert suture
1959|Albert stain
1963|Albini nodules
1963|under nodule
1964|ocular albinism
1964|piebaldism
1980|Albinus muscle
1982|Albrecht bone
1983|Albright disease
1983|Albright syndrome
1983|Albright hereditary osteodystrophy
1983|Forbes-Albright syndrome
1983|McCune-Albright syndrome
1984|tunica albuginea
1984|tunica albuginea of corpus spongiosum
1984|tunica albuginea of corpora cavernosa
1984|tunica albuginea of ovary
1984|tunica albuginea of testis
1984|sclera
1991|inherited albumin variants
1991|under variant
1997|inherited albumin variants
1997|under variant
2001|inherited albumin variants
2001|under variant
2002|inherited albumin variants
2002|under variant
2008|inherited albumin variants
2008|under variant
77926|hypertensive retinopathy
2054|Alcock canal
24123|chronic alcoholism
2105|Alder anomaly
2105|Alder bodies
2105|under body
2111|aldol condensation
2129|Aldrich syndrome
2129|Wiskott-Aldrich syndrome
11131|cutaneous leishmaniasis
2146|Alexander disease
2145|Alexander hearing impairment
2160|alge-
2175|alge-
2179|alge-
19516|cyclic compound
54590|alkaline earth elements
54590|under element
91324|alkalitherapy
27613|alkaline earth elements
27613|under element
2322|Bowditch law
2269|allantoidoangiopagous twins
2269|under twin
2275|DNA markers
36611|allele
36611|dominance of traits
2287|Corner-Allen test
2287|Corner-Allen unit
2287|Allen-Masters syndrome
2290|Allen test
2289|Allen test
2288|Allen-Doisy test
2288|Allen-Doisy unit
44442|allergic reaction
2319|Allis forceps
2338|alloploid
2347|alloploid
2366|alloploid
2379|pregnane
2394|alloploid
2402|alloploid
2439|Almén test for blood
2438|Almeida disease
2438|Lutz-Splendore-Almeida disease
2484|Alpers disease
90363|Beta tests
2492|Alport syndrome
2496|Alström syndrome
2499|Altemeier operation
2526|Meyenburg-Altherr-Uehlinger syndrome
2529|Altmann fixative
2529|Altmann granule
2529|Altmann anilin-acid fuchsin stain
2529|Altmann theory
2529|Altmann-Gersh method
2610|Alzheimer dementia
2610|Alzheimer disease
2610|Alzheimer sclerosis
2616|Amadori rearrangement
2650|amber codon
2651|Amberg lateral sinus line
2666|approach-avoidance conflict
2756|criminal insanity
79164|criminal insanity
2757|rule
94308|South American trypanosomiasis
2763|Ames assay
2763|Ames test
666|amino acid
2862|alanine
2879|Ammon fissure
2879|Ammon prominence
2878|Ammon's horn
87659|amnionic fluid embolism
2954|adenylic acid
2957|ampere
2957|statampere
2957|Ampère postulate
2956|ampere
2958|abampere
2958|coulomb
2960|amphi-
2960|ampho-
82830|solvolysissolvolysis
82979|amphoric voice
3014|average pulse magnitude
3014|peak magnitude
3130|Amsler chart
3130|Amsler grid
3130|Amsler test
3138|Amussat valve
3138|Amussat valvula
3164|amylo-
72941|amyloid
3210|glycogenosis type 4
3239|a-
3252|anaclitic depression
3254|anacrotic pulse
3302|psychoanalysis
77677|immune response
3384|anaphylatoxin
76060|anaplerotic
3415|communication
11777|orbital branch of middle meningeal artery
97114|inferior anastomotic vein
97114|superior anastomotic vein
3542|ankylo-
3553|Andernach ossicles
3553|under ossicle
3554|Anders disease
3555|Andersch ganglion
3555|Andersch nerve
3556|Andersen disease
3558|Anderson splint
3558|Roger Anderson pin fixation appliance
3557|Anderson-Collip test
3562|andral decubitus
2448|female pattern alopecia
2448|male pattern alopecia
3591|transonic
3592|Anel method
36339|inhalation anesthetic
3897|angio-
87665|Prader-Willi syndrome
3899|Angelucci syndrome
3900|Anger camera
3901|angio-
3952|coronary angiography
15100|Seldinger technique
9335|balloon-tip catheter
4089|angiotensin I
4089|angiotensin II
4089|angiotensin III
4099|Angle classification of malocclusion
4148|lateral angle of eye
4148|medial angle of eye
4162|angle of inclination of femur
95659|angstrom
4239|Turbatrix
52315|hypnosis
52315|mesmerism
4308|homunculus
4309|kingdom
77534|anion exchange
77534|anion exchanger
4357|Anitschkow cell
4357|Anitschkow myocyte
92530|dental ankylosis
74812|pair production
93868|protanomaly
93868|deuteranomaly
93868|tritanomaly
4523|Anrep phenomenon
4540|cutis anserina
4540|pes anserinus
4552|anti-
11795|segmental arteries of kidney
11795|under artery
87670|iridocorneal endothelial syndrome
92910|pyramidal tract
11786|medial mammary branches
32829|external arcuate fibers
69776|external vertebral venous plexus
19259|gray commissure
12768|fasciculi proprii
12768|under fasciculus
41545|lateral ventricle
61330|anterior hypothalamic area
6956|segmental arteries of kidney
69777|internal vertebral venous plexus
49382|anterior ligament of malleus
61326|anterior horn
61335|nuclei of trapezoid body
61333|anterior hypothalamic area
6968|perforating branches
6968|under branch
75149|anterior ramus of spinal nerve
75157|anterior ramus of spinal nerve
75159|anterior ramus of spinal nerve
75162|anterior ramus of spinal nerve
80573|anterior (bronchopulmonary) segment [S III]
80573|anterior basal (bronchopulmonary) segment [S VIII]
80573|anterior inferior renal segment
80573|anterior superior renal segment
80573|anterior segment of eyeball
6971|left pulmonary artery
6971|right pulmonary artery
13587|semicircular canals (of bony labyrinth)
92914|spinothalamic tract
6975|segmental arteries of kidney
23107|tegmental decussations2
38867|transverse temporal gyri
61337|anterior nuclei of thalamus
93363|anterograde
61339|anterior horn
61341|anterior nuclei of thalamus
61343|anterior nuclei of thalamus
87674|agammaglobulinemia
87674|hypogammaglobulinemia
87674|immunodeficiency
30873|prozone
19396|immune complex
4972|anti-G
90373|Coombs test
8687|antiidiotype antibody
83371|spectrum2
5088|antisense DNA
5088|antisense RNA
5100|military antishock trousers
5100|pneumatic antishock garment
5103|antisocial personality
5103|antisocial personality disorder
67425|psychopath
67425|sociopath
67425|antisocial personality disorder
67425|antisocial
5143|antitragicus (muscle)
5144|antitragohelicine fissure
5162|vivisection
5165|Anton syndrome
5166|Antoni type A neurilemoma
5166|Antoni type B neurilemoma
5198|Antyllus method
49394|anular ligament of radius
49394|anular ligament of stapes
49394|anular ligaments of trachea
80347|ring scotoma
25965|neurosis
87678|anxiety
84677|anxiety disorders
84677|under disorder
44887|aortic regurgitation
5308|hydroxyapatite
5318|Apert syndrome
5376|apex beat
5403|Apgar score
6987|left pulmonary artery
6987|right pulmonary artery
66291|sleep apnea
11158|hydrophobic interaction
5581|patellar retinaculum
5581|medial patellar retinaculum
5581|lateral patellar retinaculum
5719|appendicular artery
5719|appendicular lymph nodes
5719|under lymph node
5719|appendicular skeleton
5719|appendicular vein
19776|ambivalence
5806|persic oil
15480|apud
5826|water3
5826|solution3
16458|anterior chamber of eyeball
16458|posterior chamber of eyeball
5888|cranial arachnoid mater
5888|spinal arachnoid mater
5905|Aran-Duchenne disease
5905|Duchenne-Aran disease
5907|Arantius ligament
5907|Arantius nodule
5907|Arantius ventricle
5907|corpus arantii
5907|ductus venosus arantii
5920|arch
5920|arcus
5920|arcade
5948|arcus
89257|Galton system of classification of fingerprints
89257|under fingerprint
6052|Meyer-Archambault loop
6053|arch-
5986|deep plantar (arterial) arch
5986|medial longitudinal arch of foot
5986|plantar venous arch
5986|transverse arch of foot
5986|superficial plantar (arterial) arch
5986|dorsal venous arch of foot
5986|lateral longitudinal arch of foot
6059|arch-
32830|arcuate fibers of cerebrum
32830|external arcuate fibers
32830|internal arcuate fibers
50333|arcuate line of ilium
50333|arcuate line of rectus sheath
6097|palatoglossal arch
6097|palatopharyngeal arch
6117|inferior palpebral (arterial) arch
6117|superior palpebral (arterial) arch
6243|intermediate hypothalamic area
6314|Argyll Robertson pupil
6321|Arias-Stella effect
6321|Arias-Stella phenomenon
6321|Arias-Stella reaction
6325|Aristotle anomaly
6325|aristotelian method
6329|Arlt operation
6329|Arlt sinus
6342|Armanni-Ebstein kidney
6342|Armanni-Ebstein change
6346|Armitage-Doll model
6348|King-Armstrong unit
6350|Arneth classification
6350|Arneth count
6350|Arneth formula
6350|Arneth index
6350|Arneth stages
6350|under stage
18018|Arneth stages
18018|under stage
6352|Arnold bundle
6352|Arnold canal
6352|Arnold ganglion
6352|Arnold nerve
6352|Arnold tract
6352|foramen of Arnold
6353|Arnold bodies
6353|under body
6353|Arnold-Chiari deformity
6353|Arnold-Chiari malformation
6353|Arnold-Chiari syndrome
6355|aromatic compound
19519|cyclic compound
6377|Arrhenius doctrine
6377|Arrhenius equation
6377|Arrhenius law
6377|Arrhenius-Madsen theory
6392|Arruga forceps
6410|arsenic trioxide
6425|norepinephrine
6426|arterio-
6606|left pulmonary artery
6607|left pulmonary artery
6608|left pulmonary artery
6612|left pulmonary artery
6612|right pulmonary artery
6613|right pulmonary artery
6742|left pulmonary artery
6742|right pulmonary artery
6743|left pulmonary artery
6743|right pulmonary artery
6749|left pulmonary artery
6749|right pulmonary artery
6750|left pulmonary artery
6750|right pulmonary artery
6751|left pulmonary artery
6751|right pulmonary artery
6752|left pulmonary artery
6752|right pulmonary artery
6753|segmental arteries of kidney
6753|under artery
6754|segmental arteries of kidney
6754|under artery
6756|segmental arteries of kidney
6756|under artery
6757|segmental arteries of kidney
6757|under artery
6758|segmental arteries of kidney
6758|under artery
6591|ileal arteries
6591|under artery
6591|jejunal arteries
6591|under artery
6610|left pulmonary artery
6610|right pulmonary artery
6609|left pulmonary artery
6609|right pulmonary artery
6611|left pulmonary artery
6611|right pulmonary artery
5957|marginal artery of colon
43056|hypotension1
7315|dorsal artery of penis
7315|deep artery of penis
7537|arthro-
7648|Arthus phenomenon
7648|Arthus reaction
59893|plane joint
17715|articular vascular network
43655|acquired immunity
43656|acquired immunity
37069|laryngeal glands
7845|Ascher aqueous influx phenomenon
7845|Ascher syndrome
7846|Aschner phenomenon
7846|Aschner reflex
7846|Aschner-Dagnini reflex
7847|Aschoff bodies
7847|under body
7847|Aschoff nodules
7847|under nodule
7847|node of Aschoff and Tawara
7847|Rokitansky-Aschoff sinuses
7847|under sinus
7847|Aschoff cell
7862|Ascoli reaction
7862|Ascoli test
7879|Aselli pancreas
7879|Aselli gland
7887|Ashby method
7889|Asherman syndrome
7890|Ashman phenomenon
7891|xerostomia
7896|Ask-Upmark kidney
7895|Askanazy cell
7933|Asperger disorder
8007|Assézat triangle
8008|assimilation
8009|equilibration5
89884|eugenics
8012|Assmann tuberculous infiltrate
92918|association system
85405|conditioning
8148|micro-Astrup method
8149|Astwood test
8226|ataxia telangiectasia
8276|allothreonines
8283|hypothyroidism
65790|vertebral artery
53868|anterior atlantooccipital membrane
53868|posterior atlanto-occipital membrane
8296|atlanto-
2301|atopy
8343|ATP:citrate (pro-3S)-lyase
96675|tricuspid valve
96675|mitral valve
8406|belladonna
8504|scopolamine
8506|approach1
8506|avoidance
8506|ambivalence
8558|auricularis anterior (muscle)
70337|primary atypical pneumonia
8566|Aub-DuBois table
8568|Aubert phenomenon
42317|hyperacusis
61350|nuclei nervi vestibulocochlearis
15488|Corti cells
8602|Auenbrugger sign
8603|Auer bodies
8603|under body
8603|Auer rods
8603|under rod
8604|Auerbach ganglia
8604|under ganglion
8604|Auerbach plexus
36107|myenteric (nerve) plexus
8605|Aufrecht sign
8606|Auger electron
28315|photoelectric effect
28315|transition electron
8608|Aujeszky disease virus
8633|left auricle
8633|right auricle
8638|left atrium of heart
8638|right atrium of heart
97144|anterior auricular vein
97144|posterior auricular vein
8662|Auspitz sign
8663|Flint
8664|auto-
25972|autism
25972|infantile autism2a diagnosis from the Diagnostic and Statistical Manual that is established when the specified criteria are met.autism
25972|infantile autism
8712|autoploid
80961|autoerythrocyte sensitization syndrome
8733|autoploid
27377|APECED
8752|autotransfusion
36109|autonomic (visceral motor) division of nervous system
60140|motor neuron
8774|autoploid
8789|autopolymer resin
8814|phantom limb
8823|autoploid
8834|autoploid
8854|auxano-
8871|Avellis syndrome
8875|ivermectin
8888|Avogadro constant
8888|Avogadro hypothesis
8888|Avogadro law
8888|Avogadro number
8888|Avogadro postulate
8889|attachment
25973|avoidant disorder of childhood
50337|anterior axillary line
50337|midaxillary line
50337|posterior axillary line
56628|inferior axioappendicular muscles
56628|superior axioappendicular muscles
8924|axiomesiodistal plane
8935|trunk
8988|synapse
8989|synapse
9003|synapse
9007|Ayala index
9007|Ayala quotient
9008|Ayerza disease
9008|Ayerza syndrome
9009|Ayre brush
9039|zidovudine
74736|prescription2
9063|Babesia
9063|Babès nodes
9063|under node
9061|Babbitt metal
9062|Babcock tube
9067|Babesia
9071|Babinski phenomenon
9071|Babinski sign
9071|Babinski reflex
9071|Babinski syndrome
9078|Baccelli sign
9080|Bachman-Pettit test
9080|Bachman test
9081|Bachmann bundle
9093|anthrax
9152|dorsum
9166|scattered radiation
9168|Bacon anoscope
9170|bacterio-
9262|Baehr-Lohlein lesion
9262|Lohlein-Baehr lesion
9263|Baelz disease
9266|Baer law
9265|evoked response
9267|Baeyer theory
9278|Baggenstoss change
9279|Bagolini test
9280|Baillarger bands
9280|under band
9280|Baillarger lines
9280|under line
9281|Bailliart ophthalmodynamometer
9282|Bainbridge reflex
9284|Baker pyridine extraction
9284|Baker acid hematein
9283|Baker cyst
9285|Charcot-Weiss-Baker syndrome
9288|balano-
9348|Baló disease
9318|Balint syndrome
9320|bezoar
9319|Ball operation
9325|Ballance sign
9325|Koerte-Ballance operation
9358|Bamberger albuminuria
9358|Bamberger disease
9358|Bamberger sign
9358|Bamberger-Pins-Ewart sign
9357|Bamberger-Marie disease
9357|Bamberger-Marie syndrome
9360|zone2Any ribbon-shaped or cordlike anatomic structure that encircles or binds another structure or that connects two or more parts.fascia
9360|line
9360|linea
9360|stria
9360|stripe
9360|tenia
9447|Bang disease
9453|Banti disease
9453|Banti syndrome
9474|Blount-Barber disease
9482|Barclay-Baron disease
9483|Barcroft-Warburg apparatus
9483|Barcroft-Warburg technique
89850|Warburg apparatus
9484|Cannon-Bard theory
9485|Bardet-Biedl syndrome
9486|Bardinet ligament
9499|enteroclysis
9499|barium enema
9502|Barkan membrane
9502|Barkan operation
9503|Barkman reflex
9504|Barkow ligaments
9504|under ligament
9506|Barlow disease
9505|Barlow syndrome
9509|Barnes dystrophy
9508|Barnes curve
9508|Barnes zone
9528|Barr chromatin body
9529|Barraquer method
9530|Barraquer disease
9531|Barré sign
9531|Guillain-Barré reflex
9531|Guillain-Barré syndrome
9531|Landry-Guillain-Barré syndrome
26187|Petzval surface
9533|adenocarcinoma in Barrett esophagus
9533|Barrett esophagus
9533|Barrett epithelium
9533|Barrett syndrome
9533|Barrett metaplasia
9543|Bart syndrome
9544|Barth hernia
9546|Bartholin abscess
9546|Bartholin cyst
9546|Bartholin cystectomy
9546|Bartholin duct
9546|Bartholin gland
9545|Bartholin anus
9548|Brücke-Bartley phenomenon
9549|Barton bandage
9549|Barton forceps
9549|Barton fracture
9556|Bartter syndrome
9557|Baruch law
9560|bar1
65793|right pulmonary artery
65793|left pulmonary artery
50339|orbitomeatal plane1
9593|cochlear area
69517|baseplate
9618|Basedow disease
9618|Basedow pseudoparaplegia
9618|Jod-Basedow phenomenon
9618|Basedow goiter
67429|basic personality type
9650|basi-
9675|basilar part of pons
11186|body of sphenoid
9688|Nomina Anatomica
9688|Terminologia Anatomica
9689|basi-
9695|amygdaloid body
61357|amygdaloid body
61358|amygdaloid body
9696|metachromasia
9709|Bassen-Kornzweig syndrome
9710|Bassini operation
9710|Bassini herniorrhaphy
9711|Bassler sign
9713|Bastedo sign
9744|Batista procedure
9746|Batson plexus
9746|Carmody-Batson operation
9747|Batten-Mayou disease
9747|Batten disease
9750|Battle sign
9752|Bauer chromic acid leucofuchsin stain
9751|Bauer syndrome
9753|Bauhin gland
9753|Bauhin valve
9754|Baumé scale
9755|Baumgarten veins
9755|under vein
9755|Cruveilhier-Baumgarten disease
9755|Cruveilhier-Baumgarten murmur
9755|Cruveilhier-Baumgarten sign
9755|Cruveilhier-Baumgarten syndrome
9759|Bayes theorem
9760|Bayley Scales of Infant Development
9760|under scale
9765|Bazett formula
9766|Bazex syndrome
9767|Bazin disease
9471|Bárány sign
9471|Bárány caloric test
9471|positional vertigo of Bárány
9837|ranine anastomosis
9837|Béclard hernia
9837|Béclard triangle
9868|Béguez César disease
9900|Békésy audiometer
9900|Békésy audiometry
9991|Bérard aneurysm
9993|Béraud valve
11371|Böök syndrome
10881|Bödecker index
11494|Börjeson-Forssman-Lehmann syndrome
11544|Böttcher canal
11544|Böttcher cells
11544|under cell
11544|Böttcher crystals
11544|under crystal
11544|Böttcher ganglion
11544|Böttcher space
11544|Charcot-Böttcher crystalloids
11544|under crystalloid
12643|Büchner extract
12643|Büchner funnel
12644|Büchner extract
12649|Reis-Bücklers corneal dystrophy
12850|Bürger-Grütz syndrome
12850|Bürger-Grütz disease
9786|rostrum
9788|Beale cell
9827|Beau lines
9827|under line
9830|Bechterew band
9830|Bechterew disease
9830|layer of Bechterew
9830|Bechterew nucleus
9830|Bechterew sign
9830|line of Bechterew
9830|band of Kaes-Bechterew
9830|Bechterew-Mendel reflex
9830|Mendel-Bechterew reflex
61359|vestibular nuclei
9831|Beck method
9832|Beck triad
9834|Becker nevus
9833|Becker-type tardive muscular dystrophy
9833|Becker muscular dystrophy
9835|Beckmann apparatus
9836|Beckwith-Wiedemann syndrome
9838|becquerel
9838|Becquerel rays
9838|under ray
82943|bedsore
9851|Cimex
9854|Bednar aphthae
9854|under aphtha
9853|Bednar tumor
86224|xylose
9861|Beer knife
9860|Beer-Lambert law
9860|Beer law
86225|sucrose
9865|Beevor sign
9867|Begg light wire differential force technique
89851|light wire appliance
25976|antisocial personality disorder
91331|systematic desensitization
91331|conditioning
91331|learning
9892|Behçet disease
9892|Behçet syndrome
9894|Behr disease
9894|Behr syndrome
9895|Behring law
9899|Kashin-Bek disease
9905|Bell muscle
9904|Bell law
9904|Bell-Magendie law
9904|Bell respiratory nerve
9904|Bell palsy
9904|Bell spasm
9904|external respiratory nerve of Bell
9909|la belle indifférence
9913|anterior belly of digastric muscle
9913|posterior belly of digastric muscle
9917|inferior belly of omohyoid muscle
9917|superior belly of omohyoid muscle
9910|Bellini ducts
9910|under duct
9910|Bellini ligament
9924|Belsey fundoplication
9924|Belsey Mark operation
9924|Belsey procedure
9924|Collis-Belsey fundoplication
9924|Collis-Belsey procedure
9926|Bence Jones albumin
9926|Bence Jones cylinders
9926|under cylinder
9926|Bence Jones myeloma
9926|Bence Jones proteins
9926|under protein
9926|Bence Jones reaction
1992|Bence Jones proteins
1992|under protein
72950|Bence Jones reaction
9928|Bender gestalt test
9928|Bender Visual Motor Gestalt test
9931|Benedek reflex
9933|Benedict-Roth apparatus
9933|Benedict-Roth calorimeter
9932|Benedict solution
9932|Benedict test for glucose
9932|Benedict-Hopkins-Cole reagent
13484|Benedict-Roth apparatus
9934|Benedikt syndrome
9940|Bennett fracture
9939|Bennett angle
9939|Bennett movement
9941|Bennhold Congo red stain
9943|Bensley specific granules
9943|under granule
9992|Berardinelli syndrome
9997|Berger disease
9997|Berger focal glomerulonephritis
9999|Berger space
9998|Berger rhythm
10000|Bergman sign
10001|Bergmann cords
10001|under cord
10001|Bergmann fibers
10001|under fiber
10002|Bergmeister papilla
10009|Berlin edema
10012|Bernard-Soulier disease
10012|Bernard-Soulier syndrome
10011|Bernard canal
10011|Bernard duct
10011|Bernard puncture
10011|Bernard-Cannon homeostasis
10011|Bernard-Horner syndrome
10011|Bernard-Sergent syndrome
10013|Bernays sponge
10014|Bernhardt disease
10014|Bernhardt-Roth syndrome
10015|Bernheim syndrome
10016|Bernoulli distribution
10016|Bernoulli effect
10016|Bernoulli law
10016|Bernoulli principle
10016|Bernoulli theorem
10016|Bernoulli trial
10018|Bernstein test
10019|Berry ligaments
10019|under ligament
10020|Berson test
10021|Berthelot reaction
10022|Berthollet law
10025|Bertin bones
10025|under bone
10025|Bertin columns
10025|under column
10025|Bertin ligament
10025|Bertin ossicles
10025|under ossicle
10026|Canavan-van Bogaert-Bertrand disease
10029|Besnier prurigo
10029|Besnier-Boeck-Schaumann syndrome
10031|Best disease
10031|Best carmine stain
10056|Bettendorff test
10058|Betz cells
10058|under cell
10059|Beuren syndrome
10060|Bevan-Lewis cells
10060|under cell
10066|Bezold ganglion
10066|Bezold-Jarisch reflex
10065|Bezold abscess
10076|Bial test
10077|Bianchi nodule
10101|Bichat canal
10101|Bichat fat-pad
10101|Bichat fissure
10101|Bichat fossa
10101|Bichat ligament
10101|Bichat membrane
10101|Bichat protuberance
10101|Bichat tunic
10105|Bickel ring
10115|bicuspid tooth
10115|premolar tooth
10116|familial aortic ectasia syndrome
10125|Biederman sign
10126|Bardet-Biedl syndrome
10127|Bielschowsky disease
10127|Bielschowsky stain
10127|Jansky-Bielschowsky disease
10128|Bielschowsky sign
10129|Biemond syndrome
10130|Bier amputation
10130|Bier block
10130|Bier hyperemia
10130|Bier method
10131|Biermer anemia
10131|Biermer disease
10131|Addison-Biermer disease
10132|Biesiadecki fossa
92436|diglossia
83324|lens
10154|Bigelow ligament
10154|Bigelow septum
10905|quadrigeminal bodies
10169|Marchiafava-Bignami disease
79483|salpingo-oophorectomy
10211|Bill maneuver
10212|Billings method
10213|Billroth cords
10213|under cord
10213|Billroth I operation
10213|Billroth II operation
10213|Billroth venae cavernosae
10213|under vena
10213|Billroth I anastomosis
10213|Billroth II anastomosis
10228|bind3
10232|Binet age
10232|Binet scale
10232|Binet test
10232|Binet-Simon scale
10232|Stanford-Binet intelligence scale
10234|Bing reflex
10233|Taussig-Bing disease
10233|Taussig-Bing syndrome
10235|Bingham flow
10235|Bingham model
10235|Bingham plastic
10239|Binswanger disease
10239|Binswanger encephalopathy
10270|biomedical engineering
10276|spontaneous generation
10276|recapitulation theory
10320|Biondi-Heidenhain stain
10381|Biot breathing
10381|Biot respiration
10381|Biot breathing sign
10381|Biot sign
25979|hypomanic episode
25979|cyclothymia
73706|bipolar disorder
73706|manic episode
10424|Birbeck granule
10425|Birch-Hirschfeld stain
10428|Bird sign
10431|Bowman-Birk inhibitor
10439|nevus1
10446|Bischof myelotomy
10455|Bishop sphygmoscope
11132|cutaneous leishmaniasis
13093|cutaneous leishmaniasis
10516|bitewing radiograph
10519|Bitot spots
10519|under spot
10525|Bittner agent
10525|Bittner milk factor
10526|Bittorf reaction
10538|Bizzozero corpuscle
10540|Björk-Shiley valve
10541|Björnstad syndrome
10539|Bjerrum scotoma
10539|Bjerrum screen
10539|Bjerrum sign
10543|Black classification
69265|black death
10544|Diamond-Blackfan anemia
10544|Diamond-Blackfan syndrome
10548|detrusor
10572|Blagden law
10573|Blainville ears
10573|under ear
10574|Sengstaken-Blakemore tube
10575|Blalock shunt
10575|Blalock-Hanlon operation
10575|Blalock-Taussig operation
10575|Blalock-Taussig shunt
10576|Blandin gland
10581|lines of Blaschko
10581|under line
10582|Blasius duct
10632|Blatin syndrome
70999|rhinosporidiosis
10661|blepharo-
10708|blindness
76694|blink response
10745|Bloch-Sulzberger disease
10745|Bloch-Sulzberger syndrome
10744|Bloch reaction
98303|Klippel-Feil syndrome
10810|Blocq disease
10811|Blom-Singer valve
70647|septicemia
70647|pyemia
81275|serum2
86226|d-glucose
10829|phlebotomy
10841|Bloom syndrome
10842|Northern blot analysis
10842|Southern blot analysis
10842|Western blot analysis
10842|zoo blot analysis
10844|Blount disease
10844|Blount-Barber disease
10845|Calliphora
10845|Lucilia
10845|Phormia regina
55846|incomplete achromatopsia
9172|Cyanobacteria
9230|Cyanobacteria
10849|Gougerot and Blum disease
10850|Blumberg sign
10851|Blumenau nucleus
10852|Blumenbach clivus
10853|Blumer shelf
19789|Haworth conformational formulas of cyclic sugars
10876|Bochdalek foramen
10876|Bochdalek ganglion
10876|Bochdalek gap
10876|foramen of Bochdalek hernia
10876|Bochdalek muscle
10876|Bochdalek valve
10876|flower basket of Bochdalek
10877|Bock ganglion
10878|Bockhart impetigo
10880|Bodansky unit
10882|Bodian copper-protargol stain
47933|kinesics
11120|Danielssen-Boeck disease
11121|Boeck disease
11121|Boeck sarcoid
11121|Besnier-Boeck-Schaumann disease
11121|Besnier-Boeck-Schaumann syndrome
11122|Boerhaave syndrome
11125|Bogros space
11124|Bogros serous membrane
11126|Bohn nodules
11126|under nodule
11127|Bohr effect
11127|Bohr equation
11128|Bohr atom
11128|Bohr magneton
11128|Bohr theory
11147|Boll cells
11147|under cell
11148|Bollinger granules
11148|under granule
11149|Mann-Bollman fistula
11151|Boltzmann constant
93147|Bombay phenomenon
22338|solitary bone cyst
28497|fat embolism
79508|bone-salt
11366|Bonhoeffer sign
11368|Bonnet syndrome
11367|Bonnet capsule
11369|Bonnier syndrome
11370|Bonwill triangle
11373|booster dose
77682|immune response
11418|inner border of iris
11418|outer border of iris
67430|borderline personality disorder
11485|Bordetella
11485|Bordet-Gengou potato blood agar
11485|Bordet-Gengou bacillus
11485|Bordet-Gengou phenomenon
11485|Bordet and Gengou reaction
76075|complement fixation
11495|Born method of wax plate reconstruction
11499|Borrel blue stain
11521|Borst-Jadassohn type intraepidermal epithelioma
11525|Botallo duct
11525|Botallo foramen
11525|Botallo ligament
11556|Bouchard disease
11558|Bouchut tube
11575|Bouin fixative
11582|Bourgery ligament
11583|Bourneville disease
11583|Bourneville-Pringle disease
11584|Sherman-Bourquin unit of vitamin B2
11594|Damalinia
48628|genu varum
11601|Bowditch law
11601|Bowditch effect
11602|small-bowel series
11605|Bowen disease
11605|Bowen precancerous dermatosis
11605|bowenoid papulosis
11605|bowenoid cells
11605|under cell
11606|Bowie stain
11609|Bowman-Birk inhibitor
11608|Bowman capsule
11608|Bowman discs
11608|under disc
11608|Bowman gland
11608|Bowman membrane
11608|Bowman muscle
11608|Bowman probe
11608|Bowman space
37081|olfactory glands
11621|Smith-Boyce operation
11622|Boyden meal
11622|Boyden sphincter
11623|Boyer bursa
11623|Boyer cyst
11624|Boyle law
11625|Bozeman operation
11625|Bozeman position
11625|Bozeman-Fritsch catheter
11626|Bozzolo sign
11634|Braasch bulb
11634|Braasch catheter
11658|Bracht maneuver
11659|Bracht-Wächter lesion
11691|brachypellic pelvis
11708|component of force
11710|Bradbury-Eggleston syndrome
11711|Bradford frame
11759|Brailsford-Morquio disease
11760|Brain reflex
86227|galactose
77683|auditory brainstem response
11769|ramus
11769|artery
11769|nerve
11769|vein
12253|Branham sign
12256|defurfuration
12257|Brasdor method
12258|Braun anastomosis
12259|Braune muscle
12259|Braune valve
12261|Braxton Hicks contraction
12262|Wever-Bray phenomenon
12263|Brazelton Neonatal Behavioral Assessment Scale
12263|under scale
12367|Brödel bloodless line
12518|Brønsted acid
12518|Brønsted base
12518|Brønsted theory
12549|Brücke muscle
12549|Brücke tunic
12549|Brücke-Bartley phenomenon
12300|Breda disease
12308|Brown-Brenn stain
12309|Brenner tumor
12311|Breschet bones
12311|under bone
12311|Breschet canals
12311|under canal
12311|Breschet hiatus
12311|Breschet sinus
12311|Breschet vein
12312|Brescia-Cimino fistula
12313|Breslow thickness
12315|Hering-Breuer reflex
12320|Brewer infarcts
12320|under infarct
12321|Bricker operation
12344|Bright disease
12345|Brill disease
12345|Brill-Zinsser disease
12346|cresyl blue
12354|Brinell hardness number
12355|Briquet ataxia
12355|Briquet disease
12355|Briquet syndrome
8185|hysteria
87753|somatoform disorder
87753|hysteria
12357|Brissaud disease
12357|Brissaud infantilism
12357|Brissaud reflex
12357|Brissaud-Marie syndrome
25324|Tourette syndrome
12359|Pharmacopeia
12363|Broadbent law
12363|Broadbent sign
12364|Broca angles
12364|under angle
12364|Broca aphasia
12364|Broca basilar angle
12364|Broca facial angle
12364|Broca area
12364|Broca parolfactory area
12364|Broca diagonal band
12364|Broca center
12364|Broca field
12364|Broca fissure
12364|Broca formula
12364|Broca visual plane
12364|Broca pouch
33533|inferior frontal gyrus
12365|Brock syndrome
12365|Brock operation
12366|Brockenbrough sign
12368|Brodie abscess
12368|Brodie bursa
12368|Brodie disease
12368|Brodie knee
12370|Brodie fluid
12369|Brodie ligament
12372|Brodmann areas
12372|under area
6159|cerebral cortex
12373|Broesike fossa
12389|brom-
12398|broncho-
12400|broncho-
12656|laryngotracheal diverticulum
25327|hemochromatosis
12521|Brooke tumor
12522|Brooke ileostomy
12523|Broviac catheter
12524|eyebrow
71931|cephalic presentation
12525|Brown sign
12528|Brown-Brenn stain
12527|Brown-Adson forceps
12526|Brown syndrome
12529|brownian motion
12529|brownian movement
12529|brownian-Zsigmondy movement
12533|Brown-Séquard paralysis
12533|Brown-Séquard syndrome
12530|Denis Browne pouch
12530|Denis Browne splint
12532|Browning vein
12534|Bruce protocol
12542|brucellin
12546|Bruch glands
12546|under gland
12546|Bruch membrane
12548|Bruck disease
12550|Brudzinski sign
12559|click
12579|Brunn membrane
12579|Brunn nest
12578|Brunn reaction
12580|Brunner glands
12580|under gland
12581|Bruns ataxia
12581|Bruns nystagmus
12582|Brunschwig operation
175|brush burn
12590|Brushfield spots
12590|under spot
12590|Brushfield-Wyatt disease
12592|Bruton agammaglobulinemia
12592|Bruton tyrosine kinase
12595|Bryant traction
12599|auditory brainstem response
12627|buccinator (muscle)
12633|buccopulpal
65802|superior pharyngeal constrictor (muscle)
12646|Buchwald atrophy
12647|Buck extension
12647|Buck fascia
12647|Buck traction
12652|grid
12652|Bucky diaphragm
12651|Bucky diaphragm
12654|Klüver-Bucy syndrome
12681|Budd syndrome
12681|Budd-Chiari syndrome
12682|Budde process
55449|Budde process
12684|Budge center
12685|Budin obstetric joint
12686|Winiwarter-Buerger disease
12686|Buerger disease
12688|bufanolide
12691|bufanolide
12692|bufanolide
12696|bufa-
32840|corticonuclear fibers
12732|bulbospongiosus (muscle)
12736|bulbosacral system
12764|Bumke pupil
12824|Bunnell suture
12824|Paul-Bunnell test
12831|Bunsen burner
12831|Bunsen solubility coefficient
12831|Bunsen-Roscoe law
26671|bur
12843|Liebermann-Burchard reaction
12843|Liebermann-Burchard test
12844|Burdach column
12844|Burdach fasciculus
12844|Burdach nucleus
12844|Burdach tract
12845|body burden
93622|Einthoven triangle
12851|Lineweaver-Burk equation
12851|Lineweaver-Burk plot
12856|Burkitt lymphoma
12857|Burn and Rand theory
12875|Burnett syndrome
12878|Burns ligament
12878|Burns falciform process
12878|Burns space
12879|Burow solution
12879|Bürow triangle
12879|Burow vein
13010|subaponeurotic prepatellar bursa
13067|Burton line
13069|Busacca nodules
13069|under nodule
13070|Buschke disease
13070|Buschke-Ollendorf syndrome
13072|Busquet disease
13098|buttonhole stenosis
13125|Buzzard maneuver
13126|Schweninger-Buzzi anetoderma
13129|Byars flap
13130|Byler disease
4843|β-hemolytic streptococci
4843|under streptococcus
15363|C-banding stain
21758|cesarean section
13155|cancer antigen 125 test
13163|Cabot ring bodies
13163|under body
13163|Cabot-Locke murmur
13165|caco-
13168|De Sanctis-Cacchione syndrome
13191|dysosmia
61364|locus caeruleus
13214|Caffey disease
13214|Caffey syndrome
13214|Caffey-Kempe syndrome
13214|Caffey-Silverman syndrome
87772|battered child syndrome
81718|decompression sickness
13217|Cajal cell
13217|horizontal cell of Cajal
13217|Cajal astrocyte stain
13217|interstitial nucleus of Cajal
13237|talipes calcaneovalgus
13238|talipes calcaneovarus
13275|metastatic calcification
13277|metastatic calcification
13326|leucovorin calcium
81844|aortic dissection
13405|Caldani ligament
13409|Caldwell projection
13409|Caldwell view
13408|Caldwell-Moloy classification
13407|Caldwell-Luc operation
13423|hepatitis E virus
13423|Norwalk agent
13441|Calkins sign
13442|Call-Exner bodies
13442|under body
13444|Callahan method
13445|Callander amputation
13446|islands of Calleja
13446|under island
13448|Callison fluid
13466|bacille Calmette-Guérin
13466|bacillus Calmette-Guérin vaccine
13466|Calmette test
13466|Calmette-Guérin bacillus
13466|Calmette-Guérin vaccine
13472|Calori bursa
13492|Calot triangle
13503|Calvé-Perthes disease
13503|Legg-Calvé-Perthes disease
31644|CAMP test
13537|Williams-Campbell syndrome
13539|Campbell sound
13538|Campbell ligament
13540|Camper chiasm
13540|fatty layer of subcutaneous tissue of abdomen
13540|Camper ligament
13540|Camper line
13540|Camper plane
13558|camptomelic syndrome
13575|Cronkhite-Canada syndrome
13681|processus vaginalis of peritoneum
13817|semicircular canals (of bony labyrinth)
13817|under canal
13814|semicircular canals (of bony labyrinth)
13814|under canal
13815|semicircular canals (of bony labyrinth)
13815|under canal
13827|Canavan disease
13827|Canavan sclerosis
13827|Canavan-van Bogaert-Bertrand disease
86228|sucrose
13887|aphtha
13894|Cannizzaro reaction
13895|Cannon ring
13895|Cannon theory
13895|Cannon-Bard theory
13895|Bernard-Cannon homeostasis
81846|doll's eye sign
13922|Cantor tube
13965|Capgras phenomenon
13965|Capgras syndrome
98496|blood capillary
98496|lymph capillary
13998|Caplan nodules
13998|under nodule
13998|Caplan syndrome
14008|Capps reflex
14026|virion
14111|Capuron points
14111|under point
14123|humeral head
14124|humeral head
14131|lateral head
14132|lateral head
14134|long head
14135|long head
14136|long head
14140|medial head
14141|medial head
14142|medial head
14146|oblique head
14147|oblique head
14154|medial head
14166|transverse head
14167|transverse head
14170|ulnar head
14171|ulnar head
14172|ulnar head
14175|cusp of Carabelli
14175|Carabelli tubercle
14207|carbonium
14213|carb-
14215|carbonium
14218|saccharide
35658|Ziehl stain
14255|carboxamide
90300|C terminus
14275|serine carboxypeptidase
14291|carcinoid tumor
14291|carcinoid syndrome
14417|Carden amputation
14419|cardio-
6382|cardiac dysrhythmia
40833|dextrocardia
92214|cardiac muscle
72890|valve2
97163|anterior cardiac veins
97163|great cardiac vein
97163|middle cardiac vein
97163|smallest cardiac veins
14429|ectopia cordis
14439|HACEK group
14595|Carlen tube
14597|Carman sign
14605|Carmody-Batson operation
14610|Carnett sign
14611|Carney complex
14624|Carnoy fixative
14628|Caroli disease
7015|common carotid artery
7015|external carotid artery
7015|internal carotid artery
7016|dorsal carpal branch of radial artery
7016|dorsal carpal branch of ulnar artery
7016|palmar carpal branch of radial artery
7016|palmar carpal branch of ulnar artery
14649|Carpenter syndrome
14650|Carpentier-Edwards valve
14658|Carr-Price reaction
14662|Carrel treatment
14662|Carrel-Lindbergh pump
14662|Dakin-Carrel treatment
14674|Carrión disease
14676|Gougerot-Carteaud syndrome
14724|thyroid cartilage
14724|cricoid cartilage
14724|arytenoid cartilage
14724|cuneiform cartilage
14724|triticeal cartilage
14724|corniculate cartilage
14724|sesamoid cartilage of cricopharyngeal ligament
14724|epiglottic cartilage
14738|lateral process of septal nasal cartilage
14738|major alar cartilage of nose
14738|septal nasal cartilage
14738|vomeronasal cartilage
14738|minor alar cartilage of nose
14738|accessory nasal cartilages
92215|cartilage
14785|For histologic descriptioncartilage
14824|Carus circle
14824|Carus curve
14826|Rivero-Carvallo
14830|karyo-
14833|Casal necklace
14853|Casoni antigen
14853|Casoni intradermal test
14853|Casoni skin test
14858|Casselberry position
14859|Casser fontanelle
14859|Casser perforated muscle
14896|Castellani bronchitis
14896|Castellani paint
14903|Castle intrinsic factor
14904|Castleman disease
14909|castration complex
14909|castrate
16080|active center
15050|catarrhal inflammation
30892|catatonia
15062|Waardenburg syndrome
87189|catgut
15153|anion exchange
77537|cation exchange
77537|cation exchanger
61370|reticular nuclei of pons
15204|vena cava
15204|inferior
15204|vena cava
15204|superior
15207|cavity
15207|cavitas
15207|cavernous space
11829|branches of internal carotid artery to trigeminal ganglion
11829|tentorial basal branch of cavernous part of internal carotid artery
11829|marginal tentorial branch of internal carotid artery
82991|cavernous voice
15258|cave
15258|cavitas
15258|cavernous space
15382|intercellular adhesion molecule-1
15388|Blood Groups Appendix
15398|ceco-
7020|anterior cecal artery
7020|posterior cecal artery
15402|Cecil urethroplasty
15425|Ceelen-Gellerstedt syndrome
15430|Celestin tube
69803|celiac (nerve) plexus
69803|celiac (lymphatic) plexus
24133|morphogenesis
24133|induction
24133|evocator
16014|oxidized cellulose
16027|Celsius scale
16104|axis
16119|Celsius scale
16121|quantile
16125|morgan
61374|amygdaloid body
61373|anterior horn
60075|neurofibromatosis
16185|cephalo-
16206|conjoined twins
16206|under twin
16207|conjoined twins
16207|under twin
16207|diprosopus
16225|conjoined twins
16225|under twin
16228|superior pharyngeal constrictor (muscle)
16239|conjoined twins
16239|under twin
16265|kerat-
16268|kerato-
65812|middle constrictor (muscle) of pharynx
7027|anterior inferior cerebellar artery
7027|posterior inferior cerebellar artery
7027|superior cerebellar artery
97172|inferior veins of cerebellar hemisphere
97172|superior veins of cerebellar hemisphere
97172|petrosal vein
97172|precentral cerebellar vein
97172|inferior vein of vermis
97172|superior vein of vermis
76403|cerebellopontine angle
16295|cerebro-
7028|anterior cerebral artery
7028|middle cerebral artery
7028|posterior cerebral artery
36935|Sotos syndrome
97175|anterior cerebral veins
97175|deep middle cerebral vein
97175|great cerebral vein
97175|superficial middle cerebral vein
98115|lateral ventricle
98115|fourth ventricle
98115|third ventricle
98115|cavity of septum pellucidum
16298|cerebro-
16310|cerebropathia
16322|Cerenkov radiation
26813|cervical diverticulum
58566|posttraumatic neck syndrome
58580|posttraumatic neck syndrome
65817|esophagus
97176|deep cervical vein
62794|cesarean section
62794|cesarean hysterectomy
16384|Cestan-Chenais syndrome
16403|critical flicker fusion frequency
16410|centimeter-gram-second system
16410|centimeter-gram-second unit
16412|Chaddock reflex
16412|Chaddock sign
16413|Chadwick sign
16416|Chagas disease
16416|Chagas-Cruz disease
16418|Wolff-Chaikoff block
16418|Wolff-Chaikoff effect
16476|Chamberlain procedure
16475|Chamberlain line
16477|Chamberlen forceps
16485|Champy miniplate
16484|Champy fixative
16486|Dorfman-Chanarin syndrome
16487|Chance fracture
16501|Chandler syndrome
16511|Monod-Wyman-Changeux model
16518|Chantemesse reaction
16527|hand eczema
74818|photoelectric effect
16558|Charcot arteries
16558|Charcot disease
16558|Charcot intermittent fever
16558|Charcot gait
16558|Charcot joint
16558|Charcot syndrome
16558|Charcot triad
16558|Charcot vertigo
16558|Charcot-Leyden crystals
16558|under crystal
16558|Charcot-Neumann crystals
16558|under crystal
16558|Charcot-Robin crystals
16558|under crystal
16558|Charcot-Böttcher crystalloids
16558|under crystalloid
16558|Charcot-Marie-Tooth disease
16558|Charcot-Weiss-Baker syndrome
16558|Erb-Charcot disease
16559|Chargaff rule
16560|charge transfer complex
16563|Charles law
16565|Schultz-Charlton phenomenon
16565|Schultz-Charlton reaction
16566|Charnley hip arthroplasty
16567|Charrière scale
16568|Snellen test types
16576|Charters method
16578|Chassaignac space
16578|Chassaignac tubercle
16579|Gorlin-Chaudhry-Moss syndrome
16580|Chauffard syndrome
16580|Still-Chauffard syndrome
16582|Chaussier line
16582|Chaussier sign
16583|Chayes method
16591|Chédiak-Higashi disease
16591|Chédiak-Steinbrinck-Higashi anomaly
16591|Chédiak-Steinbrinck-Higashi syndrome
16586|Cheadle disease
16587|Cheatle slit
16593|cheilo-
16619|cheiro-
16637|chemo-
81519|chemical shift artifact
82788|solution1
16694|chemoprevention
16734|Cestan-Chenais syndrome
16735|Cheney syndrome
16753|Cheyne-Stokes psychosis
16753|Cheyne-Stokes respiration
16756|Arnold-Chiari deformity
16756|Arnold-Chiari malformation
16756|Arnold-Chiari syndrome
16756|Chiari disease
16756|Chiari net
16756|Chiari syndrome
16756|Chiari II syndrome
16756|Chiari-Budd syndrome
16756|Budd-Chiari syndrome
16757|Chiari-Frommel syndrome
16769|Chievitz layer
16769|Chievitz organ
16772|chilo-
16773|Chilaiditi syndrome
336|domestic violence
16827|glucosamine
16875|porphyrins
16882|chlor-
16884|chlorambucil
16937|chole-
17018|choledocho-
92749|Vibrio cholerae
17129|cholinergic receptors
17129|under receptor
17131|chole-
17147|chondro-
27091|chondrodystrophy
17177|chondroglossus muscle
65822|middle constrictor (muscle) of pharynx
17205|middle constrictor (muscle) of pharynx
17222|Chopart amputation
17222|Chopart joint
79561|chorionic villus biopsy
97177|inferior choroid vein
97177|superior choroid vein
17351|Chotzen syndrome
17353|Christensen-Krabbe disease
17354|Christian disease
17354|Christian syndrome
17354|Hand-Schüller-Christian disease
17354|Weber-Christian disease
17355|Christison formula
17356|Christmas disease
17356|Christmas factor
17364|chrom-
10922|nucleus2
17376|chrom-
17436|chrom-
87828|Bloom syndrome
87828|xeroderma pigmentosum
9370|banding
56092|mosaic2
48992|lymphocytic leukemia
62986|Kearns-Sayre syndrome
62986|oculopharyngeal dystrophy
17555|Churg-Strauss syndrome
17557|Chvostek sign
17604|Ciaccio stain
17603|Ciaccio glands
17603|under gland
37094|accessory lacrimal glands
17627|cilio-
14695|tarsus2
65824|retina
17649|Brescia-Cimino fistula
17652|cine-
78368|circadian
77927|circinate retinopathy
48309|circular layer of muscular coat
7033|lateral circumflex femoral artery
7033|medial circumflex femoral artery
7035|anterior circumflex humeral artery
7035|posterior circumflex humeral artery
7036|deep circumflex iliac artery
7036|superficial circumflex iliac artery
97179|anterior circumflex humeral vein
97179|circumflex scapular vein
97179|deep circumflex iliac vein
97179|lateral circumflex femoral veins
97179|medial circumflex femoral veins
97179|posterior circumflex humeral vein
97179|superficial circumflex iliac vein
19772|cis-3
67802|coupling phase
17854|entgegen
17854|zusammen
17865|cisterna
17889|cerebellomedullary cistern
17903|cistern of great cerebral vein
17946|Civatte bodies
17946|under body
17946|poikiloderma of Civatte
17947|Civinini canal
17947|Civinini ligament
17947|Civinini process
17954|Scopulariopsis
17955|Clado anastomosis
17955|Clado band
17955|Clado ligament
17955|Clado point
17966|Clagett procedure for empyema
17968|Claisen condensation
17996|Clapton line
17997|Clara cell
18001|Clark weight rule
18000|Clark level
18003|Clark electrode
18002|Sandison-Clark chamber
18004|Clarke column
18004|Clarke nucleus
18005|Clarke-Hadfield syndrome
6334|clasp2
9458|clasp
18053|Clauberg test
18053|Clauberg unit
95676|Clauberg test
18054|Claude syndrome
18060|Claudius cells
18060|under cell
18060|Claudius fossa
18061|Dyggve-Melchior-Clausen syndrome
18071|ergot
39359|pectoralis major (muscle)
65826|pectoralis major (muscle)
34504|clawfoot
39194|clawhand
18081|Claybrook sign
18172|Launois-Cléret syndrome
83760|spina bifida
18161|cleido-
18169|Cleland nomenclature
18169|Cleland reagent
18173|Clevenger fissure
18180|clido-
18195|CLIA
91226|immunologic tolerance
18229|cloning
18249|Cloquet space
18248|Cloquet canal
18248|Cloquet hernia
18248|Cloquet septum
18248|proximal deep inguinal lymph node
72092|gestalt
18301|Cloudman melanoma
82481|cloverleaf skull syndrome
34505|talipes equinovarus
39196|clubhand
24794|clubbing
33414|clubbing
18304|hippocratic nails
18304|under nail
18468|Clutton joints
18468|under joint
18489|medical transcriptionist
18508|con-
18541|tunic
18571|Coats disease
18580|Cobb syndrome
4131|Cobb method
76088|Römer test
18612|Isospora
18612|Cryptosporidium
18626|coccygeus muscle
18632|carmine
6164|base of modiolus of cochlea
18652|Cochrane collaboration
18654|Cockayne disease
18654|Cockayne syndrome
18654|Weber-Cockayne syndrome
18675|Codman triangle
18675|Codman tumor
2276|codominant
93150|codominant
18761|Coffey suspension
18762|Coffin-Lowry syndrome
18762|Coffin-Siris syndrome
18763|Cogan syndrome
18763|Cogan-Reese syndrome
91333|psychotherapy
18769|Cohnheim area
18769|Cohnheim field
18783|Coiter muscle
18791|con-
1722|autoagglutination
4726|cold agglutinin
4727|cold agglutinin
18805|Goldie-Coldman hypothesis
18806|Benedict-Hopkins-Cole reagent
18807|Graham-Cole test
7039|left colic artery
7039|middle colic artery
7039|right colic artery
51731|left colic lymph nodes
51731|middle colic lymph nodes
51731|right colic lymph nodes
97185|right colic vein
97185|middle colic vein
97185|left colic vein
18841|artery
18884|collagen disease
7040|articular vascular network
95566|archetype2
18903|Colles fascia
18903|Colles fracture
18903|Colles ligament
18903|Colles space
18919|Collier tract
18919|Collier sign
18919|Collier tucked lid sign
81858|setting sun sign
81858|Epstein sign
18925|Noble-Collip procedure
18925|Anderson-Collip test
18928|Collis gastroplasty
18928|Collis-Nissen fundoplication
18928|Collis-Belsey fundoplication
18928|Collis-Belsey procedure
90449|Lange test
18972|anatomical neck of humerus
18972|surgical neck of humerus
18994|optic pit
82544|alimentary tract smear
10711|protanopia
10711|deuteranopia
10711|tritanopia
19090|colpo-
19171|dorsolateral fasciculus
19191|con-
60263|battle fatigue
60263|posttraumatic stress disorder
19214|Comby sign
19224|comitant strabismus
65267|commensal2
19234|substantia intermedia centralis
19237|commissure of inferior colliculus
19238|commissure of superior colliculus
19242|substantia intermedia centralis
19243|gray commissure
19241|gray commissure
97187|cardinal veins
7051|anterior communicating artery
7051|posterior communicating artery
44644|competitive inhibition
76090|complement fixation
85266|replicative form
10756|atrioventricular block
18131|laryngotracheoesophageal cleft
19501|complement
19511|non compos mentis
77965|Berlin edema
19563|Compton effect
19563|Compton scattering
19582|Concato disease
21225|conchal crest of body of maxilla
21225|conchal crest of palatine bone
58042|suppressor-sensitive mutant
58042|temperature-sensitive mutant
76718|conditioning
77685|conditioning
85085|classical conditioning
85085|higher order conditioning
25984|antisocial personality disorder
27512|achromatopsia
19787|confocal microscope
43108|infantile hypothyroidism
51692|hereditary lymphedema
19819|Bennhold Congo red stain
19841|conjugate
19921|Hucker-Conn stain
19923|Hucker-Conn stain
19922|Conn syndrome
9459|major connector
9459|minor connector
19943|Connell suture
19955|Conradi disease
19955|Conradi-Hünermann disease
19954|Conradi line
77147|immunoglobulin
20010|constitutive enzyme
20031|construct validity
96619|construct2
20064|contig map
36625|operator gene
36625|regulator gene
76093|hysteria
20194|component of complement
11207|inferior nasal concha
11207|middle nasal concha
11207|superior nasal concha
11207|supreme nasal concha
20243|Cooke speculum
20245|Coolidge tube
20248|Carey Coombs murmur
20248|Coombs murmur
20247|Gell and Coombs reactions
20247|under reaction
20247|Coombs serum
20247|Coombs test
20247|direct Coombs test
20247|indirect Coombs test
20249|Cooper fascia
20249|Cooper hernia
20249|Cooper herniotome
20249|Cooper ligaments
20249|under ligament
20249|suspensory ligaments of Cooper
20249|under ligament
20269|Cope clamp
20286|Coppet law
20309|porphyrinogens
20397|chord-
20428|core-
20437|Pauling-Corey helix
20439|Cori cycle
20439|Cori ester
20438|Cori disease
86229|d-glucose
20461|Corner-Allen test
20461|Corner-Allen unit
20462|Corner tampon
20463|stratum corneum epidermidis
20463|stratum corneum unguis
20495|anterior horn2
20495|lateral horn
20479|inferior horn of falciform margin of saphenous opening
20479|superior horn of falciform margin of saphenous opening
20481|greater horn of hyoid bone
20481|lesser horn of hyoid
20500|inferior horn of thyroid cartilage
20500|superior horn of thyroid cartilage
20504|core-
7054|right coronary artery
7054|left coronary artery
20616|inferior colliculus
20616|superior colliculus
20732|Corrigan disease
20732|Corrigan pulse
20732|Corrigan sign
20795|Corti arch
20795|Corti canal
20795|Corti cells
20795|under cell
20795|Corti ganglion
20795|Corti membrane
20795|Corti organ
20795|Corti pillars
20795|under pillar
20795|Corti rods
20795|under rod
20795|Corti auditory teeth
20795|under tooth
20795|Corti tunnel
20795|pillar cells of Corti
20795|under cell
61396|amygdaloid body
43846|ectopic pregnancy
65832|middle cerebral artery
65832|posterior cerebral artery
65833|middle cerebral artery
20804|corticobulbar fibers
20804|under fiber
20804|corticonuclear fibers
20804|under fiber
92928|corticonuclear fibers
92928|under fiber
20809|corpus amygdaloideum
20828|Corvisart facies
20873|Costen syndrome
46322|sternocostal joints
20900|Cotard syndrome
20905|Cotte operation
20906|Cotton effect
20914|Cotunnius aqueduct
20914|Cotunnius canal
20914|Cotunnius liquid
20914|Cotunnius space
20914|aqueductus cotunnii
20914|liquor cotunnii
20916|maternal cotyledon
20916|fetal cotyledon
20929|coulomb
20934|Councilman body
20936|psychotherapy
93240|countertransference
81560|countershock
53327|countercurrent exchanger
53327|countercurrent multiplier
20982|coupling phase
23150|familial goiter
20987|Courvoisier law
20987|Courvoisier sign
20987|Courvoisier gallbladder
35994|Courvoisier law
20989|Couvelaire uterus
20999|Cowdry type A inclusion bodies
20999|under body
20999|Cowdry type B inclusion bodies
20999|under body
21000|caul
21001|Cowper cyst
21001|Cowper gland
21001|Cowper ligament
21015|Q fever
98795|Coxsackievirus
21032|community mental health center
21040|computed radiography
21043|Crabtree effect
21044|crack cocaine
18588|street drug
21048|Crafoord clamp
21050|Cramer wire splint
21066|Crampton line
21066|Crampton muscle
21065|Crampton test
21067|Crandall syndrome
21068|cranio-
21084|conjoined twins
21084|under twin
21141|Stiles-Crawford effect
21168|Credé methods
21168|under method
21171|cremasteric fascia
21171|cremaster muscle
21208|CREST syndrome
21310|infantile hypothyroidism
21314|Creutzfeldt-Jakob disease
21328|Watson-Crick helix
21330|lateral cricoarytenoid (muscle)
21330|posterior cricoarytenoid (muscle)
21335|inferior constrictor (muscle) of pharynx
65838|inferior constrictor (muscle) of pharynx
21337|cricothyroid muscle
21341|Crigler-Najjar disease
21341|Crigler-Najjar syndrome
21342|Crile clamp
73655|forensic psychology
89825|crocodile tears syndrome
21475|Crocq disease
21477|Crohn disease
21478|Cronkhite-Canada syndrome
21479|Crooke granules
21479|under granule
21479|Crooke hyaline change
21479|Crooke hyaline degeneration
21480|Crookes glass
21480|Crookes-Hittorf tube
21482|Crosby capsule
53141|cross
21492|transvestism
21502|synchronic
21506|Gianotti-Crosti syndrome
98797|parainfluenza viruses
21521|Crouzon disease
21521|Crouzon syndrome
21522|Crow-Fukase syndrome
21524|Crowe-Davis mouth gag
44847|inspiratory stridor
48748|Streeter developmental horizon(s)
49464|inferior extensor retinaculum
49464|superior extensor retinaculum
49467|anterior cruciate ligament
49467|posterior cruciate ligament
21619|Cruveilhier fascia
21619|Cruveilhier fossa
21619|fossa navicularis Cruveilhier
21619|Cruveilhier joint
21619|Cruveilhier ligaments
21619|under ligament
21619|Cruveilhier plexus
21619|Cruveilhier-Baumgarten disease
21619|Cruveilhier-Baumgarten murmur
21619|Cruveilhier-Baumgarten sign
21619|Cruveilhier-Baumgarten syndrome
21623|Chagas-Cruz disease
21623|Cruz trypanosomiasis
21624|cryo-
21684|crypto-
21699|conjoined twins
21699|under twin
96401|hog cholera vaccines
79864|tomography
95683|Hounsfield unit
49471|dorsal cuboideonavicular ligament
49471|plantar cuboideonavicular ligaments
21824|Cullen sign
21826|Culp pyeloplasty
21863|Cummer classification
21863|Cummer guideline
21870|intermediate cuneiform (bone)
21870|lateral cuneiform (bone)
21870|medial cuneiform (bone)
11214|triquetrum
11214|intermediate cuneiform (bone)
11214|lateral cuneiform (bone)
11214|medial cuneiform (bone)
61404|reticular nuclei of mesencephalon
49472|dorsal cuneocuboid ligament
49472|cuneocuboid interosseous ligament
49472|plantar cuneocuboid ligament
21925|dental curing
21926|curette
21934|curium
21938|curie
21959|Curschmann spirals
21959|under spiral
21962|Fitz-Hugh and Curtis syndrome
21968|angulation
22038|Cushing basophilism
22038|Cushing disease
22038|Cushing syndrome
22038|Cushing syndrome medicamentosus
22038|Cushing effect
22038|Cushing phenomenon
22038|Cushing response
22038|Cushing pituitary basophilism
22037|Cushing suture
48697|zoonotic cutaneous leishmaniasis
48697|anthroponotic cutaneous leishmaniasis
51941|mycosis fungoides
51941|Sézary syndrome
90463|tuberculin test
22120|Cuvier ducts
22120|under duct
22120|Cuvier veins
22120|under vein
97198|cardinal veins
22130|AUC
22131|cyano-
22176|cyclo-
22248|cyclocryotherapy
22248|cyclodiathermy
22248|cyclophotocoagulation
31264|cyclopia
67435|affective personality
67435|cyclothymic disorder
67435|cyclothymia
22292|cylindric lens
22313|Cyon nerve
22482|cysto-
22512|cysto-
22516|cysticercus
22529|cyst
22529|pouch
22529|sac
22611|cyto-
22618|cytidylic acid
22656|superoxide dismutase
22656|ceruloplasmin
22669|interferon
22669|interleukin
22669|lymphokine
22669|chemokines
22694|microsome
10938|inclusion bodies
22727|glycosphingolipid
22756|Czapek solution agar
22756|Czapek-Dox medium
22758|Czerny suture
22758|Czerny-Lembert suture
1897|Ǻkerlund deformity
4237|angstrom
4237|Ǻngström law
4237|angstrom unit
4237|Ǻngström scale
22760|physiologic dead space
22865|d'Arcet metal
22871|d'Arsonval current
22871|d'Arsonval galvanometer
24094|d'Espine sign
24303|d'Herelle phenomenon
24303|Twort-d'Herelle phenomenon
26373|d'Ocagne nomogram
5863|fructose
22814|Da Fano stain
90466|immunologic pregnancy test
22770|Daae disease
22772|dacryo-
22798|dactylo-
22804|digit
22811|Galton system of classification of fingerprints
22811|under fingerprint
22817|Aschner-Dagnini reflex
22823|Dakin fluid
22823|Dakin solution
22823|Dakin-Carrel treatment
22824|Dale reaction
22824|Dale-Feldberg law
22824|Schultz-Dale reaction
76097|Schultz-Dale reaction
22825|Dalen-Fuchs nodules
22825|under nodule
22826|Shine-Dalgarno sequence
22827|Dalrymple sign
22828|Dalton law
22828|Dalton-Henry law
22828|daltonian
22828|daltonism
22834|Dam unit
22847|Dana operation
22847|Putnam-Dana syndrome
22849|Dance sign
22855|Dandy operation
22855|Dandy-Walker syndrome
62800|third ventriculostomy
62800|trigeminal rhizotomy
22856|Dane particles
22856|under particle
22857|Danforth sign
22858|Danielssen disease
22858|Danielssen-Boeck disease
22859|Ehlers-Danlos syndrome
22862|Danysz phenomenon
22863|DAPI stain
22866|Darier disease
22866|Darier sign
22867|nucleus of Darkschewitsch
22868|Darling disease
22873|dartos fascia
22873|dartos muscle
11134|cutaneous leishmaniasis
22882|data
22887|Daubenton angle
22887|Daubenton line
22887|Daubenton plane
22888|daughter isotope
22888|radionuclide generator
45993|radionuclide generator
45993|cow
22891|Davidoff cells
22891|under cell
22892|Davidson syringe
22893|Daviel operation
22893|Daviel spoon
22894|Davies disease
22896|Davis graft
22896|Crowe-Davis mouth gag
22897|Davis battery model of transduction
22898|sound
22899|Dawson encephalitis
22902|Riley-Day syndrome
22901|Day test
23403|déjà vu phenomenon
26387|Döderlein bacillus
26396|Döhle bodies
26396|under body
26396|Döhle inclusions
26396|under inclusion
26466|Pette-Döring disease
27006|Dührssen incisions
27006|under incision
27067|Dürck nodes
27067|under node
23054|de Clerambault syndrome
23412|de Lange syndrome
23537|De Morgan spots
23537|under spot
23539|de Morsier syndrome
23542|Musset
23799|de Pezzer catheter
23856|de Quervain disease
23856|de Quervain tenosynovitis
23856|de Quervain thyroiditis
24032|De Sanctis-Cacchione syndrome
24220|de Wecker scissors
83073|anatomic dead space
83073|physiologic dead space
22945|Dean fluorosis index
22967|Deaver method
22966|Deaver incision
22968|DeBakey classification
22968|DeBakey forceps
22976|Debré phenomenon
22976|Debré-Sémélaigne syndrome
22976|Kocher-Debré-Sémélaigne syndrome
23003|decapitate
23044|deciduous tooth
23048|morgan
62803|decompression
23089|decubitus film
23097|decussationes tegmentales
23104|tegmental decussations
23104|under decussation
23105|tegmental decussations
23105|under decussation
39361|medial head
48319|deep layer of levator palpebrae superioris
48319|deep layer of temporal fascia
65844|external anal sphincter
65846|masseter (muscle)
65848|parotid gland
23137|Deetjen bodies
23137|under body
23139|def caries index
72148|defective bacteriophage
72778|defective bacteriophage
84273|defervescence
23273|anterograde
23273|retrograde
23350|degloving injury
23354|Degos disease
23354|Degos syndrome
23354|Kohlmeier-Degos syndrome
23357|scale
23361|Dehio test
23401|Deiters cells
23401|under cell
23401|Deiters terminal frames
23401|under frame
23401|Deiters nucleus
23401|deiterospinal tract
61407|vestibular nuclei
23406|Dejerine disease
23406|Dejerine hand phenomenon
23406|Dejerine reflex
23406|Dejerine sign
23406|Dejerine-Roussy syndrome
23406|Dejerine-Sottas disease
23406|Landouzy-Dejerine dystrophy
23407|Klumpke palsy
23407|Klumpke paralysis
23407|Dejerine-Klumpke palsy
23407|Dejerine-Klumpke syndrome
23408|deca-
23417|del Castillo syndrome
23409|Delafield hematoxylin
19687|atrioventricular block
19687|intraventricular block
19687|bundle-branch block
76100|cell-mediated reaction
23416|Delbet sign
23432|delirium
23468|deltoid (muscle)
23488|Demarquay sign
52626|Demodex
23534|Demoivre formula
23564|Dennie-Morgan fold
23564|Dennie line
23566|Denonvilliers aponeurosis
23566|Denonvilliers ligament
25417|membranoproliferative glomerulonephritis
16143|isopycnic zone
16034|cement2
59340|inferior alveolar nerve
59340|superior alveolar nerves
23614|dent-
23674|dent-
23678|forensic dentistry
23704|Denucé ligament
23708|Denys-Leclef phenomenon
23708|Denys-Drash syndrome
23714|demineralization
23737|deoxyribonucleoside
23738|deoxyribonucleoside
24397|DNA markers
24397|familial screening
24397|prenatal screening
23781|deoxyribonucleotide
23813|nuclease
60268|depression
60268|dysthymia
73708|depression
23861|Dercum disease
23871|cut-
23936|derm-
24010|derm-
24035|Desault bandage
24036|Descartes law
24037|Descemet membrane
65851|duodenum
24049|Deschamps needle
24067|desmo-
24068|Desmarres dacryoliths
24068|under dacryolith
24068|Desmarres retractor
24090|deoxy-
24145|detrusor (muscle)
24149|deutero-
24168|deutero-
24177|Deutschländer disease
24182|adaptation6
24182|equilibration5
24186|Deventer pelvis
24204|Devic disease
24219|Dewar flask
24226|dextro-
24272|excycloduction
24275|d-glucose
24282|dextrocardia
24286|d-glucose
24300|antigen
24840|Di Guglielmo disease
24840|Di Guglielmo syndrome
77928|diabetic retinopathy
24361|diacetyl
85501|Broca diagonal band
24454|Diamond-Blackfan anemia
24454|Diamond-Blackfan syndrome
24454|Gardner-Diamond syndrome
24454|Shwachman-Diamond syndrome
24453|Diamond TYM medium
24470|collimator
24519|Verner-Morrison syndrome
24519|WDHA syndrome
24580|sodium diatrizoate
76104|van den Bergh test
670|acid1
24599|conjoined twins
24599|under twin
24604|conjoined twins
24604|under twin
69189|twin placenta
24636|Dick method
24636|Dick test
24636|Dick test toxin
24637|Dick method
24637|Dick test
24637|Dick test toxin
24638|Dickens shunt
24638|Warburg-Lipmann-Dickens-Horecker shunt
24666|Blood Groups Appendix.
24671|Diels hydrocarbon
24678|phosphodiesterases
24738|Dietl crisis
24739|Dieulafoy erosion
24762|monochromator
24771|digastric (muscle)
24776|DiGeorge syndrome
74937|digital subtraction angiography
97214|dorsal digital veins of foot
97214|palmar digital veins
97214|plantar digital veins
23992|parapsoriasis en plaque
24816|clubbing
24834|bifid tongue
24864|tachysterol
24963|Dimmer keratitis
24989|Diogenes cup
24989|poculum diogenis
25014|dipeptidyl peptidase
25028|phenytoin
61298|nicotinamide adenine dinucleotide
92759|Corynebacterium diphtheriae
25074|haplo-
25084|Neisseria
25084|Peptococcus
25084|Streptococcus
25097|conjoined twins
25097|under twin
25107|conjoined twins
25107|under twin
25113|conjoined twins
25113|under twin
25116|alcoholism
25123|conjoined twins
25123|under twin
90479|fluorescent antibody technique
40527|inguinal hernia
25206|disco-
25211|Dische reaction
25211|Dische reagent
25211|Dische-Schwarz reagent
25225|disconjugate movement of eyes
25912|stuttering
25938|disco-
13260|aortic dissection
26105|Disse space
26117|dissociative identity disorder
25993|multiple personality disorder
25993|dissociation3
26134|cognitive dissonance theory
81058|spiral septum
98803|canine distemper virus
26195|frequency distribution
26226|Dittrich plugs
26226|under plug
26226|Dittrich stenosis
78374|diurnal
26293|lathyrism
26329|Dix-Hallpike maneuver
26351|(null)Tc-dimercaptosuccinic acid
23766|nucleotidyltransferases
26386|sodium dodecyl sulfate
26389|Doerfler-Stewart test
26391|Dogiel cells
26391|under cell
26390|Dogiel corpuscle
26394|dogmatic school
26397|Allen-Doisy test
26397|Allen-Doisy unit
26411|Armitage-Doll model
26420|Blood Groups Appendix.
16534|phenotype
36639|dominance of traits
44591|dominance of traits
93151|dominance of traits
26437|Don Juan
26434|Donath-Landsteiner phenomenon
26434|Donath-Landsteiner cold autoantibody
26434|Landsteiner-Donath test
26435|Donders law
26435|Donders pressure
26435|space of Donders
26438|Donnan equilibrium
26438|Gibbs-Donnan equilibrium
26439|Donné corpuscle
26440|Donohue disease
26444|Donovan bodies
26444|under body
26444|Leishman-Donovan body
26445|Doose syndrome
26446|dopa reaction
26460|Doppler echocardiography
26460|Doppler effect
26460|Doppler phenomenon
26460|Doppler shift
26460|Doppler ultrasonography
34069|Doppler ultrasonography
27709|duplex ultrasonography
27709|Doppler ultrasonography
26463|Dorello canal
26464|Dorendorf sign
26465|Dorfman-Chanarin syndrome
49487|bifurcate ligament
49488|bifurcate ligament
59345|dorsal digital nerves of superficial fibular nerve
59345|dorsal digital nerves of deep fibular nerve
59346|dorsal digital nerves of ulnar nerve
61412|medial geniculate nuclei
61424|posterior hypothalamic area
61425|septal area
23109|tegmental decussations
97218|deep dorsal vein of clitoris
97218|superficial dorsal veins of clitoris
97225|deep dorsal vein of penis
97225|superficial dorsal veins of penis
26476|Dorset culture egg medium
61431|anterior horn
61432|dorsal hypothalamic area
90483|gel diffusion precipitin tests in one dimension
90484|gel diffusion precipitin tests in two dimensions
43719|gel diffusion precipitin tests in two dimensions
43719|under test
72545|Robinson index
52398|quotidian malaria
26569|Douglas abscess
26569|Douglas cul-de-sac
26569|Douglas fold
26569|Douglas line
26569|Douglas pouch
26569|cavum douglasi
26568|Douglas mechanism
26571|Douglas bag
26570|Beverly Douglas procedure
26575|Down syndrome
26576|Downey cell
26580|Downs analysis
26581|Czapek-Dox medium
26585|Doyère eminence
26586|Doyle operation
26587|Doyne honeycomb choroidopathy
26596|diphtheria toxoid
26596|tetanus toxoid
26596|pertussis vaccine
26611|Dragendorff test
26611|Dragendorff reagent
26612|Shy-Drager syndrome
26634|Draper law
26613|Dräger respirometer
26643|Emery-Dreifuss muscular dystrophy
26660|Dressler beat
26660|Dressler syndrome
26661|Dreyer formula
26675|Drinker respirator
34507|footdrop
26697|footdrop
39415|medication-overuse headache
26739|artery of Drummond
26739|Drummond sign
5674|sex chromatin
5674|lyonization
26787|Du Bois-Reymond law
26781|Duane syndrome
26782|Dubin-Johnson syndrome
26785|Dubois abscesses
26785|under abscess
26785|Dubois disease
26784|DuBois formula
26784|Aub-DuBois table
26786|hyoscyamine
26788|Duboscq colorimeter
26789|Dubowitz score
26790|Dubreuil-Chambardel syndrome
26791|Duchenne disease
26791|Duchenne sign
26791|Duchenne-Aran disease
26791|Aran-Duchenne disease
26791|Duchenne-Erb paralysis
26791|Duchenne dystrophy
96404|rabies vaccine
26792|Duckworth phenomenon
26793|Ducrey bacillus
26793|Ducrey test
27003|Duddell membrane
27004|Blood Groups Appendix
27005|Duhring disease
27007|Duke bleeding time test
27009|Dukes disease
27009|Filatov-Dukes disease
27008|Dukes classification
27014|Dulong-Petit law
27016|Dumontpallier pessary
27017|dumping syndrome
27018|Duncan folds
27018|under fold
27018|Duncan mechanism
27018|Duncan placenta
27018|Duncan ventricle
27020|Lison-Dunn stain
34984|inferior duodenal fossa
34984|superior duodenal fossa
82547|alimentary tract smear
27039|duplex ultrasonography
27041|hemoglobin Lepore
27044|conjoined twins
27044|under twin
27045|conjoined twins
27045|under twin
27046|Dupré muscle
27047|Dupuytren amputation
27047|Dupuytren canal
27047|Dupuytren contracture
27047|Dupuytren disease of the foot
27047|Dupuytren fascia
27047|Dupuytren fracture
27047|Dupuytren hydrocele
27047|Dupuytren sign
27047|Dupuytren suture
27047|Dupuytren tourniquet
27062|Duran-Reynals permeability factor
27069|Duret lesion
27069|Duret hemorrhage
27070|Durham tube
27071|Duroziez disease
27071|Duroziez murmur
27071|Duroziez sign
27074|Dutton disease
27074|Dutton relapsing fever
27075|Duverney fissures
27075|under fissure
27075|Duverney gland
27075|Duverney muscle
56708|orbicularis oculi (muscle)
27079|dwarfism
27122|Dwyer osteotomy
27146|Dyggve-Melchior-Clausen syndrome
52399|algid malaria
27295|amelia
27295|phocomelia
27318|dystonia
60382|malignant mole syndromedysplastic nevus syndromedysplastic nevus syndrome
27466|mood disorders
27466|under disorder
27466|endogenous depression
27466|exogenous depression
25994|depression
7988|EAC rosette
27580|Eagle basal medium
27580|Eagle minimum essential medium
27581|Eagle syndrome
27582|Eales disease
27609|Earle L fibrosarcoma
27609|Earle solution
27620|Eaton agent
27619|Eaton-Lambert syndrome
27622|Ebbinghaus test
27623|Eberth bacillus
27623|Eberth lines
27623|under line
27623|Eberth perithelium
27624|von Ebner
27627|Ebstein anomaly
27627|Ebstein disease
27627|Ebstein sign
27627|Armanni-Ebstein change
27627|Armanni-Ebstein kidney
27627|Pel-Ebstein disease
27627|Pel-Ebstein fever
27654|Paget-Eccleston stain
93912|cardiac gating
27671|echino-
27695|ECHO virus
27705|ultrasonography
27730|echopathy
27734|Eck fistula
27734|reverse Eck fistula
27735|Rees-Ecker fluid
27736|Ecker fissure
27746|ECMO virus
27756|Economo von San Serff disease
27767|ECSO virus
27772|ecto-
28715|panlobular emphysema
27395|anhidrotic ectodermal dysplasia
27395|hidrotic ectodermal dysplasia
27826|conjoined twins
27826|under twin
27890|intertrigo
27911|Nägele rule
27969|Edinger-Westphal nucleus
27971|Edlefsen reagent
27973|Edman method
27973|Edman reagent
54794|phenylisothiocyanate
27976|Edridge-Green lamp
27985|Carpentier-Edwards valve
27985|Starr-Edwards valve
27984|Edwards syndrome
28097|Egger line
28098|Eggleston method
28098|Bradbury-Eggleston syndrome
28101|gland
28108|ego
28108|persona
28116|Ehlers-Danlos syndrome
28117|Ehrenritter ganglion
28118|Ehret phenomenon
28119|Ehrlichia
28119|Ehrlich anemia
28119|Ehrlich inner body
28119|Ehrlich phenomenon
28119|Ehrlich postulate
28119|Ehrlich diazo reagent
28119|Ehrlich theory
28119|Ehrlich-Türk line
91234|side-chain theory
28134|Eichhorst corpuscles
28134|under corpuscle
28134|Eichhorst neuritis
28135|Eicken method
28151|einstein
28151|einsteinium
28154|Einthoven equation
28154|Einthoven law
28154|Einthoven string galvanometer
28154|Einthoven triangle
28155|Eisenmenger complex
28155|Eisenmenger defect
28155|Eisenmenger disease
28155|Eisenmenger syndrome
28155|Eisenmenger tetralogy
28157|ejaculation
18176|sound
28167|Ejrup maneuver
28169|Ekbom syndrome
48327|anterior limiting layer of cornea
48327|posterior limiting layer of cornea
82456|Ehlers-Danlos syndrome
28212|Elaut triangle
45746|modal alteration
45746|qualitative alteration
45746|quantitative alteration
8946|triaxial reference system
28247|electroshock therapy
28251|electrocute
9793|betatron
74938|xeroradiography
74938|phosphor plate
315|electron spin resonance
28397|electronegative2
28326|electrodiagnosis2
28364|electrosurgery
28367|electroshock therapy
28376|electroscission
82492|electrotherapeutic sleep therapy
21952|electrotonus
28439|Ellik evacuator
28440|Elliot position
28441|Elliot operation
28442|Elliott law
28446|Ellis-van Creveld syndrome
28447|Zollinger-Ellison syndrome
28447|Zollinger-Ellison tumor
28448|Ellsworth-Howard test
28449|Eloesser flap
28449|Eloesser procedure
28451|Elschnig pearls
28451|under pearl
28451|Elschnig spots
28451|under spot
28451|Koerber-Salus-Elschnig syndrome
28463|en-
28478|eosin-methylene blue agar
28481|Embden ester
28481|Robison-Embden ester
28481|Embden-Meyerhof pathway
28481|Embden-Meyerhof-Parnas pathway
28537|embryo-
40103|hemoglobin Gower-1
40103|hemoglobin Gower-2
28578|property emergence
28584|Emery-Dreifuss muscular dystrophy
28685|Emmet needle
28685|Emmet operation
25447|mental illness
25996|mental illness
25996|behavior disorder
26216|mental illness
26216|behavior disorder
28805|encephalo-
28862|encephalitogen
28876|pneumoencephalography
69531|endplate
28980|endo-
28997|end bulb
29019|Endo agar
29019|Endo medium
30999|Graves ophthalmopathy
30999|Graves orbitopathy
65862|pancreas
29098|fulguration
29099|fulguration
29107|mesognathion
42005|Ménière disease
61443|dorsal hypothalamic area
29159|ophthalmia nodosa
29184|endoscope
11164|high-energy compounds
11164|under compound
29282|Engelmann basal knobs
29282|under knob
29337|otorhinolaryngology
29338|ento-
29342|amebiasis
29342|amebic dysentery
29353|entero-
29422|omphalocele
29502|zygomycosis
19790|Haworth conformational formulas of cyclic sugars
89155|biosynthesis
29598|EC
29664|conjoined twins
29664|under twin
29687|epicranius (muscle)
80930|epicritic
26201|histogram
29739|estriol
97230|inferior epigastric vein
97230|superficial epigastric vein
97230|superior epigastric veins
29744|conjoined twins
29744|under twin
29753|supraglottitis
29754|conjoined twins
29754|under twin
29844|myotome3
35317|Salter-Harris classification of epiphysial plate injuries
29883|pygomelus
29883|conjoined twins
29883|under twin
48331|epithelium
92222|epithelium
30002|dome cell
30008|appendicitis
30029|Fosdick-Hansen-Epple test
30035|Epstein disease
30035|Epstein pearls
30035|under pearl
30035|Epstein sign
30035|Epstein symptom
30034|Epstein-Barr virus
81897|setting sun sign
81897|Collier sign
87434|Epstein sign
30076|development1
30076|adaptation6
30076|accommodation2
30076|assimilation2
30118|Eranko fluorescence stain
30119|Erb disease
30119|Erb palsy
30119|Erb paralysis
30119|Erb-Charcot disease
30119|Duchenne-Erb paralysis
30126|Erdheim disease
30126|Erdheim tumor
30127|Erdmann reagent
30170|Erlenmeyer flask
30170|Erlenmeyer flask deformity
30205|tachysterol
30264|intertrigo
30292|erythro-
75866|respiratory frequency
30381|Esbach reagent
30406|Esmarch bandage
82551|alimentary tract smear
30474|Essick cell bands
30474|under band
30488|Estes operation
30517|Estlander flap
30575|ethmoid bone
15591|anterior ethmoidal cells
15591|middle ethmoidal cells
15591|posterior ethmoidal cells
21230|ethmoidal crest of maxilla
21230|ethmoidal crest of palatine bone
30585|middle nasal concha
30585|superior nasal concha
30585|supreme nasal concha
30612|glycol2
30696|Eulenburg disease
30738|blepharodiastasis
30745|eustachian catheter
30745|eustachian cushion
30745|eustachian tonsil
30745|tuba eustachiana
30745|eustachian tube
30745|eustachian tuber
30745|eustachian valve
30785|Evans syndrome
30784|Evans blue
30820|Ewart procedure
30820|Ewart sign
30822|Ewing sarcoma
30822|Ewing tumor
30821|Ewing sign
25461|exanthema
43586|stress test
30966|Call-Exner bodies
30966|under body
30966|Exner plexus
65863|pancreas
28014|double-blind study
38647|logarithmic phase
31105|muscle
77969|exudative retinitis
47766|medullary laminae of thalamus
15594|pillar cells
81411|root sheath
31113|conditioning
31116|conditioning
31118|Exton reagent
89417|extrasystole
31182|extrapyramidal motor system
31208|limb
92549|extrusion of a tooth
26701|eyewash
26701|ophthalmic solutions
26701|under solution
