9404|Z line
25205|Z line
50537|intermediate disc
50537|Z band
50537|Z disc
73057|fatty acidâ€“binding protein
99108|Ebola virus Zaire
52620|cephalic replacement
100346|cornsilk
100348|maize factor
100349|zeaxanthol
100350|zeaxanthin
88417|cerebrohepatorenal syndrome
89060|cerebrohepatorenal syndrome
23348|waxy degeneration2
26292|pharyngoesophageal diverticulum
100370|fibronectins
100373|azidothymidine
25907|dystonia musculorum deformans
26563|Ziemann stippling
85106|Ziemann dots
85106|under dot
20709|platelet
76265|Zimmermann test
90926|Zimmermann reaction
100385|butter of zinc
32808|brass founder's fever
100389|flowers of zinc
100389|zinc white
100392|zinc superoxide
100393|zinc sulfocarbolate
100397|zinc phenolsulfonate
100398|zinc peroxide
100400|zinc oxide
100404|undecylenic acid
100405|ginger
7534|central retinal artery
20515|vascular circle of optic nerve
49854|common tendinous ring of extraocular muscles
78743|common tendinous ring of extraocular muscles
90137|common tendinous ring of extraocular muscles
17737|vascular circle of optic nerve
100546|ciliary zonule
88419|Kartagener syndrome
89062|Kartagener syndrome
100419|sporozoite
100424|zone
100424|herpes zoster
100425|arcuate zone
100426|ciliary zone
100427|costal fringe
100430|outer zone of renal medulla
100433|hemorrhoidal zone
100436|inner zone of renal medulla
100437|lateral zone
100438|medial zone
100441|orbicular zone of hip joint
100441|ring ligament
100441|zonular band
100442|pectinate zone
100443|pellucid zone
100444|foramina nervosa
100444|under foramen
100445|periventricular zone
100446|pupillary zone
100447|zona striata
100449|membrana striata
100449|striated membrane
100449|zona radiata
100450|arcuate zone
100451|anal transitional zone
100452|vascular zone
100434|zones of hypothalamus
100434|under zone
69237|anular placenta
100456|zona1
16144|density gradient centrifugation
100483|zonae hypothalamicae
100535|girdle sensation
100535|strangalesthesia
100539|zonule
100540|intermediate junction
100541|ciliary zonule
100542|impermeable junction
100542|tight junction
9405|zona orbicularis (articulationis coxae)
15038|lamellar cataract
32995|fibrae zonulares
48528|stratum zonale
83199|spatia zonularia
83199|Petit canals
100544|zonula
100548|Barraquer method
100554|zoophilia
100559|viviparous
100560|viviparity
100561|animal graft
100561|zooplastic graft
100562|zooplasty
100570|palmitoleic acid
100571|Zoomastigophorea
100572|Zoomastigophorea
100573|Zoomastigina
100573|Zoomastigophorasida
9302|plasma cell balanitis
48715|acute cutaneous leishmaniasis
48715|rural cutaneous leishmaniasis
48715|wet cutaneous leishmaniasis
100579|carnivorous
100581|bestiality
100581|zooerastia
38242|zoograft
100587|zoografting
100594|animal toxin
100597|herpes zoster
100599|zosteroid
100600|zosteriform
90927|Lange test
11117|para-aortic bodies
20228|subcallosal gyrus
100609|cis-3
92430|auditory afterimage
100612|glucose-6-phosphate dehydrogenase
100613|zwitterionic detergent
12695|dipolar buffer
24121|zwittergents
100615|dipolar ions
100615|under ion
46481|articulationes zygapophysiales
46481|facet joints
46481|interarticular joints
46481|juncturae zygapophysiales
100619|articular process
100619|articular process
100620|inferior articular process
100621|superior articular process of vertebra
100624|zygomatic bone
100624|zygomatic arch
6047|arcus zygomaticus
6047|cheek bone2
6047|malar arch
6047|zygoma2
11360|os zygomaticum
11360|cheek bone1
11360|jugal bone
11360|mala2
11360|malar bone
11360|os malare
11360|yoke bone
11360|zygoma1
11484|zygomatic margin of greater wing of sphenoid bone
12241|rami zygomatici nervi facialis
35167|infratemporal fossa
52812|margo zygomaticus alaris majoris ossis sphenoidalis
52812|margo zygomaticus alae majoris
52812|zygomatic border of greater wing of sphenoid bone
59640|nervus zygomaticus
59640|orbital nerve
59640|temporomandibular nerve
72371|processus zygomaticus ossis frontalis
72372|processus zygomaticus maxillae
72372|malar process
72373|processus zygomaticus ossis temporalis
77249|regio zygomatica
7535|arteria zygomatico-orbitalis
34688|foramen zygomaticoorbitale
100628|auricularis anterior (muscle)
12242|ramus zygomaticofacialis nervi zygomatici
34686|foramen zygomaticofaciale
34686|malar foramen
87287|sutura zygomaticomaxillaris
12243|ramus zygomaticotemporalis nervi zygomatici
34690|foramen zygomaticotemporale
87288|temporozygomatic suture
57287|musculus zygomaticus major
57287|greater zygomatic muscle
57287|musculus zygomaticus
57288|musculus zygomaticus minor
57288|caput zygomaticum quadrati labii superioris
57288|lesser zygomatic muscle
100635|key ridge
100635|zygomaxillary point
70630|zygomaxillare
100637|Phycomycetes
100638|phycomycetosis
100640|zygotene
100644|zygospore
100645|zygosperm
100648|zygonema
100650|sporozoite
100651|sporoblast
100656|proenzyme
100658|zymogenous
15965|albuminous cell2
15965|chief cell of stomach
15965|peptic cell
100659|zymogenic1
100661|fructose-bisphosphate aldolase
86055|thromboplastin
64903|yaws
