7988|EAC rosette
27581|Eagle syndrome
27580|Eagle basal medium
27580|Eagle minimum essential medium
27582|Eales disease
27609|Earle L fibrosarcoma
27609|Earle solution
27619|Eaton-Lambert syndrome
27620|Eaton agent
27622|Ebbinghaus test
27623|Eberth bacillus
27623|Eberth lines
27623|under line
27623|Eberth perithelium
27624|von Ebner
27627|Ebstein anomaly
27627|Ebstein disease
27627|Ebstein sign
27627|Armanni-Ebstein change
27627|Armanni-Ebstein kidney
27627|Pel-Ebstein disease
27627|Pel-Ebstein fever
27654|Paget-Eccleston stain
93912|cardiac gating
27671|echino-
27695|ECHO virus
27705|ultrasonography
27730|echopathy
27734|Eck fistula
27734|reverse Eck fistula
27736|Ecker fissure
27735|Rees-Ecker fluid
27746|ECMO virus
27756|Economo von San Serff disease
27767|ECSO virus
27772|ecto-
28715|panlobular emphysema
27395|anhidrotic ectodermal dysplasia
27395|hidrotic ectodermal dysplasia
27826|conjoined twins
27826|under twin
27890|intertrigo
27911|Nägele rule
27969|Edinger-Westphal nucleus
27971|Edlefsen reagent
27973|Edman method
27973|Edman reagent
54794|phenylisothiocyanate
27976|Edridge-Green lamp
27985|Carpentier-Edwards valve
27985|Starr-Edwards valve
27984|Edwards syndrome
28097|Egger line
28098|Eggleston method
28098|Bradbury-Eggleston syndrome
28101|gland
28108|ego
28108|persona
28116|Ehlers-Danlos syndrome
28117|Ehrenritter ganglion
28118|Ehret phenomenon
28119|Ehrlichia
28119|Ehrlich anemia
28119|Ehrlich inner body
28119|Ehrlich phenomenon
28119|Ehrlich postulate
28119|Ehrlich diazo reagent
28119|Ehrlich theory
28119|Ehrlich-Türk line
91234|side-chain theory
28134|Eichhorst corpuscles
28134|under corpuscle
28134|Eichhorst neuritis
28135|Eicken method
28151|einstein
28151|einsteinium
28154|Einthoven equation
28154|Einthoven law
28154|Einthoven string galvanometer
28154|Einthoven triangle
28155|Eisenmenger complex
28155|Eisenmenger defect
28155|Eisenmenger disease
28155|Eisenmenger syndrome
28155|Eisenmenger tetralogy
28157|ejaculation
18176|sound
28167|Ejrup maneuver
28169|Ekbom syndrome
48327|anterior limiting layer of cornea
48327|posterior limiting layer of cornea
82456|Ehlers-Danlos syndrome
28212|Elaut triangle
45746|modal alteration
45746|qualitative alteration
45746|quantitative alteration
8946|triaxial reference system
28247|electroshock therapy
28251|electrocute
9793|betatron
74938|xeroradiography
74938|phosphor plate
315|electron spin resonance
28397|electronegative2
28326|electrodiagnosis2
28364|electrosurgery
28367|electroshock therapy
28376|electroscission
82492|electrotherapeutic sleep therapy
21952|electrotonus
28439|Ellik evacuator
28440|Elliot position
28441|Elliot operation
28442|Elliott law
28446|Ellis-van Creveld syndrome
28447|Zollinger-Ellison syndrome
28447|Zollinger-Ellison tumor
28448|Ellsworth-Howard test
28449|Eloesser flap
28449|Eloesser procedure
28451|Elschnig pearls
28451|under pearl
28451|Elschnig spots
28451|under spot
28451|Koerber-Salus-Elschnig syndrome
28463|en-
28478|eosin-methylene blue agar
28481|Embden ester
28481|Robison-Embden ester
28481|Embden-Meyerhof pathway
28481|Embden-Meyerhof-Parnas pathway
28537|embryo-
40103|hemoglobin Gower-1
40103|hemoglobin Gower-2
28578|property emergence
28584|Emery-Dreifuss muscular dystrophy
28685|Emmet needle
28685|Emmet operation
25447|mental illness
25996|mental illness
25996|behavior disorder
26216|mental illness
26216|behavior disorder
28805|encephalo-
28862|encephalitogen
28876|pneumoencephalography
69531|endplate
28980|endo-
28997|end bulb
29019|Endo agar
29019|Endo medium
30999|Graves ophthalmopathy
30999|Graves orbitopathy
65862|pancreas
29098|fulguration
29099|fulguration
29107|mesognathion
42005|Ménière disease
61443|dorsal hypothalamic area
29159|ophthalmia nodosa
29184|endoscope
11164|high-energy compounds
11164|under compound
29282|Engelmann basal knobs
29282|under knob
29337|otorhinolaryngology
29338|ento-
29342|amebiasis
29342|amebic dysentery
29353|entero-
29422|omphalocele
29502|zygomycosis
19790|Haworth conformational formulas of cyclic sugars
89155|biosynthesis
29598|EC
29664|conjoined twins
29664|under twin
29687|epicranius (muscle)
80930|epicritic
26201|histogram
29739|estriol
97230|inferior epigastric vein
97230|superficial epigastric vein
97230|superior epigastric veins
29744|conjoined twins
29744|under twin
29753|supraglottitis
29754|conjoined twins
29754|under twin
29844|myotome3
35317|Salter-Harris classification of epiphysial plate injuries
29883|pygomelus
29883|conjoined twins
29883|under twin
48331|epithelium
92222|epithelium
30002|dome cell
30008|appendicitis
30029|Fosdick-Hansen-Epple test
30035|Epstein disease
30035|Epstein pearls
30035|under pearl
30035|Epstein sign
30035|Epstein symptom
30034|Epstein-Barr virus
81897|setting sun sign
81897|Collier sign
87434|Epstein sign
30076|development1
30076|adaptation6
30076|accommodation2
30076|assimilation2
30118|Eranko fluorescence stain
30119|Erb disease
30119|Erb palsy
30119|Erb paralysis
30119|Erb-Charcot disease
30119|Duchenne-Erb paralysis
30126|Erdheim disease
30126|Erdheim tumor
30127|Erdmann reagent
30170|Erlenmeyer flask
30170|Erlenmeyer flask deformity
30205|tachysterol
30264|intertrigo
30292|erythro-
75866|respiratory frequency
30381|Esbach reagent
30406|Esmarch bandage
82551|alimentary tract smear
30474|Essick cell bands
30474|under band
30488|Estes operation
30517|Estlander flap
30575|ethmoid bone
15591|anterior ethmoidal cells
15591|middle ethmoidal cells
15591|posterior ethmoidal cells
21230|ethmoidal crest of maxilla
21230|ethmoidal crest of palatine bone
30585|middle nasal concha
30585|superior nasal concha
30585|supreme nasal concha
30612|glycol2
30696|Eulenburg disease
30738|blepharodiastasis
30745|eustachian catheter
30745|eustachian cushion
30745|eustachian tonsil
30745|tuba eustachiana
30745|eustachian tube
30745|eustachian tuber
30745|eustachian valve
30785|Evans syndrome
30784|Evans blue
30820|Ewart procedure
30820|Ewart sign
30822|Ewing sarcoma
30822|Ewing tumor
30821|Ewing sign
25461|exanthema
43586|stress test
30966|Call-Exner bodies
30966|under body
30966|Exner plexus
65863|pancreas
28014|double-blind study
38647|logarithmic phase
31105|muscle
77969|exudative retinitis
47766|medullary laminae of thalamus
15594|pillar cells
81411|root sheath
31113|conditioning
31116|conditioning
31118|Exton reagent
89417|extrasystole
31182|extrapyramidal motor system
31208|limb
92549|extrusion of a tooth
26701|eyewash
26701|ophthalmic solutions
26701|under solution
