16430|light chain
25611|Bence Jones myeloma
58290|Bence Jones myeloma
10999|Leishman-Donovan body
26451|levodopa
38748|l-gulonolactone
38746|dihydroascorbic acid
38746|l-gulono-γ-lactone
51026|noscapine
31722|factor XIII
78161|isodulcit
81185|serine dehydrase
47056|tandem kidney
82940|sorbin
82940|sorbinose
82940|sorbitose
100253|essential pentosuria
17831|portal cirrhosis
97320|inferior anastomotic vein
8316|tagged atom
92033|radioactive thyroxine
47446|lips of mouth
47446|under lip
11981|rami labiales nervi mentalis
11981|inferior labial branches of mental nerve
11981|rami labiales inferiores nervi mentalis
19274|commissure of lips (of mouth)
37148|glandulae labiales
65908|pars labialis musculi orbicularis oris
86393|labiodental sulcus
86393|lip sulcus
86393|primary labial groove
86931|facies labialis dentis
94517|tubercle of upper lip
31710|factor V
86394|labial sulcus
87325|genital swellings
47430|cutting forceps
47431|lip
47432|anterior lip of external os of uterus
47433|outer lip of iliac crest
47434|lower lip
47435|inner lip of iliac crest
47436|lateral lip of linea aspera
47437|tympanic lip of spiral limbus
47438|tympanic lip of spiral limbus
47439|vestibular lip of spiral limbus
47440|vestibular lip of spiral limbus
47441|labium majus pudendi
47441|large pudendal lip
47442|labium majus
47443|medial lip of linea aspera
47444|labium minus pudendi
47444|small pudendal lip
47445|labium minus
47447|posterior lip of external os of uterus
47448|upper lip
47453|vocal fold
22010|partogram
64449|parodynia
46888|climatic keratopathy
47468|mast cell
47469|articular labrum
47469|articular lip
47469|labrum articulare
47471|acetabular labrum
47473|labrum3
47474|glenoid labrum of scapula
7201|arteria labyrinthi
7201|arteria auditiva interna
7201|artery of labyrinth
7201|internal auditory artery
7201|ramus meatus acustici interni
61976|vestibular nystagmus
97322|venae labyrinthi
97322|internal auditory veins
99528|labyrinthine wall of tympanic cavity
99529|paries labyrinthicus cavi tympani
99529|medial wall of tympanic cavity
99529|labyrinthine wall of middle ear
99529|medial wall of middle ear
47489|otitis interna
47491|convoluted part of kidney lobule
47492|cochlear labyrinth
47493|cortical labyrinth
47494|ethmoidal labyrinth
47495|membranous labyrinth
47496|bony labyrinth
47497|vestibular labyrinth
47498|milk1
47499|precipitated sulfur
47501|shellac
47502|monophenol monooxygenase2
47502|phenol oxidase
47502|phenolase
47502|polyphenol oxidase
47502|urushiol oxidase
34586|foramen lacerum
47512|bicipital aponeurosis
47514|anterior longitudinal ligament
47515|lacertus of lateral rectus muscle
47513|lacertus musculi recti lateralis bulbi
47516|lacrimal
47518|fimbriae of uterine tube
47518|under fimbria
49589|flexor retinaculum of lower limb
47519|lachrymal
5648|apparatus lacrimalis
7202|arteria lacrimalis
9758|lacrimal lake
11262|os lacrimale
11262|os unguis
11419|lacrimal margin of maxilla
13374|dacryolith
13765|canaliculus lacrimalis
14811|caruncula lacrimalis
34115|tears
34292|plica lacrimalis
34292|Hasner fold
34292|Huschke valve
34292|Rosenmüller valve
35040|fossa for lacrimal gland
37149|glandula lacrimalis
38530|sulcus lacrimalis
39182|hamulus lacrimalis
39182|hamular process of lacrimal bone
47658|lacus lacrimalis
47658|lacrimal bay
52782|margo lacrimalis maxillae
52782|lacrimal border of maxilla
59424|nervus lacrimalis
61169|incisura lacrimalis
62746|lacrimal punctum
64846|papilla lacrimalis
65909|Duverney muscle
65909|Horner muscle
65909|musculus tensor tarsi
65909|pars lacrimalis musculi orbicularis oculi
66248|rivus lacrimalis
66248|Ferrein canal
72286|processus lacrimalis conchae nasalis inferioris
74116|punctum lacrimale
74116|lacrimal opening
79286|saccus lacrimalis
79286|dacryocyst
79286|sacculus lacrimalis
79286|tear sac
97323|vena lacrimalis
87233|sutura lacrimoconchalis
87234|sutura lacrimomaxillaris
47525|lactic acidemia
47530|β-lactamase
47532|β-d-galactosidase
47537|lactic acid oxidative decarboxylase
47534|lactic acid dehydrogenase
98919|LDH agent
82806|Hartmann solution
41499|prolactin
53067|puerperal mastitis
47540|chyle vessel
47540|lacteal vessel
22394|milk cyst
33684|mammary fistula
98504|lacteal2
22211|Cori cycle
47547|lactate dehydrogenase
47549|lactate 2-monooxygenase
47548|lactacidemia
3035|lactiferous sinus
26850|ductus lactiferi
26850|canalicular ducts1
26850|galactophore
26850|galactophorous canals
26850|galactophorous ducts
26850|mamillary ducts
26850|mammary ducts
26850|milk ducts
26850|tubuli galactophori
26850|tubuli lactiferi
37150|mammary gland
82258|sinus lactiferi
82258|ampulla lactifera
82258|ampulla of lactiferous duct
82258|ampulla of milk duct
82258|lactiferous ampulla
47551|lactifuge1
47552|lactifugal
47555|milk sickness
31711|pantetheine
31712|folic acid2
47577|inspissated milk syndrome
47577|milk bolus obstruction
47579|galactocele
47580|lactoflavin1
47584|riboflavin
47584|lactochrome
41500|prolactin
47590|galactometer
47591|gluconolactonase
47595|galactorrhea
47596|galactoscope
47597|milk sugar
47597|saccharum lactis
47600|galactotherapy
47603|prolactin
47605|aldoketomutase
47605|ketone-aldehyde mutase
47605|methylglyoxalase
47608|corneal space
47611|cerebral lacuna
47621|muscular space of retroinguinal compartment
47622|muscular space of retroinguinal compartment
47625|pharyngeal lacuna
47629|urethral lacuna
47631|vascular space of retroinguinal compartment
47632|vascular space of retroinguinal compartment
47615|lateral lacunae of superior sagittal sinus
49590|ligamentum lacunare
49590|Gimbernat ligament
48384|stratum moleculare et substratum lacunosum
47635|lake1
47636|lacrimal lake
47637|seminal lake
91261|molecular dissociation theory
84001|Cramer wire splint
25608|Lafora disease
25607|Lafora body disease
47649|cupular cecum of the cochlear duct
46785|exposure keratitis
47653|hare's eye
82949|Oriental sore
6200|area of Laimer
47656|lacus
31713|factor XIII
10996|Trousseau-Lallemand bodies
74433|pyramidal lobe of thyroid gland
11420|margo lambdoideus ossis occipitalis
11420|lambdoid margin of occipital bone
11420|margo lambdoideus squamae occipitalis
52783|lambdoid border of occipital bone
87235|sutura lambdoidea
88450|Lambert-Eaton myasthenic syndrome
88451|carcinomatous myopathy
88451|Eaton-Lambert syndrome
88451|Lambert syndrome
88451|Lambert-Eaton syndrome
88451|myasthenic syndrome
88452|Lambert-Eaton myasthenic syndrome
47684|giardiasis
47685|tropic pyomyositis
47687|disc2
47687|discus
47702|tympanic lamella (of osseous spiral lamina)
47705|vestibular lamella (of osseous spiral lamina)
47708|lamellate
47708|lamellated
14999|zonular cataract
27266|keratolysis exfoliativa congenita
38302|keratinosome
43298|ichthyosis congenita
46904|nonpenetrating keratoplasty
47709|lamellar1
20667|corpuscula lamellosa
20667|pacinian corpuscles
20667|Vater corpuscles
20667|Vater-Pacini corpuscles
47712|plate1
47714|alar lamina of neural tube
47717|anterior layer of thoracolumbar fascia
47719|anterior layer of rectus sheath
47720|lamina of vertebral arch
47725|basal lamina of neural tube
47726|basal lamina of choroid
47726|basal layer of choroid
47726|Bruch membrane
47726|Henle membrane
47726|lamina vitrea
47726|vitreous lamella
47726|vitreous membrane3
47727|basal lamina of ciliary body
47732|basal lamina of cochlear duct
47733|basal lamina of ciliary body
47734|basal lamina of cochlear duct
47737|lamina of cricoid cartilage
47738|lamina of thyroid cartilage
47739|capillary lamina of choroid
47740|epithelial lamina
47741|epithelial lamina
47742|capillary lamina of choroid
47743|lamina terminalis of cerebrum
47745|lamina cribrosa sclerae
47745|cribrous lamina
47745|perforated layer of sclera
47744|cribriform plate of ethmoid bone
47746|lamina cribrosa of sclera
47750|basal lamina2
47752|vestibular lip of spiral limbus
47754|alar lamina of neural tube
47756|anterior limiting lamina of cornea
47757|posterior limiting lamina of cornea
47759|epiphysial plate
47761|episcleral layer of fibrous layer of eyeball
47763|epithelial lamina
47764|external table of calvaria
47765|external table of calvaria
47767|interpubic disc
47769|suprachoroid lamina of sclera
47770|suprachoroid lamina of sclera
47772|horizontal plate of palatine bone
47773|internal table of calvaria
47774|internal table of calvaria
47776|vitreous table
47780|lateral lamina of cartilage of pharyngotympanic (auditory) tube
47781|lateral lamina of cartilage of pharyngotympanic (auditory) tube
47782|lateral pterygoid plate
47785|anterior limiting lamina of cornea
47786|posterior limiting lamina of cornea
47789|medial lamina of cartilage of pharyngotympanic (auditory) tube
47790|medial lamina of cartilage of pharyngotympanic (auditory) tube
47790|medial lamina of cartilage of pharyngotympanic (auditory) tube
47791|medial pterygoid plate
47796|lateral medullary lamina [TA] of lentiform nucleus
47798|medial medullary lamina [TA] of lentiform nucleus
47800|membranous lamina of cartilage of pharyngotympanic (auditory) plate
47801|membranous lamina of cartilage of pharyngotympanic (auditory) plate
47804|lamina of modiolus of cochlea
47806|molecular layer of cerebral cortex
47807|muscularis mucosae
47748|lamina cartilaginis cricoideae
47803|lamina tecti
47803|tectal plate
47803|tectum mesencephali
47803|lamina quadrigemina
47803|quadrigeminal lamina
47803|quadrigeminal plate
47803|tectum of midbrain
47805|lamina modioli cochleae
47805|plate of modiolus
47846|lamina septi pellucidi
47864|lamina cartilaginis thyroideae
47867|tragal lamina
47871|lamina arcus vertebrae
47871|neurapophysis
47810|orbital plate of ethmoid bone
47812|orbital plate of ethmoid bone
47813|parietal layer
47814|parietal layer of serous pericardium
47815|parietal layer of tunica vaginalis of testis
47817|perpendicular plate
47818|perpendicular plate of ethmoid bone
47819|perpendicular plate of palatine bone
47822|posterior layer of thoracolumbar fascia
47820|posterior layer of thoracolumbar fascia
47823|posterior layer of rectus sheath
47824|pretracheal layer of cervical fascia
47825|prevertebral layer of cervical fascia
47827|deep layer
47828|deep layer of temporal fascia
47829|anterior layer of thoracolumbar fascia
47830|deep layer of levator palpebrae superioris
47831|lamina propria mucosae
47832|lamina propria
47834|lamina of mesencephalic tectum
47840|presacral fascia
47843|rostral lamina
47845|lamina of septum pellucidum
47848|gelatinous substance
47849|osseous spiral lamina
47850|secondary spiral lamina
47853|superficial layer
47854|investing layer of cervical fascia
47855|superficial layer of temporal fascia
47856|superficial layer of the levator palpebrae superioris
47858|suprachoroid lamina of choroid
47861|lamina of mesencephalic tectum
47862|lamina terminalis of cerebrum
47863|lamina terminalis
47863|lamina cinerea
47863|terminal plate
47863|velum terminale
47866|tragal lamina
47869|vascular lamina of choroid
47870|basal lamina of neural tube
47872|visceral layer
47873|visceral layer of serous pericardium
47874|visceral layer of tunica vaginalis of testis
47875|lamina basalis choroideae
47716|laminae medullares cerebelli
47793|laminae albae cerebelli
47794|medullary laminae of thalamus
47879|laminated
47883|laminar1
70194|keratosis obturans
29971|stratified epithelium
47889|rachiotomy
17485|giant chromosome2
47903|wool
88453|acquired epileptic aphasia
27532|facioscapulohumeral muscular dystrophy
48206|Grasset law
65106|Guillain-Barré syndrome
88454|Guillain-Barré syndrome
88455|Guillain-Barré syndrome
9385|Lane kink
25609|erythema palmare hereditarium
47165|Lane band
90622|gold sol test
90622|Zsigmondy test
5997|pectorodorsalis muscle
50428|tension lines
56848|pectorodorsalis muscle
88456|achondrogenesis type II
41115|histiocytosis X
15687|interdigitating dendritic cells
38303|Birbeck granule
45817|islets of Langerhans
45817|under islet
15688|cytotrophoblastic cells
15688|Langhans-type giant cells
48385|cytotrophoblast
15689|Langhans cells1
34591|openings of smallest cardiac veins
34591|under opening
49591|sternopericardial ligaments
47937|adeps lanae
47937|wool fat
44036|Schmidt-Lanterman incisures
47942|rare earth elements
47947|downy hair
47947|primary hair
47947|lanugo hair
39050|lanugo
50429|interspinous plane
47952|abdominal hernia
47956|celiorrhaphy
47958|peritoneoscope
13899|Hasson cannula
47959|abdominoscopy
47962|celiotomy
64417|abdominal pad
95158|Venice turpentine
47969|adeps2
51000|waxy liver
83912|waxy spleen
13478|kilocalorie
13478|kilogram calorie
26148|open bite1
45260|intestinum crassum
56849|helicis major (muscle)
66565|greater pelvis
50686|labium majus
97325|great saphenous vein
47971|Delphinium ajacis
18142|trigonum sternocostale
47980|larvate
47982|larvate
69269|ambulant plague
47988|larvaceous
47988|larval2
1331|laryngeal inlet
5351|laryngeal inlet
12928|subcutaneous bursa of the laryngeal prominence
15290|cavitas laryngis
15290|cavity of larynx
15290|cavum laryngis
25042|laryngotracheal diphtheria
37152|glandulae laryngeales
44736|aditus laryngis
44736|inlet of larynx
44736|laryngeal aditus
44736|laryngeal aperture
60706|folliculi lymphatici laryngei
60706|laryngeal tonsils
60706|lymphatic follicles of larynx
56359|mucosa of larynx
65910|laryngopharynx
67796|laryngopharynx
71607|laryngeal saccule
72706|prominentia laryngea
72706|Adam's apple
72706|protuberantia laryngea
72706|thyroid eminence
76812|cough reflex
79341|sacculus laryngis
79341|appendix ventriculi laryngis
79341|Hilton sac
79341|laryngeal pouch
79341|saccule of larynx
82259|laryngeal ventricle
85582|congenital stridor
92495|laryngeal lymphoid nodules
92495|under nodule
98123|ventriculus laryngis
98123|laryngeal sinus
98123|Morgagni sinus3
98123|Morgagni ventricle
98123|sinus laryngeus
98379|cough syncope
48002|pseudocroup
48002|spasmus glottidis
48011|spasmodic laryngitis
48014|median laryngotomy
48014|thyrofissure
48014|thyroidotomy
48014|thyrotomy2
48018|chondromalacia of larynx
48019|laryngoplegia
11982|rami laryngopharyngei ganglii cervicalis superioris
48022|inferior constrictor (muscle) of pharynx
48024|pars laryngea pharyngis
48024|hypopharynx
48024|laryngeal part of pharynx
48024|laryngeal pharynx
48027|laryngoparalysis
48037|glottidospasm
48037|laryngospastic reflex
76813|laryngospasm
25043|laryngeal diphtheria
26273|respiratory diverticulum
38531|tracheobronchial groove
90623|straight-leg raising test
95183|optic tweezers
32678|Lassa hemorrhagic fever
32679|Lassa fever
59425|superior hypogastric (nerve) plexus
97327|prepyloric vein
22161|cyanose tardive
22161|tardive cyanosis
24552|presystole
56533|presystolic murmur
27368|premenstrual syndrome
26017|premenstrual syndrome
8202|idiopathic ataxia
76173|delayed reaction
78528|osteomalacia
89185|tertiary syphilis
89418|prediastole
76174|delayed reaction
67128|latency phase
67821|latency period
24331|chemical diabetes
28746|empyema benignum
29269|potential energy
38141|masked gout
41405|unconscious homosexuality
67129|incubation period1
98921|Kilham rat virus
84283|incubation period1
95299|walking typhoid
48081|lateralis
77180|flank
11984|ramus cutaneus lateralis abdominalis/pectoralis nervorum intercostalium
11984|lateral cutaneous branches of anterior ramus of thoracic spinal nerves
11984|lateral cutaneous branches of intercostal nerves
223|pericemental abscess
59426|nervus ampullaris lateralis
61505|nucleus amygdalae lateralis
4171|angulus oculi lateralis
4171|angulus oculi temporalis
4171|external canthus
4171|lateral canthus
4172|angulus lateralis scapulae
59427|lateral cutaneous nerve of forearm
59428|lateral pectoral nerve
51778|nodi lymphoidei aortici laterales
5352|apertura lateralis ventriculi quarti
5352|foramen lateralis ventriculi quarti
5352|foramen of Key-Retzius
5352|foramen of Luschka
5352|foramen of Retzius
49593|ligamentum arcuatum laterale
49593|arcus lumbocostalis lateralis
49593|lateral lumbocostal arch
7929|norma lateralis
7929|norma temporalis
46389|articulatio atlantoaxialis lateralis
46389|lateral atlantoepistrophic joint
46390|lateral atlantoaxial joint
49594|ligamentum atlantooccipitale laterale
11986|intermediate atrial branch of left coronary artery
11987|intermediate atrial branch of right coronary artery
97328|lateral vein of lateral ventricle
51779|humeral axillary lymph nodes
80597|segmentum (bronchopulmonale) basale laterale [S IX]
11988|lateral basal segmental artery
7203|arteria segmentalis basalis lateralis pulmonis (dextri et sinistri)
7203|arteria segmentalis lateralis pulmonis (dextri et sinistri)
7203|lateral basal branch
7203|ramus basalis lateralis
38532|sulcus bicipitalis lateralis
38532|sulcus bicipitalis radialis
11421|margo lateralis
11421|lateral margin
11422|margo lateralis pedis
11422|fibular (peroneal) border of foot
11422|margo fibularis pedis
11422|peroneal border of foot
11422|fibular margin of foot
11423|radial border of forearm
11424|margo lateralis humeri
11425|margo lateralis renis
11426|margo lateralis unguis
11427|margo lateralis scapulae
11983|rami laterales
11985|rami laterales arteriarum tuberis cinerei
11989|rami laterales arteriae pontis
11989|circumferential pontine branches of pontine arteries
11990|rami laterales ramorum posteriorum nervorum cervicalium/thoracalium/lumbalium
80598|segmentum bronchopulmonale laterale S IV
11991|rami calcanei laterales nervi suralis
13664|accessory canal
13920|lateral angle of eye
14725|lateral process of septal nasal cartilage
69543|lateral lamina of cartilage of pharyngotympanic (auditory) tube
51780|nodi lymphoidei cavales laterales
83114|lateral midpalmar space
83114|thenar space
17869|cisterna cerebellomedullaris lateralis
33559|lateral sulcus
35045|fossa lateralis cerebri
35045|fossa of Sylvius
35045|lateral fossa of brain
35045|vallecula sylvii
51781|nodi lymphoidei cervicales laterales
51781|nodi lymphoidei colli laterales
51781|lateral jugular lymph nodes
51781|nodi lymphoidei jugulares laterales
77183|regio cervicalis lateralis
77183|posterior triangle of neck
77183|trigonum cervicale posterius
77183|trigonum colli laterale
77183|lateral region of neck
7205|lateral circumflex femoral artery
7204|arteria circumflexa femoris lateralis
7204|lateral circumflex artery of thigh
7204|lateral femoral circumflex artery
97329|venae circumflexae femoris laterales
49596|lateral ligament of ankle
19156|columna lateralis
19156|lateral column of spinal cord
19157|lateral column
19351|compartimentum cruris laterale peroneorum
19351|compartimentum cruris fibularium
19351|fibular compartment of leg
19351|peroneal compartment of leg
19351|compartimentum cruris
19716|condylus lateralis
19717|condylus lateralis femoris
19718|condylus lateralis tibiae
20367|fasciculus lateralis plexus brachialis
92960|tractus corticospinalis lateralis
92960|crossed pyramidal tract
92960|fasciculus corticospinalis lateralis
92960|fasciculus pyramidalis lateralis
92960|lateral pyramidal fasciculus
92960|lateral pyramidal tract
92960|tractus pyramidalis lateralis
11992|ramus costalis lateralis arteriae thoracicae internae
49597|ligamentum costotransversarium laterale
49597|ligamentum costotransversarium posterius
49597|ligamentum tuberculi costae
49597|posterior costotransverse ligament
56851|musculus cricoarytenoideus lateralis
21571|crus laterale
21571|lateral limb
21575|lateral crus of horizontal part of the facial canal
21576|lateral crus of facial canal
21577|crus laterale cartilaginis alaris majoris
21578|crus laterale anuli inguinalis superficialis
61507|accessory cuneate nucleus
11264|os cuneiforme laterale
11264|third cuneiform bone
11264|wedge bone
11993|ramus cutaneus lateralis
11995|lateral abdominal/pectoral cutaneous branches of intercostal nerves
11994|lateral abdominal/pectoral cutaneous branches of intercostal nerves
59429|lateral sural cutaneous nerve
59430|nervus cutaneus antebrachii lateralis
59430|lateral antebrachial cutaneous nerve
59431|nervus cutaneus femoris lateralis
59431|lateral femoral cutaneous nerve
74916|decubitus radiograph
26313|left lateral division of liver
59432|nervus cutaneus dorsalis lateralis
59432|dorsal lateral cutaneous nerve
61508|nucleus dorsalis lateralis
21251|lateral supraepicondylar ridge
78582|lateral supraepicondylar ridge
29668|epicondylus lateralis femoris
29668|epicondylus lateralis ossis femoris
29668|lateral femoral tuberosity
29669|epicondylus lateralis humeri
32206|fasciculi proprii
7206|lateral circumflex femoral artery
59433|lateral cutaneous nerve of thigh
94718|lateral epicondyle of femur
33338|lateral lemniscus
34009|flexurae laterales recti
35044|lateral cerebral fossa
7207|arteria frontobasalis lateralis
7207|arteria orbitofrontalis lateralis
7207|lateral orbitofrontal artery
35790|funiculus lateralis
35790|anterolateral column of spinal cord
35790|lateral funiculus of spinal cord
35792|lateral funiculus
10997|corpus geniculatum laterale
10997|corpus geniculatum externum
37012|pivot joint
11996|ramus glandularis lateralis arteriae thyroideae superioris
34295|plica glossoepiglottica lateralis
34295|pharyngoepiglottic fold
56852|vastus lateralis (muscle)
61511|nucleus habenularis lateralis
39371|caput laterale
39372|caput laterale musculi flexoris hallucis brevis
40506|dimidiate hermaphroditism
41557|cornu laterale
29676|tennis elbow
6201|area hypothalamica lateralis
43530|focal illumination
43981|second incisor
7208|inferior lateral genicular artery
6202|(left anterior) lateral hepatic segment [III]
35046|fossa inguinalis lateralis
86028|substantia intermedia lateralis
51782|lateral cervical lymph nodes
47614|lateral lacunae of superior sagittal sinus
47616|lacunae laterales
47616|lateral lacunae
47616|lateral lakes
47616|lateral venous lacunae
47616|parasinoidal sinuses
51783|nodus lymphoideus lacunaris (vasculorum) lateralis
51783|lateral lacunar node
60649|lateral lacunar lymph node
47659|lateral lacunae of superior sagittal sinus
47659|under lacuna
47779|lamina lateralis cartilaginis tubae auditivae
47779|lamina lateralis cartilaginis tubae auditoriae
47779|lateral cartilaginous plate
47779|lateral plate of cartilaginous auditory tube
48732|lemniscus lateralis
48732|acoustic lemniscus
48732|auditory lemniscus
48732|auditory tract
48732|lateral fillet
49592|ligamentum collaterale laterale
49592|fibular collateral ligament of ankle
49592|lateral collateral ligament of ankle
49595|ligamentum laterale vesicae
49598|radial collateral ligament of elbow joint
49599|fibular collateral ligament
49601|ligamentum mallei laterale
49608|ligamentum laterale articulationis temporomandibularis
49608|Ferrein ligament
49608|lateral temporomandibular ligament
49608|ligamentum temporomandibulare
49608|temporomandibular ligament
49611|radial collateral ligament of wrist joint
50244|lateral crus
12659|lateral lingual swellings
12659|under swelling
87326|lateral lingual bud
50687|labium laterale lineae asperae
5998|lateral part of longitudinal arch of foot
85517|stria longitudinalis lateralis
85517|stria tecta
85517|tectal stria
56853|musculi intertransversarii laterales lumborum
56853|lateral lumbar intertransverse muscles
56854|lateral lumbar intertransversarii (muscles)
5999|lateral arcuate ligament
7209|lateral malleolar branch (of fibular [peroneal] artery)
11997|rami malleolares laterales arteriae fibularis (peronei)
11997|arteriae malleolares posteriores laterales
11997|lateral malleolar arteries
11997|posterior peroneal arteries
31355|facies malleolaris lateralis tali
31355|lateral malleolar surface of talus
59903|rete malleolare laterale
12929|subcutaneous bursa of lateral malleolus
86938|lateral malleolar facet of talus
52481|malleolus lateralis
52481|external malleolus
52481|extramalleolus
52481|outer malleolus
12930|subcutaneous bursa of lateral malleolus
11998|rami mammarii laterales
12000|lateral mammary branches of lateral pectoral cutaneous branches of intercostal nerves
11999|rami mammarii laterales ramorum cutaneorum lateralium nervorum intercostalium
11999|lateral mammary branches of lateral cutaneous branches of thoracic spinal nerves
11999|rami mammarii laterales ramorum cutaneorum lateralis nervorum thoracicorum
12001|rami mammarii laterales arteriae thoracicae lateralis
52784|lateral border
97332|vena marginalis lateralis pedis
53007|massa lateralis atlantis
53008|ethmoidal labyrinth
12002|rami medullares laterales (partis intracranialis) arteriae vertebralis
47783|lamina medullaris lateralis nuclei lentiformis
88462|posterior inferior cerebellar artery syndrome
54173|meniscus lateralis
54173|external semilunar fibrocartilage
54431|lateral plate mesoderm
83115|lateral central palmar space
7212|lateral nasal branch of facial artery
12004|ramus lateralis nasi arteriae facialis
12004|lateral nasal artery
12003|rami nasales laterales nervi ethmoidalis anterioris
34296|lateral nasal prominence
72289|lateral nasal prominence
72707|lateral nasal fold
72707|lateral nasal process
61504|nucleus lateralis
61519|lateral reticular nucleus
61529|nucleus lateralis corporis trapezoidei
7213|arteria occipitalis lateralis
7213|P3 segment of posterior cerebral artery
7213|segmentum P3 arteriae cerebri posterioris
86398|sulcus occipitalis lateralis
38899|fusiform gyrus
38900|gyrus olfactorius lateralis
7214|lateral frontobasal artery
81492|lateral palatine processes
81492|under process
72290|lateral palatal shelf
72290|palatal shelves
19275|commissura lateralis palpebrum
19275|commissura palpebrarum lateralis
49602|ligamentum palpebrale laterale
49602|ligamentum palpebrale externum
49602|ligamentum tarsale externum
75796|palpebral raphe
75796|raphe palpebralis lateralis
61521|nucleus parabrachialis lateralis
65911|pars lateralis fornicis vaginae
65912|pars lateralis arcus pedis longitudinalis
65912|arcus pedis longitudinalis pars lateralis
65912|lateral longitudinal arch of foot
65913|pars lateralis venae lobi medii venae pulmonalis dextri superioris
65914|pars lateralis ossis occipitalis
65914|exoccipital bone
65916|pars lateralis compartimenti antebrachii posterioris (extensorum)
65916|radial part of posterior compartment of forearm
65917|pars lateralis ossis sacri
77883|retinaculum patellae laterale
59434|nervus pectoralis lateralis
59434|lateral anterior thoracic nerve
93659|trigonum parietale laterale pelvis
51784|nodi lymphoidei pericardiaci laterales
61522|nucleus pericuneatus lateralis
83116|spatium lateropharyngeum
83116|spatium pharyngeum laterale
7215|arteria plantaris lateralis
59435|nervus plantaris lateralis
54432|lateral mesoderm
69544|lateral lamina of cartilage of pharyngotympanic (auditory) tube
69546|lateral pterygoid plate
70699|tubal extremity of ovary
61523|nucleus lateralis posterior
61524|nucleus preopticus lateralis
72287|processus lateralis tuberis calcanei
72288|processus lateralis mallei
72288|processus brevis
72288|short process of malleus
72288|tuberculum mallei
72291|processus lateralis cartilaginis septi nasi
72291|cartilago nasi lateralis
72291|lateral cartilage of nose
72292|processus lateralis tali
12790|fasciculi proprii
12790|under fasciculus
56856|musculus pterygoideus lateralis
56856|external pterygoid muscle
56856|musculus pterygoideus externus
69545|lamina lateralis processus pterygoidei ossis sphenoidalis
69545|lateral plate of pterygoid process
49603|puboprostatic ligament
49603|ligamentum laterale puboprostaticum
49604|ligamentum laterale pubovesicale
32207|lateral corticospinal tract
92961|lateral corticospinal tract
92962|tractus raphespinalis lateralis
76419|recessus lateralis ventriculi quarti
56857|musculus rectus lateralis (bulbi)
56857|abducens oculi
56857|musculus rectus externus
56858|rectus capitis lateralis (muscle)
71332|Sims position
77181|flank
77182|flank
77185|lateral cervical region
61525|lateral nucleus of medulla oblongata
61525|nucleus lateralis medullae oblongatae
92963|bulboreticulospinal tract
78920|radix lateralis nervi mediani
78921|radix lateralis tractus optici
7216|arteriae sacrales laterales
12005|rami sacrales laterales arteriae sacralis medianae
21252|crista sacralis lateralis
97334|venae sacrales laterales
49605|ligamentum sacrococcygeum laterale
49605|intercornual ligament
80596|segmentum laterale
82261|transverse sinus
80243|primary lateral sclerosis
92964|tractus spinothalamicus lateralis
7219|anterolateral central arteries
86396|sulcus lateralis
86396|fissura cerebri lateralis
86396|lateral cerebral fissure
86396|sylvian fissure
86396|fissure of Sylvius
7220|superior lateral genicular artery
6203|(left posterior) lateral hepatic segment III
61527|nucleus olivaris superior lateralis
59437|nervus supraclavicularis lateralis
59437|posterior supraclavicular nerve
21253|lateral supraepicondylar ridge
50430|linea supracondylaris lateralis
78583|lateral supraepicondylar ridge
78584|crista supraepicondylaris lateralis
78584|crista supracondylaris lateralis
78584|lateral supracondylar ridge
78584|lateral epicondylar crest
78584|lateral epicondylar ridge
78584|lateral supracondylar crest
59438|nervus cutaneus surae lateralis
59438|lateral cutaneous nerve of calf
86932|facies lateralis
86940|facies lateralis radii
86933|facies lateralis brachii
86934|facies lateralis fibulae
86935|facies lateralis digiti manus
86936|facies lateralis cruris
86937|facies lateralis membri inferioris
86939|facies lateralis ovarii
86941|facies lateralis testis
86942|facies lateralis tibiae
86943|facies lateralis digiti pedis
86944|facies lateralis ossis zygomatici
49606|ligamentum talocalcaneum laterale
7221|arteria tarsalis lateralis
49607|lateral ligament of temporomandibular joint
66453|pedunculus thalami lateralis
7222|arteria thoracica lateralis
7222|external mammary artery
7222|long thoracic artery
97335|vena thoracica lateralis
49609|ligamentum thyrohyoideum laterale
49609|Berry ligaments
49609|ligamentum hyothyroideum laterale
94518|tuberculum laterale (processus posterioris) tali
34297|plica epigastrica
34297|plica umbilicalis lateralis
34297|epigastric fold
49610|ligamentum umbilicale laterale
56859|vastus lateralis (muscle)
97331|vena lateralis ventriculi lateralis
97331|lateral atrial vein
97331|vena atrii lateralis
47617|lateral lacunae of superior sagittal sinus
40565|spigelian hernia
98124|ventriculus lateralis
98124|ventricle of cerebral hemisphere
61531|nucleus vestibularis lateralis
92965|tractus vestibulospinalis lateralis
92965|deiterospinal tract
92965|tractus vestibulospinalis
99530|membranous wall of tympanic cavity
99531|paries lateralis orbitae
99532|membranous wall of tympanic cavity
100493|zona lateralis
48082|lateral1
48082|lateral2
48082|lateral
48086|lateroflexion
48090|exduction
48091|lateriflexion
48091|lateriflection
90624|latex fixation test
90625|latex agglutination test
48099|lupinosis
48099|neurolathyrism
56860|musculus latissimus dorsi
56860|broadest muscle of back
48102|digital gray scale
48102|gray scale
33346|wide-latitude film
48107|flank
36166|carotid ganglion
88463|multiple symmetric lipomatosis
88464|adiposogenital dystrophy
48118|N-dodecanoic acid
13667|scleral venous sinus
49612|transverse ligament of the atlas
48122|thionine
61264|astrosphere
48155|Hess law
48158|Meltzer law
48164|Proust law
48173|Du Bois-Reymond law
48186|Newton law
48199|Mendel second law
48200|myenteric reflex
48217|Guldberg-Waage law
48217|mass law
48224|law of reciprocal proportions
48231|Dalton law
48237|Pflüger law
48242|recapitulation theory
48243|law of multiple proportions
48246|Descartes law
48246|Snell law
48247|Galton law
48255|Mendel first law
48260|Müller law
48191|Starling law
88466|lipoatrophy
48279|panniculus
48292|band of Kaes-Bechterew
48376|stratum segmentorum externorum et internorum
48441|stratum neurofibrarum
48468|Purkinje cell layer
48489|bacillary layer
48325|strata gyri dentati
48367|strata hippocampi
69656|dyschondrosteosis
25625|Löffler endocarditis
29048|Löffler disease
29048|Löffler syndrome2
88488|simple pulmonary eosinophilia
88488|Löffler endocarditis
88486|eosinophilic pneumonia
88486|eosinophilic pneumonopathy
13672|cochlear duct
79788|cochlear duct
98922|lymphocytic choriomeningitis virus
1686|lactate dehydrogenase virus
26018|familial hyperlipidemia
15690|lupus erythematosus cell
90626|lupus erythematosus cell test
48209|Le Chatelier principle
72100|Le Chatelier law
35342|Guérin fracture
35343|pyramidal fracture
27268|craniofacial dysjunction fracture
35344|craniofacial dysjunction fracture
48545|plumbum
48546|sugar of lead
48548|ceruse
48548|white lead
48549|chrome yellow
18826|Devonshire colic
18826|painter's colic
18826|Poitou colic
18826|saturnine colic
28833|lead encephalopathy
28933|lead encephalitis
28933|saturnine encephalopathy
38142|saturnine gout
48550|lead oxide (yellow)
48550|litharge
48550|massicot
48551|lead monoxide
64605|lead paralysis
65107|lead palsy
70656|plumbism
70656|saturnism
48554|galena
48555|tetraethyllead
48556|red lead
48556|red oxide of lead
19014|stove-pipe colon
26684|motive1
59439|nervus splanchnicus imus
59439|lowest splanchnic nerve
59439|smallest splanchnic nerve
85136|sclerotic stomach
8457|Leber optic neuropathy
60247|stellate neuroretinitis
60210|Leber hereditary optic atrophy
48594|lecithin-cholesterol acyltransferase
48601|lecithin acyltransferase
48596|phospholipase
48597|phospholipase A(null)
48598|lysophospholipase
48599|phospholipase C
48600|phospholipase D
52603|LeCompte operation
62852|LeCompte maneuver
36167|uterovaginal (nervous) plexus
13668|haversian canals
7223|anterior interventricular branch of left coronary artery
97336|venae atriales sinistrae
63342|ostium atrioventriculare sinistrum
63342|mitral orifice
63342|ostium arteriosum
96707|mitral valve
8396|atrium cordis sinistrum
8396|atrium pulmonale
8396|atrium sinistrum cordis
8631|auricula atrii sinistra
8631|auricle of left atrium
8631|left auricular appendage
5679|left auricle
12006|ramus sinister
12007|ramus sinister arteriae hepaticae propriae
12007|left hepatic artery
12791|crus sinistrum fasciculi atrioventricularis
12791|left crus of atrioventricular bundle
12791|left limb of atrioventricular bundle
7224|arteria colica sinistra
34010|flexura coli sinistra
34010|flexura colica splenica
34010|splenic flexure
51786|nodi lymphoidei colici sinistri
97337|vena colica sinistra
7225|arteria coronaria sinistra
97338|great cardiac vein
21579|left bundle of atrioventricular bundle
21580|crus sinistrum diaphragmatis
26851|ductus lobi caudati sinister hepatis
93932|trigonum fibrosum sinistrum
7226|arteria gastrica sinistra
7226|coronary artery2
51787|nodi lymphoidei gastrici sinistri
51787|superior gastric lymph nodes
97339|vena gastrica sinistra
97339|coronary vein
97339|vena coronaria ventriculi
7227|left gastroomental artery
51788|left gastroomental lymph nodes
97340|left gastroomental vein
7228|arteria gastroomentalis sinistra
7228|arteria gastroepiploica sinistra
7228|left gastroepiploic artery
51789|nodi lymphoidei gastroomentales sinistri
51789|left gastroepiploic lymph nodes
97341|left gastroepiploic vein
97341|vena gastroepiploica sinistra
97341|vena gastroomentalis sinistra
39530|arterial heart
39530|hemicardia sinistra
7229|left branch of hepatic artery proper
26852|ductus hepaticus sinister
97342|venae hepaticae sinistrae
97343|vena pulmonalis inferior sinistra
26314|divisio lateralis sinistra hepatis
26314|lateral division of left liver
50245|left bundle of atrioventricular bundle
51001|pars hepatis sinistra
51001|left part of liver
51059|lobus sinister
51060|lobus hepatis sinister
51060|divisio lateralis sinistra
51790|nodi lymphoidei lumbales sinistri
51790|aortic lymph nodes
12507|bronchus principalis sinister
7230|ramus marginalis sinister arteriae coronariae sinistrae
97344|vena marginalis sinistra
26315|divisio medialis sinistra hepatis
97345|vena ovarica sinistra
65919|left liver
80161|umbilical fissure
7231|arteria pulmonalis sinistra
88468|nutcracker phenomenon
22058|valvula coronaria sinistra (valvae aortae)
97347|vena intercostalis superior sinistra
97348|vena pulmonalis superior sinistra
97349|vena suprarenalis sinistra
97350|vena testicularis sinistra
49614|ligamentum triangulare sinistrum hepatis
97351|vena umbilicalis
98125|ventriculus sinister
31861|left-sided heart failure
87066|Battista operation
87066|partial left ventriculectomy
87066|reduction left ventriculoplasty
48622|sinistropedal
48623|sinistromanual
31860|left ventricular failure
48626|crus1
48627|crura of antihelix
48627|under crus
67970|Pool phenomenon1
23655|forensic dentistry
53441|forensic medicine
25612|Calvé-Perthes disease
25612|coxa plana
25612|osteochondritis deformans juvenilis
25612|Perthes disease
25612|pseudocoxalgia
25612|quiet hip disease
48643|Pittsburgh pneumonia agent
48646|Legionnaires' disease
25613|legionellosis
48647|avenin
25614|Leigh syndrome
25614|necrotizing encephalomyelopathy
25614|necrotizing encephalopathy
25614|subacute necrotizing encephalomyelopathy
88469|Leigh disease
25615|erythroderma desquamativum
48653|fibroleiomyoma
48655|dermatomyoma
48664|chrome yellow
11001|amastigote
11001|L-D body
48678|Leishmania tropica major
48679|Leishmania tropica mexicana
48683|Leishmania pifanoi
48686|Leishmania mexicana pifanoi
48688|Leishmania major
48689|Leishmania mexicana
48690|leishmaniosis
48709|lupoid leishmaniasis
48711|diffuse cutaneous leishmaniasis
90628|Montenegro test
48716|leishmaniasis
88470|cri-du-chat syndrome
88471|postanginal sepsis
93933|trigone of lateral lemniscus
48728|fillet1
48733|lateral lemniscus
48735|medial lemniscus
48737|anterolateral system
48739|trigeminal lemniscus
48740|limon
48741|chrome yellow
25616|Lenègre syndrome
88472|Lenègre disease
44176|cephalic index
44177|vertical index
18036|Kiel classification
88473|Lennox-Gastaut syndrome
88474|Lennox syndrome
48759|crystalline lens
14082|capsule of lens
48771|Geneva lens measure
69251|optic placodes
84640|radii of lens
84640|under radius
86029|substantia lentis
87237|radii of lens
87237|under radius
98425|lenticular vesicle
96334|phacoanaphylactic uveitis
48814|focimeter
48814|vertometer
44933|insulin zinc suspension
48817|lentiform nucleus
4530|lenticular loop
5592|lenticular process of incus
11265|lenticular process of incus
14084|capsule of lens
32208|fasciculus lenticularis
35049|hyaloid fossa
36168|ciliary ganglion
51312|ansa lenticularis
51312|lenticular ansa
64848|folliculi linguales
64848|under folliculus
72294|processus lenticularis incudis
72294|lenticular apophysis
72294|lenticular bone
72294|orbicular bone
72294|orbicular process
72294|orbiculare
72294|os orbiculare
72294|os sylvii
25617|Wilson disease
98426|lens vesicle
7232|anterolateral central arteries
7232|Charcot arteries
48823|prosthetophacos
48823|pseudophacos
11266|pisiform (bone)
61534|nucleus lentiformis
61534|lenticula
48830|lentigo simplex
48831|Hutchinson freckle
48831|melanotic freckle
48833|lentigo
31514|leontiasis
48839|leonine facies
48840|megacephaly
35727|tessellated fundus
77861|tessellated fundus
88475|multiple lentigines syndrome
48842|arnica
48849|trichomycosis axillaris
48850|Donohue disease
48850|Donohue syndrome
48858|Hansen disease
9133|Mycobacterium leprae
48873|leprous
48874|leprotic
48876|black root
48876|Culver root
48877|OB protein
14352|meningeal carcinoma
14408|meningeal carcinoma
22396|arachnoid cyst
83118|subarachnoid space
48886|leptomeninx
48887|pia-arachnitis
48889|leptomeninges
48889|arachnoid mater and pia mater
48889|meninx tenuis
48889|pia-arachnoid
48889|piarachnoid
48893|leptotene
48894|hypophonia
48907|icterohemorrhagic fever
48909|leptonema
48915|Trombicula akamushi
25618|dyschondrosteosis
88477|dyschondrosteosis
62853|periarterial sympathectomy
41312|genetic homeostasis
48924|sapphism
14726|minor alar cartilage of nose
17724|minor arterial circle of iris
17760|pulmonary circulation
21800|pyloric antrum
21975|curvatura ventriculi minor
41559|cornu minus ossis hyoidei
41559|styloid cornu
59440|medial cutaneous nerve of arm
11267|trapezoid (bone)
59441|nervus occipitalis minor
62530|omentum minus
62530|gastrohepatic omentum
62530|omentulum
7233|arteriae palatinae minores
13669|canales palatini minores
13669|canals for lesser palatine nerves
34593|foramina palatina minora
34593|posterior palatine foramina
59442|nervi palatini minores
64642|uncinate process of pancreas
66566|pelvis minor
66566|pelvis vera
66566|small pelvis
66566|true pelvis
15292|omental bursa
79287|omental bursa
59443|nervus petrosus minor
59443|parasympathetic root of otic ganglion
59443|radix parasympathica ganglii otici
59443|lesser superficial petrosal nerve
56861|rhomboid minor (muscle)
78716|inner border of iris
61170|incisura ischiadica minor
59444|nervus splanchnicus minor
59445|lesser petrosal nerve
35050|fossa supraclavicularis minor
94109|trochanter minor
94109|small trochanter
94109|trochantin
94519|tuberculum minus (humeri)
94519|lesser tuberosity of humerus
94719|lesser tubercle (of humerus)
83770|spina tympanica minor
37153|glandulae vestibulares minores
99954|ala minor ossis sphenoidalis
99954|ala orbitalis
99954|Ingrassia process
56862|zygomaticus minor (muscle)
93661|Grynfeltt triangle
76816|milk-ejection reflex
38355|granuloma gangrenescens
38355|malignant granuloma
38355|midline malignant reticulosis granuloma
75883|death rate
42753|trance coma
25619|nonlipid histiocytosis
48965|leukin
42889|leucine-sensitive hypoglycemia
42890|leucine-induced hypoglycemia
48977|patent blue V
48972|harmine
48973|quinoline1
48974|methylene white
48978|folinic acid
48979|calcium folinate
48985|leukocytic sarcoma
58332|granulocytic leukemia
58332|myeloblastic leukemia
49040|leucin
49044|white bile
49045|proleukocyte
49049|leukokoria
49049|white pupillary reflex
49050|leukocytotactic
49051|leukocytic
49052|leukocytotaxia
49053|white blood cell
21148|buffy coat
44054|Döhle bodies
44054|under body
45063|interferon alpha
49076|leukocytal
74514|endogenous pyrogen
79690|leukemia
49081|leukolysin
49082|leukolysis
49083|leukolytic
49086|leukopenia
49088|leukopoiesis
49104|leukocytactic
49104|leukotactic
49105|leukocytaxia
49105|leukocytaxis
49105|leukotaxia
49105|leukotaxis
49106|leukotoxin
49108|hypomelanosis
49108|leukopathia
49108|leukopathy
49110|halo nevus
49111|syphilitic leukoderma
49115|leukodystrophy
49116|leukodystrophy
49117|leukodystrophia cerebri progressiva
49117|leukodystrophia
49117|sclerosis of white matter
49130|childhood ataxia with diffuse central nervous system hypomyelination
3653|leukoerythroblastosis
49131|leukoerythroblastic anemia
49131|myelophthisic anemia
49131|myelopathic anemia
49135|kraurosis vulvae
49136|leukocytolysin
49137|leukocytolysis
49138|leukocytolytic
49148|white gangrene
49150|leukoderma
49152|leukocytopenia
58333|subleukemic leukemia
49159|smoker's patches
49162|leukocytopoiesis
49166|leukorrhea
49167|leukorrhagia
49170|leukocytotactic
49171|leukocytotaxia
49173|leukocytotaxia
49178|leukocytotoxin
49186|vincristine sulfate
25620|Lev syndrome
88480|Lev disease
49191|fructosan1
49193|norepinephrine
49194|norepinephrine bitartrate
56874|musculus levator glandulae thyroideae
56874|elevator (muscle) of thyroid gland
56874|Soemmerring muscle
56863|musculus levator anguli oris
56863|musculus caninus
56863|musculus triangularis labii superioris
56864|musculus levator ani
56864|elevator muscle of anus
22047|torus levatorius
40567|perineal hernia
56868|musculus levator labii superioris
56868|caput infraorbitale quadrati labii superioris
56868|elevator muscle of upper lip
56869|musculus levator labii superioris alaeque nasi
56869|caput angulare quadrati labii superioris
56869|elevator muscle of upper lip and wing of nose
56870|levator veli palatini (muscle)
56871|musculus levator palpebrae superioris
56871|elevator (muscle) of upper eyelid
56871|musculus orbitopalpebralis
56871|palpebralis
56872|puboprostaticus (muscle)
56873|musculus levator scapulae
56873|elevator (muscle) of scapula
56873|musculus levator anguli scapulae
87327|torus levatorius
56875|musculus levator veli palatini
56875|(elevator) muscle of soft palate
56875|levator palati (muscle)
56875|musculus levator palati
56875|musculus petrostaphylinus
56866|elevator muscle of rib
56866|musculus levator costae
56867|musculi levatores costarum breves
56867|short levatores costarum (muscles)
56865|musculi levatores costarum longi
56865|long levatores costarum (muscles)
16571|quality control chart
49224|Citrobacter amalonaticus
49225|Citrobacter diversus
49226|Citrobacter diversus
49235|levotorsion2
49236|sinistrotorsion
49238|l-dopa
49243|levorotatory
49245|sinistrotorsion
49246|levogyrate
49246|levogyrous
49247|sinistrotorsion
49247|levoclination
49250|fructosan1
49251|levulinic acid
49252|fructosan1
49254|levulic acid
49255|fructosan1
49257|fructosemia
49258|fructosuria
23503|diffuse Lewy body disease
8203|pseudotabes
21734|Charcot-Leyden crystals
27534|limb-girdle muscular dystrophy
94904|interstitial cell tumor of testis
15693|interstitial cells1
49287|releasing factors
49289|erotization
29047|atypical verrucous endocarditis
29047|Libman-Sacks syndrome
29047|nonbacterial verrucous endocarditis
88481|Libman-Sacks endocarditis
61881|licensed vocational nurse
61882|licensed practical nurse
3193|lichenoid amyloidosis
49303|papular mucinosis
49310|actinic lichen planus
49312|atrophic lichen planus
49314|lichen planus verrucosus
49315|lichen planus hypertrophicus
46927|lichenoid keratosis
49318|papular tuberculid
49323|moss starch
3194|amyloidosis cutis
3194|lichen amyloidosis
27891|chronic eczema
46926|lichen planus-like keratosis
33287|filigree burn
34079|filigree burn
49325|glycyrrhiza
49326|eyelid
83331|Masselon spectacles
76817|corneal reflex1
76177|eye-closure pupil reaction
76818|myotatic reflex
49332|fetal attitude
49343|polygraph2
34410|intestinal glands
34410|under gland
37154|intestinal glands
76178|Liebermann-Burchard test
90632|Liebermann-Burchard reaction
49344|spleen
49345|accessory spleen
49346|floating spleen
49347|accessory spleen
49349|splenic
7234|splenic artery
49350|accessory spleen
49352|splenomyelogenous
49353|splenomyelogenous
49354|splenopancreatic
49617|phrenicosplenic ligament
49355|splenorenal
49618|splenorenal ligament
49358|accessory spleen
11003|trigone of bladder
93662|trigone of bladder
93934|trigone of bladder
96356|uvula of bladder
44866|sexual instinct
15000|anular cataract
49372|ligamentum
49534|ligamentum capitis femoris
49534|ligamentum teres femoris
49534|round ligament of femur
49615|ligamentum venae cavae sinistrae
49657|ligamentum ovarii proprium
49657|ligamentum uteroovaricum
49657|ovarian ligament
49657|proper ligament of ovary
49860|alar ligaments
49860|under ligament
49867|anular ligaments of trachea
49867|under ligament
49876|ligaments of auricle
49876|under ligament
49898|carpometacarpal ligaments (dorsal and palmar)
49898|under ligament
49897|dorsal carpometacarpal ligaments
49897|under ligament
49899|palmar carpometacarpal ligaments
49899|under ligament
49927|costoxiphoid ligaments
49927|under ligament
49933|cruciform part of fibrous digital sheaths of hand and foot
49934|cruciate ligaments of knee
49934|under ligament
49941|cuboideonavicular ligaments
49941|under ligament
49943|plantar cuboideonavicular ligaments
49943|under ligament
49948|cuneometatarsal interosseous ligaments
49948|under ligament
49949|dorsal cuneonavicular ligaments
49949|under ligament
49950|plantar cuneonavicular ligaments
49950|under ligament
49955|ligaments of epididymis (inferior and superior)
49955|under ligament
49958|extracapsular ligaments
49958|under ligament
49959|extraperitoneal ligament (of abdomen or pelvis)
49962|yellow ligament
49970|glenohumeral ligaments
49970|under ligament
49972|peritoneal attachments of liver
49972|under attachment
49989|intercarpal ligaments
49989|under ligament
49994|intercostal membranes
49994|under membrane
49995|intercuneiform ligaments
49995|under ligament
50002|intracapsular ligaments
50002|under ligament
50016|longitudinal ligaments
50016|under ligament
50028|meniscofemoral ligaments
50028|under ligament
50033|dorsal metacarpal ligaments
50033|under ligament
50034|interosseous metacarpal ligaments
50034|under ligament
50035|palmar metacarpal ligaments
50035|under ligament
50038|dorsal metatarsal ligaments
50038|under ligament
50039|metatarsal interosseous ligaments
50039|under ligament
50040|plantar metatarsal ligaments
50040|under ligament
50045|ligaments of auditory ossicles
50045|under ligament
50046|ligaments of auditory ossicles
50046|under ligament
50048|palmar ligaments
50048|under ligament
50049|palmar ligaments of interphalangeal joints of hand
50049|under ligament
50050|palmar ligaments of metacarpophalangeal joints
50050|under ligament
50068|plantar ligaments
50068|under ligament
50069|plantar ligaments of interphalangeal joints of foot
50069|under ligament
50070|plantar ligaments of metatarsophalangeal joints
50070|under ligament
50110|sternoclavicular ligaments
50110|under ligament
50114|radiate sternocostal ligaments
50114|under ligament
50115|sternopericardial ligaments
50115|under ligament
50119|suspensory ligaments of breast
50119|under ligament
50139|tarsal ligaments
50139|under ligament
50140|dorsal tarsal ligaments
50140|under ligament
50141|tarsal interosseous ligaments
50141|under ligament
50142|plantar tarsal ligaments
50142|under ligament
50143|tarsometatarsal ligaments
50143|under ligament
50144|dorsal tarsometatarsal ligaments
50144|under ligament
50145|plantar tarsometatarsal ligaments
50145|under ligament
50158|anular ligaments of trachea
50158|under ligament
50162|transverse ligaments of vertebral column
50162|under ligament
49404|ligamenta ossiculorum auditus
49404|ligamenta ossiculorum auditorium
49405|ligamenta auricularia
49405|ligamentum auriculare anterius
49405|ligamentum auriculare posterius
49405|ligamentum auriculare superius
49405|auricular ligaments
49405|Valsalva ligaments
49503|ligamenta epididymidis (inferius et superius)
49858|ligament
49859|acromioclavicular ligament
49861|anococcygeal body
49862|anular ligament
49863|trabecular tissue of sclera
49864|anular part of fibrous digital sheath of digits of hand and foot
49865|anular ligament of radius
49866|anular ligament of stapes
49868|apical ligament of dens
49869|lateral arcuate ligament
49870|medial arcuate ligament
49871|median arcuate ligament
49872|inferior pubic ligament
49873|arterial ligament
49873|Botallo ligament
49874|anterior atlantooccipital ligament
49875|lateral atlantooccipital ligament
49877|bifurcate ligament
49878|calcaneocuboid ligament
49880|plantar calcaneocuboid ligament
49881|calcaneofibular ligament
49882|calcaneonavicular ligament
49883|plantar calcaneonavicular ligament
49884|tibiocalcaneal part of medial ligament of ankle joint
49885|intraarticular ligament of head of rib
49886|radiate ligament of head of rib
49887|ligament of head of femur
49888|anterior ligament of fibular head
49889|posterior ligament of fibular head
49891|capsular ligament
49892|cardinal ligament
49893|extensor retinaculum
49894|radiate carpal ligament
49895|flexor retinaculum of hand
49896|flexor retinaculum of hand
49900|retinaculum caudale
49901|ceratocricoid ligament
49902|collateral ligaments
49902|under ligament
49907|radial collateral ligament of wrist joint
49908|fibular collateral ligament
49909|lateral ligament of ankle
49910|medial ligament of ankle joint
49911|radial collateral ligament of elbow joint
49912|tibial collateral ligament
49913|ulnar collateral ligament of elbow joint
49914|costotransverse ligament
49915|conoid ligament
49916|coracoacromial ligament
49917|coracoclavicular ligament
49918|coracohumeral ligament
49919|cricopharyngeal ligament
49920|coronary ligament of liver
49921|costoclavicular ligament
49922|costotransverse ligament
49923|superior costotransverse ligament
49924|lateral costotransverse ligament
49925|lateral costotransverse ligament
49926|superior costotransverse ligament
49928|acetabular labrum
49929|cricoarytenoid ligament
49930|cricopharyngeal ligament
49931|median cricothyroid ligament
49932|cricotracheal ligament
49935|anterior cruciate ligament
49936|cruciate ligament of the atlas
49937|inferior extensor retinaculum
49938|posterior cruciate ligament
49939|posterior meniscofemoral ligament
49940|cruciate ligament of the atlas
49942|dorsal cuboideonavicular ligament
49944|cuneocuboid ligaments
49944|under ligament
49945|dorsal cuneocuboid ligament
49946|cuneocuboid interosseous ligament
49947|plantar cuneocuboid ligament
49951|medial ligament of ankle joint
49952|denticulate ligament
49953|ligamentum venosum
49954|duodenorenal ligament
49956|inferior ligament of epididymis
49957|superior ligament of epididymis
49960|falciform process of sacrotuberous ligament
49961|falciform ligament of liver
49963|fundiform ligament of clitoris
49964|fundiform ligament of penis
49965|gastrocolic ligament
49966|gastrosplenic ligament
49967|gastrophrenic ligament
49968|gastrosplenic ligament
49969|genitoinguinal ligament
49971|glenoid labrum of scapula
49973|hepatocolic ligament
49974|hepatoduodenal ligament
49975|hepatoesophageal ligament
49976|hepatogastric ligament
49977|hepatophrenic ligament
49978|hepatorenal ligament
49979|hyalocapsular ligament
49980|hyoepiglottic ligament
49981|lateral thyrohyoid ligament
49982|median thyrohyoid ligament
49983|iliofemoral ligament
49984|iliolumbar ligament
49985|iliopectineal arch
49986|posterior ligament of incus
49987|superior ligament of incus
49988|inguinal ligament
49993|interclavicular ligament
49999|interfoveolar ligament
50000|interspinous ligament
50001|intertransverse ligament
50003|ischiofemoral ligament
50004|ischiofemoral ligament
50005|cricopharyngeal ligament
50006|flexor retinaculum of lower limb
50007|lacunar ligament
50008|lateral ligament of temporomandibular joint
50009|lateral pubovesical ligament
50010|lateral ligament of bladder
50011|pulmonary ligament
50012|broad ligament of the uterus
50013|splenorenal ligament
50014|anterior longitudinal ligament
50015|posterior longitudinal ligament
50017|lumbocostal ligament
50018|anterior ligament of malleus
50019|lateral ligament of malleus
50020|superior ligament of malleus
50022|anterior tibiotalar part of medial ligament of ankle joint
50023|medial ligament of ankle joint
50024|medial ligament of temporomandibular joint
50025|pubovesical ligament (of male)
50026|medial pubovesical ligament
50027|posterior meniscofemoral ligament
50029|anterior meniscofemoral ligament
50030|posterior meniscofemoral ligament
50031|deep transverse metacarpal ligament
50032|superficial transverse metacarpal ligament
50036|deep transverse metatarsal ligament
50037|superficial transverse metatarsal ligament
50041|superficial transverse metacarpal ligament
50043|nuchal ligament
50043|apparatus ligamentosus colli
50044|anular ligament of radius
50047|ligament of ovary
50051|lateral palpebral ligament
50052|lateral palpebral ligament
50053|medial palpebral ligament
50054|pancreaticocolic ligament
50055|pancreaticosplenic ligament
50056|patellar ligament
50060|pectineal ligament
50061|phrenicocolic ligament
50062|phrenicoesophageal ligament
50063|phrenicosplenic ligament
50064|phrenicosplenic ligament
50065|pisohamate ligament
50066|pisometacarpal ligament
50067|long plantar ligament
50071|arcuate popliteal ligament
50072|oblique popliteal ligament
50073|pterygospinous ligament
50074|inferior pubic ligament
50075|superior pubic ligament
50076|pubofemoral ligament
50077|pubocervical ligament
50078|pubofemoral ligament
50079|puboprostatic ligament
50082|pubovesical ligament (of female)
50083|pubovesical ligament (of male)
50084|pulmonary ligament
50085|quadrate ligament
50086|radiate ligament of head of rib
50087|dorsal radiocarpal ligament
50088|palmar radiocarpal ligament
50089|reflected inguinal ligament
50090|anterior sacrococcygeal ligament
50091|deep posterior sacrococcygeal ligament
50092|superficial posterior sacrococcygeal ligament
50093|lateral sacrococcygeal ligament
50094|superficial posterior sacrococcygeal ligament
50095|anterior sacrococcygeal ligament
50096|sacrodural ligament
50097|anterior sacroiliac ligaments
50097|under ligament
50098|interosseous sacroiliac ligaments
50098|under ligament
50099|posterior sacroiliac ligaments
50099|under ligament
50100|sacrospinous ligament
50101|sacrospinous ligament
50102|sacrotuberous ligament
50103|sacrotuberous ligament
50104|serous ligament
50105|sphenomandibular ligament
50106|spiral ligament of cochlear duct
50107|spiral ligament of cochlear duct
50108|splenicocolic ligament
50109|splenorenal ligament
50111|anterior sternoclavicular ligament
50112|posterior sternoclavicular ligament
50113|intraarticular sternocostal ligament
50116|stylohyoid ligament
50117|stylomandibular ligament
50118|supraspinous ligament
50120|suspensory ligament of axilla
50121|suspensory ligament of eyeball
50122|suspensory ligament of clitoris
50123|suspensory muscle of duodenum
50124|suspensory ligament of thyroid gland
50125|suspensory ligament of ovary
50126|suspensory ligament of penis
50128|talocalcaneal interosseous ligament
50127|talocalcaneal ligament
50129|lateral talocalcaneal ligament
50130|medial talocalcaneal ligament
50131|posterior talocalcaneal ligament
50132|anterior talofibular ligament
50133|posterior talofibular ligament
50134|talonavicular ligament
50135|anterior tibiotalar part of medial ligament of ankle joint
50136|tibiotalar part of medial ligament of ankle joint
50137|lateral palpebral ligament
50138|medial palpebral ligament
50146|lateral ligament of temporomandibular joint
50147|ligament of head of femur
50148|round ligament of liver
50149|round ligament of uterus
50151|thyroepiglottic ligament
50152|lateral thyrohyoid ligament
50153|median thyrohyoid ligament
50154|anterior tibiofibular ligament
50155|interosseous membrane of leg
50156|posterior tibiofibular ligament
50157|tibionavicular part of medial ligament of ankle joint
50159|cardinal ligament
50160|transverse acetabular ligament
50161|transverse ligament of the atlas
50163|superior extensor retinaculum
50164|transverse ligament of knee
50165|transverse humeral ligament
50166|transverse perineal ligament
50167|transverse perineal ligament
50168|inferior transverse scapular ligament
50169|superior transverse scapular ligament
50170|trapezoid ligament
50171|perineal membrane
50172|right triangular ligament of liver
50173|left triangular ligament of liver
50174|lateral costotransverse ligament
50175|dorsal ulnocarpal ligament
50176|palmar ulnocarpal ligament
50177|lateral umbilical ligament
50178|cord of umbilical artery
50179|median umbilical ligament
50180|ligament of ovary
50181|ligament of left vena cava
50182|Arantius ligament
50182|ligamentum ductus venosi
50182|venous ligament
50183|vestibular ligament
50184|vestibular ligament
50185|vocal ligament
50192|glutathione S-transferase
1044|photopic adaptation
15694|C cell2
16432|L chain
24749|brightness difference threshold
76819|pupillary reflex
76819|eye reflex
76819|fundus reflex
82494|dysnystaxis
93477|phototherapy
77553|light-cured resin
31271|photopic eye
77554|light-activated resin
26127|pupillary light-near dissociation
48793|Fresnel lens
85692|Riedel thyroiditis
91995|Riedel thyroiditis
50227|n-tetracosanoic acid
50232|member
50241|crus of helix
27535|Leyden-Möbius muscular dystrophy
27535|pelvofemoral muscular dystrophy
27535|scapulohumeral muscular dystrophy
5799|motor apraxia
50276|palpebral margins
50276|under margin
51061|lobus limbicus
89320|visceral brain
50237|bony limbs of semicircular canals
50266|acetabular margin
50267|alveolar arch of mandible
50267|alveolar arch of maxilla
50268|anterior palpebral margin
50270|corneoscleral junction
50272|border of oval fossa
50272|anulus ovalis
50272|margin of fossa ovalis
50272|Vieussens anulus
50272|Vieussens isthmus
50272|Vieussens limbus
50272|Vieussens ring
50273|spiral limbus
50274|limbus of tympanic membrane
50269|corneoscleral junction
50280|limbus sphenoidalis
50284|limbus membranae tympani
50277|brush border
50278|posterior palpebral margin
50279|limbus of sphenoid (bone)
50282|spiral limbus
50283|striated border
50286|calcium oxide
50286|calx1
50291|threshold
50293|threshold of island of Reil
50294|threshold of nose
85091|threshold stimulus
93155|threshold trait
24241|dextrin limit
24244|α-dextrin endo-1
24244|6-α-glucosidase
24244|oligo-α-1
24244|6-glucosidase
26110|functional neck dissection
4174|critical angle
53933|membrana limitans1
86401|sulcus limitans
86402|sulcus limitans ventriculi quarti
86403|circular sulcus of insula
50310|chronic malaria
50313|lemon
25621|von Hippel-Lindau syndrome
94905|hemangioblastoma
50324|linea
50506|soleal line
50342|band of Kaes-Bechterew
50388|occipital stripe
50388|stria occipitalis
50388|occipital line
50388|Gennari band
50388|Gennari stria
50388|stripe of Gennari
50423|band of Kaes-Bechterew
50532|visual axis
50540|line
50541|Hunter line
50542|anocutaneous line
50543|anocutaneous line
50544|arcuate line
50545|arcuate line of ilium
50546|arcuate line of rectus sheath
50547|rough line of femur
50549|anterior axillary line
50550|midaxillary line
50551|posterior axillary line
50552|arcus senilis
50554|epiphysial line
50559|intercondylar line of femur
50560|intermediate zone of iliac crest
50561|interspinal line
50562|intertrochanteric line
50563|intertubercular line
50564|mammillary line
50565|anterior median line
50566|posterior median line
50567|midaxillary line
50567|midaxillary line
50568|midclavicular line
50569|soleal line
50570|mylohyoid line
50571|black line
50572|inferior nuchal line
50573|external occipital crest
50574|superior nuchal line
50575|highest nuchal line
50576|oblique line
50577|oblique line of thyroid cartilage
50578|oblique line of mandible
50579|parasternal line
50580|paravertebral line
50581|pectinate line
50582|pectineal line of femur
50583|soleal line
50584|posterior axillary line
50584|posterior axillary line
50585|anterior axillary line
50585|anterior axillary line
50586|scapular line
50587|arcuate line of rectus sheath
50588|semilunar line
50588|Spigelius line
50589|spiral line of femur
50590|Haller line
50591|sternal line
50592|subcostal line
50593|lateral supracondylar line
50594|medial supracondylar line
50595|supracrestal line
50596|inferior temporal line of parietal bone
50597|temporal line of frontal bone
50598|superior temporal line of parietal bone
50599|linea terminalis pelvis
50599|iliopectineal line
50599|terminal line
50600|linea terminalis of pelvis
50602|trapezoid line
50548|striae cutis distensae
50548|under stria
50553|tension lines
50553|under line
50556|gluteal lines
50556|under line
50601|transverse ridges of sacrum
50601|under ridge
3100|circular amputation
8458|striae cutis distensae
8458|under stria
60393|nevus unius lateris
35345|longitudinal fracture
25622|chronic bullous dermatosis of childhood
80201|morphea linearis
50489|calcification lines of Retzius
50538|striae of Zahn
70184|double-reciprocal plot
50613|Acinetobacter
50614|Acinetobacter calcoaceticus
50615|tongue1
50615|tongue2
50616|lingula of cerebellum
50617|fissured tongue
50619|geographic tongue
50620|black tongue
50621|fissured tongue
50622|glossal
5565|aponeurosis linguae
7235|arteria lingualis
11268|hyoid bone
12009|ramus lingualis nervi facialis
12008|rami linguales
34411|folliculi linguales
34411|under folliculus
35512|frenulum of tongue
64850|lingual interdental papilla
64850|lingual papillae2
37155|glandulae linguales
38901|gyrus lingualis
38901|gyrus occipitotemporalis medialis
38901|medial occipitotemporal gyrus
64851|lingual gingival papilla
51062|cingulum of tooth
51792|nodi lymphoidei linguales
56361|mucosa of tongue
56876|muscles of tongue
59446|nervus lingualis
62118|linguoclusion
64849|papillae of tongue
64849|lingual gingival papilla
69547|linguoplate
69872|periarterial plexus of lingual artery
23831|Stafne bone cyst
23831|static bone cyst
81084|septum linguae
81084|septum of tongue
86945|facies lingualis dentis
92496|tonsilla lingualis
97353|vena lingualis
27282|tardive dyskinesia
50624|Linguatula serrata
50625|Linguatula rhinaria
50630|lingula of cerebellum
50634|lingula of mandible
50631|lingula cerebelli
50631|alae lingulae cerebelli
50631|lingua cerebelli
50631|tongue of cerebellum
50632|lingula pulmonis sinistri
50633|lingula mandibulae
50633|mandibular tongue
50633|Spix spine
50635|lingula of left lung
50637|sphenoidal lingula
97354|vena lingularis
97354|ramus lingularis venae pulmonis sinistrae superioris
78585|linguogingival ridge
50642|lingual occlusion1
94260|truncus linguofacialis
78586|linguocervical ridge
50647|lingual plate
15695|littoral cell
89321|binary nomenclature
89321|binomial nomenclature
50666|linolic acid
50668|linoleic acid
50669|flaxseed
50670|flaxseed oil
50674|labium1
76271|speech reading
86404|labial sulcus
50701|pancrelipase
50703|triacylglycerol lipase
50706|hyperlipoidemia
50706|lipidemia
50706|lipoidemia
38386|xanthomatosis
70370|oil pneumonia
41501|lipotropin
50720|lipemia
50734|dihydrolipoamide dehydrogenase
50736|dihydrolipoamide dehydrogenase
50739|dihydrolipoamide S-acetyltransferase
50740|lipoatrophy
24332|lipoatrophy
50743|Lawrence-Seip syndrome
50743|lipoatrophia
50743|lipoatrophic diabetes
50751|adipoceratous
50752|adipocere
50754|Hurler syndrome
50755|chromolipid
50756|lipolysis
50757|lipolytic
50760|fat-storing cell
50762|lipolysis
50763|lipodystrophy
50764|progressive lipodystrophy
50765|cellulite2
50765|lipodystrophia
50782|adipogenesis
50783|adipogenic
50783|adipogenous
50783|lipogenous
50784|lipogenic
50785|eleoma
50785|oil tumor
50785|oleogranuloma
50785|oleoma
50789|acetate replacement factor
50789|ovoprotogen
50789|protogen
50789|protogen A
50789|pyruvate oxidation factor
50789|thioctic acid
50790|adipoid
59244|minimal-change disease
59244|nil disease
73065|hyalinosis cutis et mucosae
73065|lipoidosis cutis et mucosae
73065|Urbach-Wiethe disease
91266|Meyer-Overton theory of narcosis
50791|lipemia
50794|arcus senilis
50795|lipoid proteinosis
50799|lipoclasis
50799|lipodieresis
50800|lipoclastic
50801|adipose tumor
50806|angiolipoma
50807|fibrolipoma
50808|myxolipoma
50815|adiposis
50819|adiposis dolorosa
42704|lipomatous infiltration
44430|lipomatous hypertrophy
50822|mucolipidosis I
50825|carotene oxidase
50825|lipoxidase
50836|phospholipase C
50837|phospholipase D
50846|diacylglycerol lipase
50846|diglyceride lipase
50847|deer ked
50849|adiposis
50850|inositol
31719|choline
41502|lipotropin
50863|lipid-mobilizing hormone
50863|lipotropic hormone
50863|lipotropic pituitary hormone
50866|vitellin
50869|lipooxygenase
50871|dihydrolipoamide dehydrogenase
50873|blear eye
50690|labia oris
15696|centrocyte1
50875|adiposuria
31142|fluidextract
65011|mineral oil
67556|mineral oil
69121|pine tar
50884|amnionic fluid
50885|cerebrospinal fluid
50886|perilymph
50896|glycyrrhiza
60707|Sakurai-Lisch nodule
3101|Lisfranc operation
46391|tarsometatarsal joints
49619|cuneometatarsal interosseous ligaments
62854|Lisfranc amputation
94520|scalene tubercle
50901|parasigmatism
50901|sigmatism
50902|sulforhodamine B
12792|dorsolateral fasciculus
19158|dorsolateral fasciculus
32210|dorsolateral fasciculus
100494|dorsolateral fasciculus
92966|dorsolateral fasciculus
50904|agyria
50906|agyria
50908|smooth muscular sphincter
54829|listerism
94521|dorsal tubercle of radius
54113|listeriosis
50916|listeria meningitis
50917|Lister method
1827|absolute agraphia
50925|lead monoxide
50926|lithotomy
50931|uric acid
50940|lithotrite
50957|lithectomy
71334|dorsosacral position
50968|lithotrity
50977|lithoclast
50978|lithotripsy
50983|brood1
6204|Kiesselbach area
25623|congenital spastic paraplegia
33425|digitus (manus) minimus
33425|digitus auricularis
33425|digitus (manus) quintus [V]
33425|fifth finger
35051|fossa of round window
35052|fossa of oval window
39373|capitulum of humerus
28214|Little Leaguer's elbow
28215|little league elbow
92340|digitus (pedis) minimus [V]
92340|digitus (pedis) quintus [V]
15697|lining cell
37156|urethral glands of male
40568|parietal hernia
62045|posterior asynclitism
50990|dermatopathia pigmentosa reticularis
50995|hepar
721|Rappaport acinus
12284|fetor hepaticus
12661|hepatic diverticulum
14353|hepatocellular carcinoma
31721|folic acid2
86639|sulfurated potash
84125|senile lentigo
84648|glycogen
51015|lye
26530|initial dose
12508|bronchi lobares
12508|bronchus lobaris medius
12508|bronchus lobaris superior
12508|bronchus lobaris inferior
80244|Pick atrophy
51042|lobose
51042|lobous
51043|lobus
51076|lobus prostatae
51090|asthma-weed1
51090|wild tobacco
51064|lobi glandulae mammariae
51087|lobi glandulae thyroideae
51178|cerebral lobes
51184|lobes of mammary gland
51184|under lobe
51185|lobes of thyroid gland
51185|under lobe
51203|kidney lobes
51203|under lobe
25624|lobomycosis
51097|Lobo disease
51099|lobate
36169|thoracic splanchnic ganglion
39731|pyogenic granuloma
14355|noninfiltrating lobular carcinoma
37541|membranoproliferative glomerulonephritis
59106|noninfiltrating lobular carcinoma
51107|lobulus
51111|lobulus auriculae
51111|ear lobe
51125|lobuli lobi prostatae (dexter et sinistri)
51119|lobuli epididymidis
51119|coni epididymidis
51119|conical lobules of epididymis
51119|coni vasculosi
51119|Haller cones
51119|vascular cones
51124|lobulus hepatis
51124|hepatic lobule
51126|lobuli glandulae mammariae
51141|lobuli testis
51142|lobuli thymi/thymici
51143|lobuli glandulae thyroideae
51154|lobules of epididymis
51154|under lobule
51157|lobules of mammary gland
51157|under lobule
51158|lobules of thyroid gland
51158|under lobule
51161|lobules of (right and left) lobes of prostate
51161|under lobule
51171|lobules of testis
51171|under lobule
51172|lobules of thymus
51172|under lobule
51145|lobule
51146|lobule of auricle
51147|biventer lobule
51148|biventer lobule
51149|central lobule of cerebellum
51150|declive
51151|cortical lobules of kidney
51151|under lobule
51152|culmen
51153|biventer lobule
51156|fusiform gyrus
51159|gracile lobule
51160|lobules of liver
51160|under lobule
51162|paracentral lobule
51163|gracile lobule
51164|inferior parietal lobule
51165|superior parietal lobule
51166|quadrangular lobule
51167|quadrangular lobule
51167|precuneus
51168|inferior semilunar lobule
51169|superior semilunar lobule
51170|simple lobule
51173|lobe
51174|adenohypophysis
51175|Riedel lobe
51176|azygos lobe of right lung
51177|posterior hepatic segment I
51180|right lobe
51181|cingulate gyrus
51182|flocculonodular lobe
51183|frontal lobe of cerebrum
51186|adenohypophysis
51187|right lobe of liver
51188|left lobe of liver
51189|inferior lobe of (left/right) lung
51190|insular lobe
51190|lobus insularis
51190|insular part
51190|pars insularis
51191|lobus insula
51192|limbic lobe
51193|Riedel lobe
51194|middle lobe of prostate
51195|middle lobe of right lung
51196|neurohypophysis
51197|occipital lobe of cerebrum
51198|parietal lobe of cerebrum
51199|neurohypophysis
51200|lobe of prostate
51201|pyramidal lobe of thyroid gland
51202|quadrate lobe of liver
51204|left lobe
51205|superior lobe of (right/left) lung
51206|temporal lobe
29793|focal epilepsy
37542|segmental glomerulonephritis
76180|focal reaction
29794|myoclonus epilepsy
29794|focal epilepsy
90220|giant cell tumor of tendon sheath
63718|monostotic fibrous dysplasia
67329|circumscribed peritonitis
80202|morphea
28266|active electrode
51227|lochiorrhea
51228|lochiorrhagia
33426|trigger finger
85111|locking suture
46219|trismus
31357|dislocation of articular processes
88484|pseudocoma
87238|lock stitch
51234|trismus
49620|suspensory ligament of eyeball
51237|locomotor
51238|locomotive
51238|locomotory
51241|locomotor
88485|Froin syndrome
51246|locum tenens
51247|locum tenant
51249|locus cinereus
51249|locus ferrugineus
51249|substantia ferruginea
51250|locus caeruleus
51254|locus caeruleus
51257|substantia nigra
51258|anterior perforated substance
51259|posterior perforated substance
38761|algaroba
9134|Corynebacterium diphtheriae
12793|tectospinal tract
92967|tectospinal tract
51276|logopedics
51277|logopedia
51279|explosive speech
48943|Baehr-Lohlein lesion
51283|Calabar swelling
51283|fugitive swelling
51284|lumbus
51287|CCNU
56877|abductor pollicis longus (muscle)
56878|adductor longus (muscle)
32900|fibrae associationes longae
8961|cephalocaudal axis
11269|os longum
11269|pipe bone
59447|buccal nerve
7237|medial striate artery
59448|nervus ciliaris longus
18712|Long formula
21581|long limb of incus
56879|extensor hallucis longus (muscle)
56880|extensor pollicis longus (muscle)
56881|extensor digitorum longus (muscle)
56882|fibularis longus (muscle)
56883|flexor hallucis longus (muscle)
56885|flexor digitorum longus (muscle)
56884|flexor pollicis longus (muscle)
34894|Long coefficient
38903|gyrus longus insulae
39374|caput longum
56891|levatores costarum longi (muscles)
50246|crus longum incudis
50246|long crus of incus
56886|longus capitis (muscle)
56892|longus colli (muscle)
56893|palmaris longus (muscle)
56894|fibularis longus (muscle)
49622|ligamentum plantare longum
7238|arteriae ciliares posteriores longae
72295|anterior process of malleus
74000|sustained pulse
56895|extensor carpi radialis longus (muscle)
78923|nasociliary root of ciliary ganglion
59449|saphenous nerve
97355|great saphenous vein
81779|hyperopia
59450|thoracodorsal nerve
7239|lateral thoracic artery
59451|nervus thoracicus longus
59451|Bell respiratory nerve
59451|external respiratory nerve of Bell
59451|posterior thoracic nerve
98663|vinculum longum of fingers
51290|acyl-activating enzyme1
51290|dodecanoyl-CoA synthetase
51291|macrobiosis
56887|musculus longissimus
56888|musculus longissimus capitis
56888|musculus complexus minor
56888|musculus trachelomastoideus
56888|musculus transversalis capitis
56889|musculus longissimus cervicis
56889|cervical longissimus muscle
56889|musculus transversalis cervicis
56889|musculus transversalis colli
56890|musculus longissimus thoracis
56890|musculus longissimus dorsi
56890|thoracic longissimus muscle
51292|longitudinalis
6001|arcus pedis longitudinalis
9386|fasciculi longitudinales ligamenti cruciformis atlantis
13671|canales longitudinales modioli
13671|central canals of cochlea
33565|fissura longitudinalis cerebri
33565|great longitudinal fissure
26853|ductus longitudinalis epoophori
26853|Gartner canal
26853|Gartner duct
34299|plica longitudinalis duodeni
35347|fissured fracture
35347|linear fracture
48389|stratum longitudinale tunicae muscularis
48390|stratum longitudinale tunicae muscularis urethrae femininae
48391|stratum longitudinale tunicae muscularis gastricae
48392|stratum longitudinale tunicae muscularis partis intermediae urethrae masculinae
48388|stratum longitudinale tunicae muscularis intestini tenuis
48388|stratum helicoidale longi gradus
49621|ligamenta longitudinalia
66567|anthropoid pelvis
12794|longitudinal pontine fasciculi
12794|under fasciculus
32217|fasciculi longitudinales pontis
32217|longitudinal pontine bundles
32901|fibrae pontis longitudinales
77360|spin-lattice relaxation
77360|spin-spin relaxation
85726|diachronic study
82264|sinus vertebrales longitudinales
51293|longitudinal1
51294|ectomorph
56896|musculus longus capitis
56896|long muscle of head
56896|musculus rectus capitis anticus major
56897|musculus longus colli
56897|long muscle of neck
72205|loop excision
30883|loop electrosurgical excision procedure
30883|loop resection
51310|ansa cervicalis
77503|loop excision
51317|ansae nervorum spinalium
14727|floating cartilage
92239|textus connectivus laxus abdominis
92240|textus connectivus laxus tela
82463|dermatochalasis
50432|Looser zones
100495|Looser lines
100495|under line
27596|outstanding ear
51325|bat ear
51328|lophotrichous
51329|lophotrichate
25626|idiopathic infantilism
27101|pituitary dwarfism
44333|pituitary dwarfism
88490|pituitary dwarfism
51332|hollow back
51332|saddle back
51334|cervical lordosis
51335|cervical lordosis
51336|lumbar lordosis
25627|amyotrophic lateral sclerosis
4176|sternal angle
88491|ataxia telangiectasia
95315|epidemic typhus
51351|pediculous
4177|Lovibond profile sign
81970|Lovibond angle
94906|borderline ovarian tumor
1687|low osmolar contrast medium
1687|nonionic contrast agent
53504|low osmolar contrast agent
88495|salt depletion syndrome
79691|fibromyxoid type fibrosarcoma
79691|hyalinizing spindle cell tumor with giant rosettes
37405|normal-tension glaucoma
88492|oculocerebrorenal syndrome
88493|oculocerebrorenal syndrome
53503|Lowenstein-Jensen medium
53502|Lowenstein-Jensen culture medium
51356|inferior
76822|Galant reflex
70586|infradentale
5938|mandibular dental arcade
31227|lower limb
31296|inferior eyelid
39375|caput inferius musculi pterygoidei lateralis
39375|inferior head of lateral pterygoid (muscle)
46220|mandible
49328|inferior eyelid
50247|inferior member
50247|membrum inferius
50247|inferior limb
50247|lower extremity
50247|pelvic limb
50688|labium inferius oris
51063|inferior lobe of (left/right) lung
70700|inferior pole
70701|extremitas inferior testis
70701|inferior pole of testis
70701|polus inferior testis
82555|bronchoscopic smear
82555|sputum smear
78718|(right and left) fibrous rings of heart
94522|intervenous tubercle (of right atrium)
7241|arteriae lumbales imae
59452|least splanchnic nerve
7242|thyroid ima artery
7999|Lowry-Folin assay
7998|Lowry protein assay
51364|troche
62856|Caldwell-Luc operation
38535|stria spinosa
51403|clarification
51411|Phaenicia sericata
48866|Lucio leprosy phenomenon
67971|Lucio leprosy
4178|sternal angle
47481|convoluted part of kidney lobule
59453|aortic nerve
51424|syphilis
51425|syphilitic
94261|trunci (lymphatici) lumbales
69874|plexus (nervorum) lumbalis
7243|arteriae lumbales
12011|ramus lumbalis arteriae iliolumbalis
17871|cisterna lumbalis
34011|lumbar lordosis
36172|ganglia lumbalia
56899|iliocostalis lumborum (muscle)
56900|interspinales lumborum (muscles)
51337|lordosis lumbalis
51337|lumbar flexure
51794|nodi lymphoidei lumbales
69873|plexus lymphaticus lumbalis
59454|nervi lumbales
65920|pars lumbalis diaphragmatis
65920|vertebral part of diaphragm
65921|lumbar segments L1–L5 of spinal cord
65921|pars lumbalis medullae spinalis
65921|segmenta lumbalia L1–L5
65921|segmenta lumbalia medullae spinalis
74130|Quincke puncture
74130|rachicentesis
74130|rachiocentesis
74130|spinal puncture
74130|spinal tap
59007|spinal needle
56901|quadratus lumborum (muscle)
77187|regio lumbalis
56902|rotatores lumborum (muscles)
80604|lumbar part of spinal cord
80605|segmenta medullae spinalis lumbaria L1–L5
59455|nervi splanchnici lumbales
93663|inferior lumbar triangle
97357|venae lumbales
98322|vertebrae lumbales [LI–LV]
49623|ligamentum lumbocostale
93664|trigonum lumbocostale diaphragmatis
93664|Bochdalek gap
93664|vertebrocostal trigone
32055|thoracolumbar fascia
51440|lumboinguinal
51441|lumboiliac
51443|sacrolumbar
69875|plexus (nervosus) lumbosacralis
94262|truncus lumbosacralis
29310|intumescentia lumbosacralis
29310|lumbosacral enlargement of spinal cord
29311|lumbosacral enlargement
46392|articulatio lumbosacralis
46392|junctura lumbosacralis
43969|posterior nephrectomy
51444|lumbricoid1
56903|musculus lumbricalis pedis
56904|musculus lumbricalis manus
51448|lumbrical
51448|lumbricus1
51450|lumbricoid1
51451|loin
51459|luminalis
51460|luminal
44972|candle-power
44972|radiant intensity
46221|actinomycosis
51471|lunate1
51471|semilunar
51472|toughened silver nitrate
51473|lunate (bone)
51474|lunar2
11271|os lunatum
11271|lunare
11271|os intermedium
33566|lunate sulcus
86406|lunate fissure
86406|sulcus lunatus
86406|simian fissure
86946|facies lunata acetabuli
51476|Kienböck disease
34203|Cordylobia rodhaini
51477|pulmo
12662|tracheal bud
51513|lunules of semilunar cusps of aortic/pulmonary valves
51514|lunule of nail
51515|lunules of semilunar cusps of aortic/pulmonary valves
51516|lunule of nail
51517|lunula unguis
51517|arcus unguium
51517|half-moon
51517|lunule1
51517|selene unguium
51518|sparteine
51519|lathyrism
40367|plasma cell hepatitis
48703|leishmaniasis recidivans
51521|humulin
15699|LE cell
90640|LE cell test
51532|lupus profundus
51537|lupus erythematosus profundus
12933|pharyngeal bursa
37158|glands of biliary mucosa
37157|adenoid
46393|uncovertebral joints
49624|sternopericardial ligaments
92497|adenoid
51549|luteus
23159|luteal phase deficiency
23212|luteal phase defect
67824|secretory phase of endometrial menstrual cycle
51550|lutetium
51551|xanthophyll
41504|lutropin
41506|gonadotropin-releasing hormone
31723|gonadoliberin2
41505|gonadotropin-releasing hormone
72101|lutropin
51554|luteoma
51557|progesterone
51558|xanthophyll
51559|cyanidenon
51563|luteinoma
51566|lutecium
51567|luteal
51569|interstitial cell-stimulating hormone
51569|luteinizing hormone
51569|luteinizing principle
25630|paracoccidioidomycosis
51573|Phlebotomus flaviscutellatus
51575|Phlebotomus longipalpis
51577|candle-meter
51577|meter-candle
51581|dislocation
11007|subthalamic nucleus
51597|puffball
51600|club moss
51600|vegetable sulfur
51601|lixivium
25631|staphylococcal scalded skin syndrome
88498|toxic epidermal necrolysis
11520|Lyme disease
25632|Lyme borreliosis
51604|lympha
15701|lymphocyte
20368|medullary cords1
37159|lymph node
51698|nodus lymphoideus
51698|lymphonodus
51698|nodus lymphaticus
51698|lymph gland
51698|lymphaden
51698|lymphoglandula
51705|nodus lymphoideus foraminalis
51705|foraminal lymph node
51705|foraminal node
51716|lymph node of azygos arch
51716|nodus lymphoideus arcus venae azygos
51719|lymph node of arch of azygos vein
51791|nodus lymphoideus ligamenti arteriosi
51791|node of ligamentum arteriosum
51717|anulus lymphaticus cardiae
51717|cardiac lymphatic ring
51717|lymphatic ring of cardiac part of stomach
51700|visceral lymph nodes of abdomen
51742|cubital lymph nodes
51749|nodi lymphoidei capitis et colli
51793|nodi lymphoidei membri inferioris
51881|nodi lymphoidei membri superioris
60708|lymphoid nodule
80425|elephantiasis scroti
82266|lymphatic sinus
98505|lymphatic vessels
98505|absorbent vessels
98505|lymphatics
98505|vasa lymphatica
51619|lymph
51620|lymph node
51634|Hodgkin disease
98926|human immunodeficiency virus
51645|lymphangitis
51648|lymphectasia
51648|telangiectasia lymphatica
51655|lymphangitis
51660|lymphangiomyomatosis
51661|lymphology
51663|cavernous lymphangiectasis
51665|lymphangioma simplex
51666|cystic lymphangiectasis
51667|cystic hygroma
51668|lymphangioma circumscriptum
51668|simple lymphangiectasis
51672|lymphangioleiomyomatosis
51678|lymphangeitis
51678|lymphangiitis
51680|lymphocytapheresis
51681|vas lymphaticum
34413|laryngeal lymphoid nodules
34413|under nodule
34414|folliculi lymphatici recti
34414|under folliculus
49003|lymphocytic leukemia
60709|lymphoid nodule
69876|plexus lymphaticus
78719|lymph nodes around cardia of stomach
78719|under lymph node
82267|lymph sinus
89322|lymphoid system
96783|valvula lymphatica
98506|lymph vessels
51685|lymph vessels
51685|under vessel
51690|lymphangiectasis
51694|primary lymphedema
46833|mossy foot
51885|lymphocytoblast
51953|lymphoblastoma
51887|lymphoblastic lymphoma
51890|lymphocyst
51892|lymphokinesis
51893|lymphocele
51894|lymphapheresis
51895|lymph cell
51895|lympholeukocyte
51902|lymphocytosis
98927|LCM virus
42988|lymphoid hypophysitis
70372|lymphocytic interstitial pneumonitis
70405|lymphocytic interstitial pneumonia
70405|lymphoid interstitial pneumonia
49005|lymphatic leukemia
49005|lymphoid leukemia
49097|lymphocytosis
49155|lymphopenia
91996|Hashimoto thyroiditis
51904|lymphoblast
51907|lymphopenia
51909|lymphocythemia
51909|lymphocytic leukocytosis
51913|lymphogenous1
51914|lymphogenic
51915|lymph node
51918|venereal lymphogranuloma
42989|lymphocytic hypophysitis
70373|lymphocytic interstitial pneumonitis
49006|lymphocytic leukemia
60710|folliculus lymphaticus
60710|lymph nodule
60710|lymphatic nodule
60710|nodulus lymphaticus
89323|systema lymphoideum
89323|absorbent system
89323|lymphatic system
89323|systema lymphaticum
51931|lymphocinesis
51931|lymphocinesia
51932|lymphocyte
51933|lymphangiology
51971|lymph node
51972|lymphopathy
51973|lymphopathia
51974|lymphocytic leukopenia
51974|lymphocytopenia
51954|immunocytoma
88499|X-linked lymphoproliferative syndrome
51980|lymphorrhea
51981|lymphorrhagia
98283|mossy foot
43087|lyonization
51997|Lyon hypothesis
51997|X inactivation
51997|X-inactivation
52000|lyotropic
18946|emulsoid
52001|freeze-drying
18947|suspensoid
52005|lyophilic
81177|Hofmeister series
52006|8-lysine vasopressin
52009|palmate folds of cervical canal
52009|under fold
52015|lysergic acid amide
52017|ergine
52017|lysergamide
52018|lysergide
52020|lysergic acid diethylamide
52044|lysophospholipase
52049|lecithinase B
52049|lysolecithinase
52049|phospholipase B1
52057|mucopeptide glycohydrolase
52057|muramidase
52064|lysyl hydroxylase
52062|lysyl 2-oxoglutarate dioxygenase
52065|kallidin
