58686|normal3
90315|amino-terminal
54974|methionine synthase
58694|nabothian cyst
58694|follicle
58708|reaction
58719|Naegeli syndrome
58718|Naegeli type of monocytic leukemia
58721|Naffziger operation
58721|Naffziger syndrome
58724|Nagel test
58727|Nageotte cells
58727|under cell
58744|Crigler-Najjar syndrome
58745|Nakanishi stain
58750|NAME syndrome
58771|Gandy-Nanta disease
58788|neper
98206|inferior nasal retinal venule
98206|superior nasal retinal venule
58824|Nasmyth cuticle
58824|Nasmyth membrane
58827|nasociliary nerve
58842|law
23669|dentition
58869|Nauta stain
58725|Nägele obliquity
58725|Nägele pelvis
58725|Nägele rule
58726|micelle
59048|Nélaton catheter
59048|Nélaton fibers
59048|under fiber
59048|Nélaton line
59048|Nélaton sphincter
59048|Roser-Nélaton line
34319|transverse folds of rectum
83590|transverse folds of rectum
83590|under fold
59068|Adair-Koshland-Némethy-Filmer model
59068|Koshland-Némethy-Filmer model
59271|Néri sign
58887|spray
58908|anatomical neck of humerus
58908|surgical neck of humerus
58929|necro-
59017|Needles split cast method
59016|Melnick-Needles osteodysplasty
59016|Melnick-Needles syndrome
59019|Ziehl-Neelsen stain
59033|Negri bodies
59033|under body
59033|Negri corpuscles
59033|under corpuscle
59034|Negro phenomenon
59035|Neisseria
59035|Neisser coccus
59035|Neisser syringe
59036|Neisser stain
59043|Gemella
59049|Nelson syndrome
59049|Nelson tumor
59141|nephro-
59206|nephrotome
59270|citral
59274|Nernst equation
29016|motor endplate
29016|corpuscle
29016|bulb
59740|superior rectal (nerve) plexus
59740|inferior anal nerves
59740|under nerve
59871|radix
59876|Nessler reagent
59887|Netherton syndrome
59915|Neubauer artery
59916|Neufeld reaction
59916|Neufeld capsular swelling
59919|Neumann disease
59918|Neumann law
59917|Rouget-Neumann sheath
48442|retina
59979|neur-
60017|neur-
60021|Charcot joint
15751|neuroendocrine2
15754|neuroglia
60084|neuroglia
60173|microglia
86032|hyaline bodies of pituitary
86032|under body
60303|neurosis
60307|axonotmesis
60307|neurapraxia
60336|Neusser granules
60336|under granule
60416|newberyite
60419|newton
60419|newtonian aberration
60419|newtonian constant of gravitation
60419|newtonian flow
60419|newtonian viscosity
60419|Newton disc
60419|Newton law
60424|Nezelof syndrome
60424|Nezelof type of thymic alymphoplasia
60447|Nicol prism
60448|Nicolas-Favre disease
60449|Nicolle stain for capsules
60462|nictitation
60471|Niemann-Pick cell
60471|Niemann-Pick disease
60471|Niemann disease
60471|Niemann splenomegaly
60472|Niewenglowski rays
60472|under ray
60485|substantia nigra
60489|Nikiforoff method
60490|Nikolsky sign
60499|Collis-Nissen fundoplication
60499|Nissen fundoplication
60499|Nissen operation
60500|Nissl bodies
60500|under body
60500|Nissl degeneration
60500|Nissl granules
60500|under granule
60500|Nissl substance
60500|Nissl stain
60502|Nitabuch layer
60502|Nitabuch membrane
60502|Nitabuch stria
81574|nitritoid reaction
60582|Noack syndrome
60587|Noble-Collip procedure
60586|Noble position
60588|stain
60589|Nocardia
60589|Nocardiaceae
60613|nociceptor
69321|nodal point
92255|atrioventricular node
92255|sinuatrial node
60664|retropharyngeal lymph nodes
60664|under lymph node
60748|common iliac lymph nodes
60748|under lymph node
60749|external iliac lymph nodes
60749|under lymph node
60750|external iliac lymph nodes
60750|under lymph node
60751|pancreatic lymph nodes
60751|under lymph node
60752|paravesical lymph nodes
60752|under lymph node
60753|right lumbar lymph nodes
60753|under lymph node
60754|paravesical lymph nodes
60754|under lymph node
60755|paravesical lymph nodes
60755|under lymph node
60756|paravesical lymph nodes
60756|under lymph node
60806|gluteal lymph nodes
60806|under lymph node
60816|deep inguinal lymph nodes
60816|under lymph node
60818|superficial inguinal lymph nodes
60818|under lymph node
60888|paravesical lymph nodes
60888|under lymph node
60905|paravesical lymph nodes
60905|under lymph node
60925|paravesical lymph nodes
60925|under lymph node
51961|diffuse large cell lymphoma
33225|dermatofibroma
60935|signal:noise ratio
60939|Nomarski optics
55317|Nomarski optics
44658|noncompetitive inhibition
61004|Noonan syndrome
19603|normal3
8966|hexaxial reference system
82813|normal3
61032|normal3
61039|erythroblast
61062|Norrie disease
61063|Norris corpuscles
61063|under corpuscle
10619|blastomycosis
61067|Norton operation
61068|Norton-Simon hypothesis
61209|Nothnagel syndrome
61216|Novy and MacNeal blood agar
61240|Nuck diverticulum
61240|Nuck hydrocele
61240|canal of Nuck
61241|nucleo-
11033|inclusion bodies
80250|nuclear cataract
61498|anterior hypothalamic area
61628|superior olivary nucleus
61258|virion
61323|dorsal hypothalamic area
61325|anterior horn
61327|nuclei of trapezoid body
61329|anterior hypothalamic area
61336|anterior nuclei of thalamus
61338|anterior horn
61340|anterior nuclei of thalamus
61342|anterior nuclei of thalamus
61346|intermediate hypothalamic area
61366|nuclei of perizonal fields
61367|nuclei of perizonal fields
61369|nuclei of perizonal fields
61375|anterior horn2
61386|nuclei cochleares
61387|nuclei cochleares
61405|reticular nuclei of mesencephalon
61416|medial geniculate nuclei
61419|intermediate hypothalamic area
61420|dorsal nucleus of thalamus
61435|intermediate hypothalamic area
61444|dorsal hypothalamic area
61472|habenular nuclei
61473|habenular nuclei
61512|accessory nuclei of optic tract
61514|nuclei of trapezoid body
61516|dorsal nucleus of thalamus
61551|accessory nuclei of optic tract
61554|nuclei of trapezoid body
61555|medial geniculate nuclei
61570|medial nuclei of thalamus
61415|nuclei of perizonal fields
61510|dorsal lateral geniculate nucleus
61547|nuclei of perizonal fields
61324|dorsal hypothalamic area
61520|amygdaloid body
61783|nuclei of perizonal fields
61598|superior olivary nucleus
61599|superior olivary nucleus
61613|reticular nuclei of pons
61618|reticular nuclei of mesencephalon
61634|intermediate hypothalamic area
61635|anterior hypothalamic area
61646|accessory nuclei of optic tract
61660|anterior horn
61662|anterior horn
61669|anterior hypothalamic area
61670|anterior hypothalamic area
61693|reticular nuclei of pons
61694|reticular nuclei of pons
61695|reticular nuclei of pons
61738|reticular nuclei of mesencephalon
61762|reticular nuclei of mesencephalon
61785|medial geniculate nuclei
61790|ventral posterior nucleus of thalamus
61810|intermediate hypothalamic area
61813|vestibular nuclei
61814|vestibular nuclei
61815|vestibular nuclei
61816|vestibular nuclei
61821|Nuel space
61823|Nuhn gland
61904|nutcracker syndrome
88611|nutcracker
61917|Nuttallia
61921|nycto-
61934|Lesch-Nyhan syndrome
61996|Nysten law
