9397|Q-banding stain
74586|Q-banding stain
74602|quadrangular membrane
11064|inferior colliculus
11064|superior colliculus
74630|Quant sign
74634|Q.R
74635|q.s
74637|q.s
74638|q.v
74649|q.i.d
74651|Quatrefages angle
74656|Quénu hemorrhoidal plexus
74656|Quénu-Muret sign
74653|Queckenstedt-Stookey test
74660|de Quervain
74667|erythroplasia of Queyrat
74668|Quick method
74668|Quick test
74671|lime2
74687|Quincke pulse
74687|Quincke puncture
74687|Quincke sign
77561|resin
90759|azuresin
74695|quin-
74716|quisqualic acid
