17502|sex chromosomes
99491|Guldberg-Waage law
99492|Rose-Waaler test
99493|Waardenburg syndrome
99494|Wachendorf membrane
99495|Wachstein-Meissel stain for calcium-magnesium-ATPase
99497|Wada test
99499|waddingtonian homeostasis
99502|Wagner disease
99502|Wagner syndrome
99505|Walcher position
99506|Waldenström macroglobulinemia
99506|Waldenström purpura
99506|Waldenström syndrome
99506|Waldenström test
99507|Waldeyer fossae
99507|under fossa
99507|Waldeyer glands
99507|under gland
99507|Waldeyer zonal layer
99507|Waldeyer throat ring
99507|Waldeyer sheath
99507|Waldeyer space
99507|Waldeyer tract
35166|inferior duodenal fossa
35166|superior duodenal fossa
99511|Rideal-Walker coefficient
99511|Rideal-Walker method
99510|Walker chart
99509|Walker tractotomy
99509|Dandy-Walker syndrome
11619|Walker-A sequence and Walker-B box
99555|Wallenberg syndrome
99556|wallerian degeneration
99556|wallerian law
48267|wallerian degeneration
99559|neurovascular bundle of Walsh
99559|Walsh procedure
99560|Walthard cell rest
99561|Walther dilator
99561|Walther canals
99561|under canal
99561|Walther ducts
99561|under duct
99561|Walther ganglion
99561|Walther plexus
99563|Wang test
99564|Wangensteen drainage
99564|Wangensteen suction
99564|Wangensteen tube
34206|botfly
99569|Warburg apparatus
99569|Warburg respiratory enzyme
99569|Warburg old yellow enzyme
99569|Warburg theory
99569|Warburg-Lipmann-Dickens-Horecker shunt
99569|Barcroft-Warburg apparatus
99569|Barcroft-Warburg technique
99571|Ward triangle
99570|Romano-Ward syndrome
99573|Wardrop method
40166|Donath-Landsteiner cold autoantibody
40166|hemagglutinating cold autoantibody
99579|Warren shunt
99603|Wartenberg symptom
99604|Warthin tumor
99604|Warthin-Finkeldey cells
99604|under cell
99604|Warthin-Starry silver stain
99608|Wasmann glands
99608|under gland
99609|Wassermann antibody
99609|Wassermann reaction
99609|Wassermann test
99609|provocative Wassermann test
99627|water of crystallization
99654|Waterhouse-Friderichsen syndrome
99656|Waters operation
99655|Waters view radiograph
99660|Waterston operation
99660|Waterston shunt
99661|Watson-Schwartz test
99662|Watson-Crick helix
39668|base pair
34834|waveform
61857|wavenumber
99496|Bracht-Wächter lesion
100010|Wölfler gland
99763|Weber stain
99766|Weber organ
99765|Weber-Christian disease
99765|Weber-Cockayne syndrome
99765|Rendu-Osler-Weber syndrome
99765|Sturge-Kalischer-Weber syndrome
99765|Sturge-Weber disease
99765|Sturge-Weber syndrome
99765|Klippel-Trenaunay-Weber syndrome
99765|Parkes Weber syndrome
99768|Weber point
99768|Weber triangle
99764|Weber glands
99764|under gland
99764|Weber law
99764|Weber paradox
99764|Weber test
99764|Fechner-Weber law
99764|Weber-Fechner law
99767|Weber sign
99767|Weber syndrome
99771|Webster test
99773|Wechsler intelligence scales
99773|under scale
99773|Wechsler-Bellevue scale
99775|Wedensky effect
99775|Wedensky facilitation
99775|Wedensky inhibition
99779|Weeks bacillus
99779|Koch-Weeks bacillus
99782|Wegener granulomatosis
99783|Wegner disease
99783|Wegner line
99784|Weibel-Palade bodies
99784|under body
99785|Weichselbaum coccus
99786|Weidel reaction
99787|Weigert law
99787|Weigert iodine solution
99800|Weil disease
99802|Weil basal layer
99802|Weil basal zone
99801|Weil-Felix reaction
99801|Weil-Felix test
99804|Leri-Weill disease
99804|Leri-Weill syndrome
99803|Weill-Marchesani syndrome
99806|Hardy-Weinberg equilibrium
99806|Hardy-Weinberg law
99805|Weinberg reaction
99807|Mitchell treatment
99807|Gerhardt-Mitchell disease
99807|Weir Mitchell treatment
99808|Weisbach angle
99809|weismannism
99811|Weiss sign
99812|Charcot-Weiss-Baker syndrome
99812|Mallory-Weiss lesion
99812|Mallory-Weiss syndrome
99812|Mallory-Weiss tear
99813|Weitbrecht cartilage
99813|Weitbrecht cord
99813|Weitbrecht fibers
99813|under fiber
99813|Weitbrecht foramen
99813|Weitbrecht ligament
99813|apparatus ligamentosus weitbrechti
99814|Kugelberg-Welander disease
99814|Wohlfart-Kugelberg-Welander disease
99815|Welch bacillus
99816|Welcker angle
99818|Wells syndrome
99819|Muckle-Wells syndrome
99822|Wenckebach block
99822|Wenckebach period
99822|Wenckebach phenomenon
99823|Wenzel ventricle
99824|Wepfer glands
99824|under gland
99825|Werdnig-Hoffmann disease
99825|Werdnig-Hoffmann muscular atrophy
99826|Werlfof disease
99827|Wermer syndrome
99828|Wernekinck commissure
99828|Wernekinck decussation
99830|Werner test
99829|Werner syndrome
99831|Wernicke aphasia
99831|Wernicke area
99831|Wernicke center
99831|Wernicke disease
99831|Wernicke encephalopathy
99831|Wernicke field
99831|Wernicke radiation
99831|Wernicke reaction
99831|Wernicke region
99831|Wernicke sign
99831|Wernicke syndrome
99831|Wernicke zone
99831|Wernicke-Korsakoff encephalopathy
99831|Wernicke-Korsakoff syndrome
28951|Wernicke syndrome
28951|Korsakoff syndrome
99832|Wertheim operation
99833|Werther disease
99835|West syndrome
28859|West Nile virus
99103|West Nile virus
99836|Westberg space
99837|Westergren method
99838|Westphal pupillary reflex
99838|Westphal-Piltz phenomenon
99838|Edinger-Westphal nucleus
99839|Wetzel grid
99840|Wever-Bray phenomenon
99841|Weyers-Thier syndrome
99843|Wharton duct
99843|Wharton jelly
99845|Wheatstone bridge
99849|Wheeler method
99848|Wheeler-Johnson test
99855|whiplash injury
99856|Whipple operation
99857|Whipple disease
99858|Trichuris trichiura
99863|Whitaker test
99864|Lee-White method
99864|Wolff-Parkinson-White syndrome
99867|Whitehead deformity
99867|Whitehead operation
99876|Whitman frame
99877|Whitmore disease
99878|Whitnall tubercle
96454|diphtheria toxoid
96454|tetanus toxoid
96454|pertussis vaccine
99882|hair whorls
99887|Wickham striae
99887|under stria
99888|Widal reaction
99888|Widal syndrome
99888|Gruber-Widal reaction
99888|Hayem-Widal syndrome
83387|spectrum3
99889|white noise
99896|Beckwith-Wiedemann syndrome
99897|Wigand maneuver
99898|Wilde cords
99898|under cord
99898|Wilde triangle
99899|Wilder stain for reticulum
99901|Wilder sign
99902|Wildermuth ear
99903|Wildervanck syndrome
99905|Wilhelmy balance
99906|Wilkie disease
99907|Sneddon-Wilkinson disease
99910|von Willebrand
99911|Willett forceps
99912|Prader-Willi syndrome
99915|Williams-Campbell syndrome
99914|Williams stain
99914|Park-Williams fixative
99913|Williams syndrome
99916|Mann-Williamson operation
99916|Mann-Williamson ulcer
99917|Willis centrum nervosum
99917|Willis cords
99917|under cord
99917|Willis pancreas
99917|Willis paracusis
99917|circle of Willis
99917|accessorius willisii
99917|chordae willisii
99917|under chorda
99918|Williston law
99920|Wilms tumor
99924|Wilson disease
99923|Wilson-Mikity syndrome
99922|Wilson muscle
99925|Wilson disease
99921|Kimmelstiel-Wilson disease
54881|flotation method
99958|Winiwarter-Buerger disease
99960|foramen of Winslow
99960|Winslow ligament
99960|Winslow pancreas
99960|Winslow stars
99960|under star
99960|stellulae winslowii
99960|under stellula
99961|Winterbottom sign
99963|Winternitz sound
99965|Wintersteiner compound E
99965|Wintersteiner compound F
99964|Wintersteiner rosettes
99964|under rosette
99983|Wirsung canal
99983|Wirsung duct
99985|Wiskott-Aldrich syndrome
99986|Wissler syndrome
99987|Wistar rats
99987|under rat
99991|favus
43099|wobble base
43099|wobble
100002|Wohlfart-Kugelberg-Welander disease
100004|Wolf-Orton bodies
100004|under body
100005|Wolfe graft
100005|Wolfe-Krause graft
100007|wolffian body
100007|wolffian cyst
100007|wolffian duct
100007|wolffian rest
100007|wolffian ridge
100007|wolffian tubules
100007|under tubule
100006|Wolff law
100008|Wolff-Chaikoff block
100008|Wolff-Chaikoff effect
100008|Wolff-Parkinson-White syndrome
100011|Wolfram syndrome
100012|Wolfring glands
100012|under gland
37268|accessory lacrimal glands
100013|aconite
100015|Wollaston doublet
100015|Wollaston theory
100016|Wolman disease
100016|Wolman xanthomatosis
100020|Wood glass
100020|Wood lamp
100020|Wood light
100019|Wood units
100019|under unit
86249|xylose
100027|Woolf-Lineweaver-Burk plot
100028|Woolner tip
100030|Woringer-Kolopp disease
100037|wormian bones
100037|under bone
100045|Wormley test
100050|Worth amblyoscope
100051|Woulfe bottle
4963|Wright antigens
100079|Wright stain
100078|Wright respirometer
100080|Wright version
4964|low frequency blood groups
4964|Blood Groups Appendix
100083|Wrisberg cartilage
100083|Wrisberg ganglia
100083|under ganglion
100083|Wrisberg ligament
100083|Wrisberg nerve
100083|Wrisberg tubercle
100091|Wurster reagent
100091|Wurster test
100092|Wyburn-Mason syndrome
100093|Monod-Wyman-Changeux model
