9381|I disc
9381|isotropic disc
15660|inclusion cell
25178|I band
25566|mucolipidosis II
43244|iatrophysical
80091|mechanistic school
43245|iatrophysical
43246|iatromathematical
43246|iatromechanical
39419|idiopathic stabbing headache
25565|epidemic neuromyasthenia
56105|cetraria
43265|white spot disease2
43273|ammonium ichthosulfonate
43274|ichthyismus
43275|ichthyism
43277|bullous congenital ichthyosiform erythroderma
43280|isinglass
43289|alligator skin
43289|fish skin
43289|sauriasis
43291|lamellar ichthyosis
43294|harlequin fetus
43297|bullous congenital ichthyosiform erythroderma
43301|palmoplantar keratoderma
43303|ichthyosis vulgaris
43304|hyperkeratosis congenita
43304|ichthyosis simplex
43308|fish poison1
39527|frosted heart
43322|acquired hemolytic icterus
32660|leptospirosis icterohemorrhagica
43327|jaundice
43334|malignant jaundice
43337|physiologic jaundice
43337|physiologic icterus
43342|heart beat
43345|sunstroke
43364|fixed idea
95200|monozygotic twins
43365|incorporation
43373|ideomotor
5797|transcortical apraxia
43376|ideokinetic
43384|karyotype
43388|autohypnosis
78378|idionodal rhythm
20111|myoedema
78379|idiojunctional rhythm
43396|agnogenic
2122|primary aldosteronism
8200|late onset sporadic ataxia
15285|solitary bone cyst
11719|essential bradycardia
14480|primary cardiomyopathy1
29786|generalized tonic-clonic seizure
53374|mediastinal fibrosis
78065|retroperitoneal fibrosis
38139|primary gout
42419|familial hyperlipoproteinemia type I
42631|essential hypertension
84850|asymmetric septal hypertrophy
84850|muscular subaortic stenosis
44332|Lorain disease
44332|proportionate infantilism
44332|universal infantilism
33220|idiopathic pulmonary fibrosis
42632|pseudotumor cerebri
78147|myoglobinuria
72488|chronic ulcerative proctitis
33221|chronic fibrosing alveolitis
33221|cryptogenic fibrosing alveolitis
33221|fibrosing alveolitis
33221|Hamman-Rich syndrome
33221|idiopathic interstitial fibrosis
40264|Ceelen-Gellerstedt syndrome
39420|ice pick headache
74205|immune thrombocytopenic purpura
74205|thrombopenic purpura
27479|primary generalized dystonia
43406|idiot-savant
43409|idiot-prodigy
43404|idiotypic antigenic determinant
8691|antiidiotype autoantibody
4744|antiidiotype antibody
24129|idiotope
78380|ventricular rhythm
59218|focal glomerulonephritis
59219|mesangial proliferative glomerulonephritis
43431|carnosine
43439|duplicitas posterior
7144|arteriae ileales
10557|ileal conduit
19707|ileal bladder
26271|Meckel diverticulum
63336|ostium ileale
63336|orifice of ileal papilla
63336|ileocecal opening
63336|ileocecal orifice
63336|ostium ileocecale
64839|papilla ilealis
64839|Bauhin valve
64839|ileocecal eminence
64839|ileocecal valve
64839|ileocolic valve
64839|Tulp valve
64839|Tulpius valve
64839|valva ileocecalis
64839|valve of Varolius
83572|ileocecocolic sphincter
83572|marginal sphincter
83572|operculum ilei
83572|Varolius sphincter
95885|ureteroileoneocystostomy
97262|venae ileales
28616|ileal papilla
34278|plica ileocecalis
34278|Treves fold
62738|ileal orifice
63338|ileal orifice
96701|ileal papilla
83573|ileal sphincter
43448|cecoileostomy
43450|ileocolonic
7145|arteria ileocolica
51753|nodi lymphoidei ileocolici
96702|ileal papilla
97263|vena ileocolica
43452|ileocolic
43459|ileorectostomy
43460|ileoproctostomy
69847|plexus (nervosus) iliacus
11247|ilium
11951|iliacus branch of iliolumbar artery
12909|subtendinous bursa of iliacus
21242|crista iliaca
32025|pars iliaca fasciae iliopsoaticae
32025|fascia iliaca
35002|fossa iliaca
56799|iliacus (muscle)
77169|groin1
94509|tubercle of iliac crest
94715|tuberositas iliaca
35004|Biesiadecki fossa
35004|fossa iliacosubfascialis
56800|musculus iliacus
56800|iliac muscle
11952|ramus iliacus arteriae iliolumbalis
11952|iliac branch of iliolumbar artery
56801|musculus iliacus minor
56801|musculus iliocapsularis
43484|duplicitas posterior
56802|iliococcygeus (muscle)
75795|raphe musculi iliococcygeus
56803|musculus iliococcygeus
56803|iliococcygeal muscle
56804|iliocostalis (muscle)
56805|musculus iliocostalis
56805|iliocostal muscle
56806|musculus iliocostalis cervicis/colli
56806|cervical iliocostal muscle
56806|cervicalis ascendens1
56806|musculus cervicalis ascendens
56807|lumbar iliocostal muscle
56807|musculus sacrolumbalis
56808|thoracic part of iliocostalis lumborum (muscle)
49552|ligamentum iliofemorale
49552|Bertin ligament
49552|Bigelow ligament
49552|hypsiloid ligament
49552|Y-shaped ligament
59393|nervus iliohypogastricus
59393|iliopubic nerve
59393|nervus iliopubicus
59394|nervus ilioinguinalis
7147|arteria iliolumbalis
49553|ligamentum iliolumbale
97265|vena iliolumbalis
5992|arcus iliopectineus
5992|iliopectineal ligament
5992|ligamentum iliopectineale
12911|bursa iliopectinea
28617|iliopubic eminence
49554|iliopectineal arch
50408|linea terminalis of pelvis
83574|midsigmoid sphincter
56809|musculus iliopsoas
28618|eminentia iliopubica
28618|iliopectineal eminence
59395|iliohypogastric nerve
92955|tractus iliopubicus
92955|deep crural arch
92955|Thompson ligament
61157|greater sciatic notch
43501|ischiothoracopagus
9382|iliotibial tract
92956|tractus iliotibialis
92956|iliotibial band
92956|Maissiat band
43505|os ilium
43505|flank bone
43505|iliac bone
43505|os iliacum
149|criminal abortion
43508|disease1
43535|Capgras syndrome
3012|image intensifier
43578|image amplifier
43600|archetype2
43609|embed
50409|incremental lines of von Ebner
43619|iminazolyl
43622|proline dipeptidase
43624|pyrrole
43625|imidazolyl
43630|prolyl dipeptidase
43632|deiminases
2307|immediate hypersensitivity
23687|immediate insertion denture
42599|immediate allergy
42599|immediate hypersensitivity reaction
76161|immediate hypersensitivity
23688|immediate denture
66848|direct percussion
76160|early reaction
34509|trench foot
4745|treponema-immobilizing antibody
46371|fibrous joint
67961|adhesion phenomenon
90585|adhesion test
1740|agglutinin1
19429|immunocomplex
25568|immune complex disorder
25568|type III hypersensitivity reaction
26008|immune complex disease
23204|immunodeficiency
24194|split tolerance
40174|conditioned hemolysis
45062|interferon gamma
63066|specific opsonin
65102|immunologic paralysis
71726|immunoprecipitation
72992|antibody
81285|antiserum
87098|immunologic surveillance
74206|idiopathic thrombocytopenic purpura
25569|autoimmune inner ear disease
43650|insusceptibility
23205|immunodeficiency
96389|active prophylaxis
43683|immunochemical assay
51639|angioimmunoblastic lymphadenopathy with dysproteinemia
7993|immunoassay
43696|immune complex
43702|lymphoplasmacytic lymphoma
43703|immune deficiency
43703|immunity deficiency
43703|immunologic deficiency
43712|DiGeorge syndrome
43714|immunosuppressant
43715|immunosuppressant
43726|immunologic enhancement
43732|antigen
43734|antigenic
43735|antigenicity
23206|immunodeficiency
29299|immunoenhancement
65103|immune paralysis
87099|immune surveillance
92367|immunotolerance
92367|nonresponder tolerance
43758|biologic response modifier
43764|immune precipitation
25570|Mediterranean lymphoma
43770|immunodepressant
43770|immunodepressor
43770|immunosuppressive2
43772|immunosuppressant
43775|biologic immunotherapy
43779|immunologic tolerance
43791|adenylosuccinate synthase
69679|dielectrography
84278|imperfect state
84691|imperfect stage2
43796|atretic
5234|anal atresia
43798|impervious
46540|zonula occludens
43802|impermeable
43805|impetigo contagiosa
43805|impetigo vulgaris
43810|impetigo
43814|dermatitis exfoliativa infantum
43814|bullous impetigo of newborn
43815|impetigo
81946|impingement test2
88131|supraspinatus syndrome
90587|impingement sign
19751|axon hillock
22388|epidermal cyst
54051|nondeclarative memory
54051|unconscious memories
43860|impression1
43861|aortic impression of left lung
43862|cardiac impression of diaphragmatic surface of liver
43863|cardiac impression on lung
43864|colic impression on liver
43866|duodenal impression on liver
43867|esophageal impression on liver
43868|gastric impression on liver
43870|impression for costoclavicular ligament
43871|petrosal impression of the pallium
43872|renal impression on liver
43873|suprarenal impression on liver
43874|trigeminal impression
43875|impressio
19530|modeling plastic
43884|impressio ligamenti costoclavicularis
43884|costal tuberosity
43884|rhomboid impression
43884|tuberositas costalis
43865|impressions of cerebral gyri
43865|under impression
43869|impressions of cerebral gyri
43869|under impression
43880|impressiones gyrorum
43880|impressiones digitatae
43880|juga cerebralia
43880|digitate impressions
43890|esophageal constrictions
43890|under constriction
5425|sensory aphasia
34191|fibrilloflutter
34191|flitter
34191|flutter-fibrillation
41800|in situ nucleic acid hybridization
41801|in situ hybridization
58044|silent mutant
94605|arrested tuberculosis
85090|subthreshold stimulus
32662|thirst fever
41497|ectopic hormone
43939|innate
76793|innate reflex
11248|interparietal bone
40546|irreducible hernia
69204|retained placenta
87439|Dietl crisis
11249|interparietal bone
43943|incarnative
43944|incarnant
91256|preformation theory
43945|pyromania
4160|angle of incidence
48581|passive learning
65272|accidental parasite
27966|incisal margin
38726|incisal path
38731|anterior guide
52775|margo incisalis
52775|cutting edge2
52775|incisal edge
52775|incisal surface
52775|shearing edge
66178|incisal guidance
86913|incisal margin
11250|os incisivum
11250|premaxilla1
11250|intermaxilla
11250|intermaxillary bone
11250|os intermaxillare
11250|os premaxillare
11250|premaxillary bone
22389|median anterior maxillary cyst
22389|nasopalatine duct cyst
13655|canales incisivi
13655|incisor canals
26843|ductus incisivus
34567|foramen incisivum
34567|incisor foramen
34567|Stensen foramen
35008|fossa incisiva
64842|papilla incisiva
64842|palatine papilla
87226|sutura incisiva
87226|premaxillary suture
43978|incisor tooth
13656|incisive canals
34569|incisive foramen
92560|dens incisivus
92560|incisor
43983|notch
43984|acetabular notch
43985|angular incisure of stomach
43986|anterior notch of auricle
43987|anterior notch of auricle
43988|notch of cardiac apex
43990|cardiac notch of left lung
43989|cardial notch
43991|notch in cartilage of acoustic meatus
43992|anterior cerebellar notch
43993|posterior cerebellar notch
43994|clavicular notch of sternum
43996|ethmoidal notch
43997|fibular notch
43998|frontal notch
43999|interarytenoid notch
44000|intertragic notch
44001|greater sciatic notch
44002|lesser sciatic notch
44003|jugular notch of occipital bone
44004|jugular notch of petrous part of temporal bone
44005|jugular notch of sternum
44006|lacrimal notch
44007|notch for ligamentum teres
44008|mandibular notch
44009|mastoid notch
44010|nasal notch
44023|tentorial notch
44011|pancreatic notch
44012|parietal notch
44013|preoccipital notch
44014|pterygoid notch
44015|radial notch
44016|tympanic notch
44017|notch in cartilage of acoustic meatus
44018|suprascapular notch
44019|trochlear notch
44020|sphenopalatine notch
44021|supraorbital notch
44022|tentorial notch
44024|terminal notch of auricle
44025|terminal notch of auricle
44026|inferior thyroid notch
44027|superior thyroid notch
44028|intertragic notch
44029|trochlear notch
44030|tympanic notch
44031|ulnar notch
44032|notch for ligamentum teres
44033|vertebral notch
43995|costal notches
43995|under notch
44034|notch
44041|inclination
44042|pelvic inclination
44043|inclinatio
44043|version3
44048|pelvic inclination
25572|cytomegalic inclusion disease
28830|subacute sclerosing panencephalitis
15663|I cell
25573|mucolipidosis II
22390|epidermal cyst
22390|fissural cyst
24015|epidermal cyst
85234|paralytic strabismus
4746|univalent antibody
4893|hapten
7840|truncate ascertainment
10769|partial heart block
18112|meroblastic cleavage
33678|blind fistula
54629|heterometabolous metamorphosis
60076|abortive neurofibromatosis
61973|dissociated nystagmus
44074|incontinentia
44076|fecal incontinence
44078|galactorrhea
44089|incontinence
44090|Bloch-Sulzberger disease
44090|Bloch-Sulzberger syndrome
44091|hypomelanosis of Ito
44092|ataxia
44093|identification
50411|imbrication lines of von Ebner
67120|incubative stage
67120|latent period2
67120|latent stage
67120|stage of invasion
84279|incubation period1
35009|fossa of incus
96294|triangular uterus
96294|uterus incudiformis
96294|uterus triangularis
44109|ambomalleal
7763|incudomalleolar joint
46372|articulatio incudomallearis
46372|incudomalleolar articulation
7764|incudostapedial joint
46373|articulatio incudostapedia
46373|incudostapedial articulation
44113|anvil
44121|innidiation
44126|index finger
2769|refractive ametropia
14841|proband
56810|extensor indicis (muscle)
33422|digitus (manus) secundus [II]
33422|forefinger
33422|index1
33422|second finger
33866|paramedian forehead flap
36961|Asarum canadense
38759|ghatti gum
81729|epidemic gangrenous proctitis
95314|Mediterranean spotted fever
44229|plant indican
54815|Hamilton-Stewart method
22007|dye-dilution curve
28264|dispersing electrode
28264|silent electrode
64190|neutral oxide
44251|indigo blue
44251|indigotin
44252|indigo
44253|sodium indigotin disulfonate
44254|indigo
1727|passive agglutination
90591|passive hemagglutination
48569|standard limb lead
54816|indirect technique
26312|mitosis
76164|consensual reaction
10199|unconjugated bilirubin
89863|indirect method for making inlays
93268|mediate transfusion
99181|peripheral vision
73669|adlerian psychoanalysis
73669|adlerian psychology
91361|dyadic psychotherapy
44263|psilocybin
44266|ketole
44274|cytochrome c oxidase
44273|cytochrome c oxidase
29565|adaptive enzyme
32663|pyretotherapy
55652|Koshland-Némethy-Filmer model
74875|artificial radioactivity
80951|allergy1
77579|reactance
44293|sclerosis1
44302|supracallosal gyrus
39491|noise-induced hearing loss
83828|denatured alcohol
36345|noble gases
8671|childhood schizophrenia
8671|early infantile autism
8671|Kanner syndrome
42492|Caffey disease
42492|Caffey syndrome
42492|Caffey-Silverman syndrome
33177|recurring digital fibroma of childhood
25071|spastic diplegia
27098|infantilism1
36268|Tay-Sachs disease
36426|endemic nonbacterial infantile gastroenteritis
98898|rotavirus
43109|Brissaud infantilism
43109|congenital myxedema
43109|dysthyroidal infantilism
43109|hypothyroid dwarfism
43109|hypothyroid infantilism
43109|infantile myxedema
43109|myxedematous infantilism
8451|spinal muscular atrophy type I
58643|infantile hypothyroidism
63810|rickets
66500|kwashiorkor
8452|spinal muscular atrophy type I
19892|ophthalmia neonatorum
80435|Barlow disease
80435|Cheadle disease
80435|osteopathia hemorrhagica infantum
80435|scurvy rickets
83230|salaam convulsions
65228|congenital spastic paraplegia
36269|familial neuroviscerolipidosis
36269|pseudo-Hurler disease
36269|Type 1 G(null)gangliosidosis
44326|infantile dwarfism
44343|infarction2
44359|infarct
13372|secondary renal calculus
61880|nurse epidemiologist
43664|concomitant immunity
73714|febrile psychosis
44406|infectiousness
44407|infective
98899|ectromelia virus
98899|mousepox virus
98899|pseudolymphocytic choriomeningitis virus
40365|viral hepatitis type A
98900|hepatitis A virus
43335|Weil disease
46193|Weil disease
55908|benign lymphadenosis
55908|glandular fever
98901|human papillomavirus
69450|conjugative plasmid
70955|Guillain-Barré syndrome
28899|Teschen disease
98902|Teschen disease virus
99590|verruca vulgaris
44408|infectiosity
44409|infectious2
27935|septic edema
28506|pyemic embolism
44411|female sterility
44413|Lower
26928|ductulus aberrans inferior
26928|Haller vas aberrans
7148|arteria alveolaris inferior
7148|inferior dental artery
59396|nervus alveolaris inferior
59396|inferior dental nerve
59397|nervi anales inferiores
59397|inferior rectal nerves
59397|nervi rectales inferiores
59397|inferior hemorrhoidal nerves
97266|vena anastomotica inferior
97266|Browning vein
97266|Labbé vein
4164|angulus inferior scapulae
31352|inferior articular surface of atlas
31353|facies articularis inferior vertebrae
69095|inferior articular surface of atlas
72282|processus articularis inferior
72282|zygapophysis inferior
86914|facies articularis inferior atlantis
86914|fovea articularis inferior atlantis
86914|inferior articular facet of atlas
86914|inferior articular pit of atlas
86915|facies articularis inferior tibiae
97267|vena basalis inferior
9915|venter inferior musculi omohyoidei
11406|margo inferior
11406|inferior margin
11407|margo inferior corporis pancreatis
11407|inferior border of pancreas
11407|margo inferior corporis splenis
11407|margo inferior pancreatis
11408|margo inferior hepatis
11409|margo inferior pulmonis
11410|inferior border of body of pancreas
11411|margo inferior splenis
11953|ramus inferior
11954|ramus inferior nervi oculomotorii
11955|ramus inferior arteriae gluteae superioris
11956|rami inferiores nervi transversi colli
11956|rami inferiores nervi transversi cervicalis [colli]
49556|plantar calcaneonavicular ligament
97268|middle cardiac vein
93649|muscular triangle (of neck)
66451|pedunculus cerebellaris inferior
86917|base of brain
97270|venae inferiores cerebri
11957|rami cardiaci cervicales inferiores nervi vagi
59398|nervus cardiacus cervicalis inferior
36151|ganglion cervicale inferius
97271|vena choroidea inferior
59399|nervi clunium inferiores
18912|colliculus inferior
18912|corpus quadrigeminum posterius
18912|inferior nasal colliculus
18912|posterior quadrigeminal body
56812|musculus constrictor pharyngis inferior
56812|musculus thyropharyngeus
56812|laryngopharyngeus
56812|musculus laryngopharyngeus
56812|superior esophageal sphincter
31354|fovea costalis inferior
31354|inferior costal pit
69096|inferior costal facet
51754|nodi lymphoidei profunda inferiores cervicales laterales
51754|nodi lymphoidei profunda inferiores colli laterales
69848|plexus (nervosus) dentalis inferior
5993|mandibular dental arcade
7149|inferior alveolar artery
11958|rami dentales inferiores plexus dentalis inferioris
11958|rami dentales inferiores
11958|inferior dental rami
13657|mandibular canal
34570|mandibular foramen
59400|inferior alveolar nerve
75383|inferior dental branches of inferior dental plexus
75383|under branch
34006|flexura duodeni inferior
34280|plica duodenalis inferior
34280|duodenomesocolic fold
34280|plica duodenomesocolica
35012|recessus duodenalis inferior
35012|Gruber-Landzert fossa
35012|inferior duodenal recess
76413|inferior duodenal fossa
7150|arteria epigastrica inferior
7150|deep epigastric artery
51755|nodi lymphoidei epigastrici inferiores
97272|vena epigastrica inferior
97272|deep epigastric vein
20021|diaphragmatic constriction of esophagus
83575|sphincter constrictor cardiae
77878|retinaculum musculorum extensorum inferius
77878|cruciate ligament of leg
77878|inferior retinaculum of extensor muscles
77878|ligamentum cruciatum cruris
31225|inferior pole
31226|inferior pole of kidney
31295|palpebra inferior
31295|lower eyelid
31295|lower lid
32032|fascia diaphragmatis pelvis inferior
32032|anal fascia
77880|retinaculum musculorum fibularium inferius
77880|inferior peroneal retinaculum
77880|retinaculum musculorum peroneorum inferius
35215|fovea inferior
20216|inferior frontal gyrus
38892|gyrus frontalis inferior
38892|Broca convolution
38892|inferior frontal convolution
86371|sulcus frontalis inferior
36152|ganglion inferius nervi glossopharyngei
36152|Andersch ganglion
36152|extracranial ganglia
36152|ganglion extracraniale
36152|petrosal ganglion
36152|petrous ganglion
36154|ganglion inferius nervi vagi
36154|ganglion of trunk of vagus
36154|nodose ganglion
56813|musculus gemellus inferior
56813|gemellus
11959|rami gingivales inferiores plexus dentalis inferioris
7151|arteria glutea inferior
7151|arteria ischiadica
7151|arteria ischiatica
59401|nervus gluteus inferior
97274|venae gluteae inferiores
39370|lower head of lateral pterygoid (muscle)
97275|hemiazygos vein
7152|inferior rectal artery
59402|inferior anal nerves
69849|inferior rectal (nerve) plexus
41553|cornu inferius
41554|cornu inferius marginis falciformis hiatus sapheni
41554|crus inferius marginis falciformis hiatus sapheni
41555|cornu inferius ventriculi lateralis
41555|cornu temporale ventriculi lateralis
41555|temporal horn
41556|cornu inferius cartilaginis thyroideae
69850|plexus (nervosus) hypogastricus inferior
69850|pelvic (nerve) plexus
69850|plexus (nervosus) pelvicus
7153|arteria hypophysialis inferior
76414|recessus ileocecalis inferior
7154|precuneal branches of pericallosal artery
7154|under branch
7155|inferior labial branch of facial artery
11960|arteria labialis inferior
11960|inferior labial artery
11960|ramus labialis inferior arteriae facialis
11961|labial branches of mental nerve
97277|vena labialis inferior
7156|arteria laryngea inferior
15286|infraglottic cavity
59403|nervus laryngeus inferior
97278|vena laryngea inferior
48042|cricothyrotomy
59404|inferior lateral cutaneous nerve of arm
59405|nervus cutaneus brachii lateralis inferior
59405|inferior lateral brachial cutaneous nerve
7157|arteria inferior lateralis genus
7157|arteria genus inferior lateralis
7157|lateral inferior genicular artery
49557|ligamentum epididymidis inferius
50242|lower limb
50243|inferior root of ansa cervicalis
56814|inferior longitudinal muscle of tongue
80590|segmentum lingulare bronchopulmonale inferius S V
7158|arteria lingularis inferior
7158|inferior lingular branch of lingular branch of left pulmonary artery
7158|ramus lingularis inferior
11962|inferior lingular artery
51056|lobus inferior pulmonis (dextri et sinistri)
51056|lower lobe of lung
32200|fasciculus longitudinalis inferior
56815|musculus longitudinalis inferior linguae
56815|inferior lingual muscle
82251|inferior sagittal sinus
93650|trigonum lumbale inferius
93650|lumbar triangle
93650|Petit lumbar triangle
6866|arteriola macularis inferior
98200|venula macularis inferior
52776|inferior border
59406|mandibular nerve [CN V3]
7160|arteria inferior medialis genus
7160|arteria genus inferior medialis
7160|medial inferior genicular artery
53387|mediastinum inferius
97619|velum medullare inferius
97619|posterior medullary velum
97619|Tarin valve
97619|valvula semilunaris tarini
97619|velum semilunare
97619|velum tarini
53788|lower limb
69851|plexus (nervosus) mesentericus inferior
7161|arteria mesenterica inferior
36153|ganglion mesentericum inferius
51757|nodi lymphoidei mesenterici inferiores
97279|vena mesenterica inferior
44368|diaphragmatic myocardial infarction
18913|inferior colliculus
19620|concha nasalis inferior
19620|inferior turbinated bone
19620|turbinated body2
6867|arteriola nasalis retinae inferior
98202|venula nasalis retinae inferior
98202|inferior nasal venule of retina
98201|inferior nasal retinal venule
50412|linea nuchae inferior
56816|musculus obliquus inferior (bulbi)
56817|obliquus capitis inferior (muscle)
19431|complexus olivaris inferior
61477|nucleus olivaris inferior
62495|oliva
76415|inferior recess of omental bursa
97280|vena ophthalmica inferior
33556|fissura orbitalis inferior
33556|sphenomaxillary fissure
5994|arcus palpebralis inferior
5994|arterial arch of lower eyelid
97281|venae palpebrales inferiores
97281|veins of inferior eyelid
7162|arteria pancreatica inferior
7162|transverse pancreatic artery
7163|arteria pancreaticoduodenalis inferior
37136|glandula parathyroidea inferior
37136|parathyroid III
38894|inferior parietal lobule
51122|lobulus parietalis inferior
51122|inferior parietal gyrus
65877|pars inferior
65878|pars horizontalis duodeni
65878|horizontal part of duodenum
65878|pars inferior duodeni
65878|third part of duodenum
65879|pars inferior venae lingularis venae pulmonalis superioris sinistrae
65880|ascending part of trapezius (muscle)
65881|pars inferior ganglii vestibularis
65882|cochlear nerve
5349|pelvic outlet
77881|inferior fibular retinaculum
38521|groove for inferior petrosal sinus
82252|sinus petrosus inferior
86372|groove for inferior petrosal sinus
7164|arteria phrenica inferior
51760|nodi lymphoidei phrenici inferiores
97282|vena phrenica inferior
70696|extremitas inferior
70696|inferior extremity1
70696|polus inferior
70696|lower pole
70697|extremitas inferior renis
70697|inferior extremity of kidney
70697|polus inferior renis
70698|lower pole of testis
56818|serratus posterior inferior (muscle)
49558|ligamentum pubicum inferius
49558|arcuate pubic ligament
49558|ligamentum arcuatum pubis
75388|ramus inferior ossis pubis
11652|brachium of inferior colliculus
46375|distal radioulnar joint
76416|recessus inferior omentalis
76416|inferior omental recess
69852|plexus (nervosus) rectalis inferior
69852|inferior hemorrhoidal plexuses
7165|arteria rectalis inferior
7165|inferior hemorrhoidal artery
59407|inferior anal nerves
97283|venae rectales inferiores
56819|musculus rectus inferior (bulbi)
80591|segmentum renale inferius
77879|inferior extensor retinaculum
97284|vein of cerebellomedullary cistern
78919|radix inferior ansae cervicalis
78919|inferior limb of ansa cervicalis
78919|descendens cervicalis
82253|sinus sagittalis inferior
82253|inferior longitudinal sinus
61478|inferior salivatory nucleus
61479|nucleus salivatorius inferior
61479|inferior salivary nucleus
80589|segmentum inferius
7166|artery of inferior segment of kidney
51123|lobulus semilunaris inferior
51123|crus II
51123|posterior lunate lobule
12912|bursa subtendinea musculi bicipitis femoris inferior
7169|arteria suprarenalis inferior
86916|facies inferior hemispherii cerebri
86918|facies inferior partis petrosae ossis temporalis
86919|facies inferior linguae
56820|musculus tarsalis inferior
89737|tarsus inferior
20217|inferior temporal gyrus
38895|gyrus temporalis inferior
38895|inferior temporal convolution
38895|third temporal convolution
50413|linea temporalis inferior ossis parietalis
50413|temporal ridge
6868|arteriola temporalis retinae inferior
98204|venula temporalis retinae inferior
98204|inferior temporal venule of retina
86373|sulcus temporalis inferior
86373|Clevenger fissure
98203|inferior temporal retinal venule
12215|rami terminales arteriae cerebri medii
12215|M2 segment of middle cerebral artery
66452|inferior thalamic radiation
66452|radiatio inferior thalami
66452|pedunculus thalami inferior
74830|inferior thalamic peduncle
97285|venae thalamostriatae inferiores
97285|striate veins
97285|venae striatae
5350|apertura thoracis inferior
5350|thoracic outlet1
7170|arteria thyroidea inferior
61158|incisura thyroidea inferior
69853|periarterial plexus of inferior thyroid artery
94511|tuberculum thyroideum inferius
97286|vena thyroidea inferior
97286|vena thyroidea ima
46376|tibiofibular syndesmosis
51761|bifurcation lymph nodes
51761|carinal lymph nodes
51761|nodi lymphoidei tracheobronchiales inferiores
49559|ligamentum transversum scapulae inferius
49559|spinoglenoid ligament
94257|truncus inferior plexus brachialis
11252|inferior nasal concha
7171|arteria tympanica inferior
7172|arteria collateralis ulnaris inferior
7172|arteria anastomotica magna1
7172|great anastomotic artery1
97288|vena inferior vermis
97269|venae inferiores cerebelli
97287|vena ventricularis inferior
7173|arteria vesicalis inferior
69854|plexus venosus vesicalis inferior
6192|area vestibularis inferior
61480|nucleus vestibularis inferior
99525|floor of orbit
99526|jugular wall of middle ear
34007|flexura inferodextra lateralis recti
34007|flexura inferior lateralis
52777|inferolateral margin of cerebral hemisphere
52778|margo inferolateralis
52778|inferolateral margin
52778|margo inferior cerebri
44369|apical infarction
86920|facies inferolateralis prostatae
52779|margo inferomedialis hemispherii cerebri
52779|margo medialis cerebri
44417|ectoparasitism
44419|infiltration2
44422|infiltrate2
26143|infinity
44433|infinite distance
44437|flammable
14341|carcinoma erysipelatoides
20666|exudation corpuscle
42552|denture hyperplasia
42552|epulis fissuratum
94893|omental mesenteric myxoid hamartoma
94893|plasma cell pseudotumor
94894|myxoinflammatory fibroblastic sarcoma
94895|myxoinflammatory fibroblastic sarcoma
42553|palatal papillomatosis
71014|pseudopolyp
83997|air splint
44472|flu
44472|grippe
9127|Haemophilus influenzae
44480|endemic influenza
78467|messenger RNA
51762|nodi lymphoidei infraauriculares
51762|nodi lymphoidei parotidei profundi infra-auriculares
51762|infraauricular subfascial parotid lymph nodes
51763|infraauricular deep parotid lymph nodes
44492|subaxillary
70476|subcrestal pocket
44496|subclavian1
35013|fossa infraclavicularis
35013|deltoideopectoral trigone
35013|infraclavicular triangle
35013|Mohrenheim fossa
35013|Mohrenheim space
35013|regio infraclavicularis
44421|Assmann tuberculous infiltrate
65883|pars infraclavicularis plexus brachialis
93652|infraclavicular fossa
44497|infraocclusion
44497|infraversion3
44499|subcostal1
50414|subcostal plane
44503|lower alveolar point
44505|subdiaphragmatic
44506|deorsumduction
35015|retroduodenal recess
44507|subglenoid
94512|tuberculum infraglenoidale (scapulae)
94512|infraglenoid tuberosity
94716|infraglenoid tubercle (of scapula)
44508|subglottic
15287|cavitas infraglottica
15287|aditus glottidis inferior
15287|cavitas infraglotticum
15287|cavum infraglotticum
15287|inferior laryngeal cavity
15287|infraglottic space
37137|glandulae infraglottica laryngis
83092|infraglottic cavity
44509|subhepatic
44510|subhyoid
44510|subhyoidean
11963|ramus infrahyoideus arteriae thyroideae superioris
12914|bursa infrahyoidea
51764|nodi lymphoidei infrahyoidei
56821|musculi infrahyoidei
56821|strap muscles
65884|pars infralobaris venae posterioris venae pulmonalis superioris dextrae
44512|submammary2
77171|regio inframammaria
44513|submandibular
44515|mandibular
44517|infraclusion
44518|suborbital
7174|arteria infraorbitalis
13658|canalis infraorbitalis
34571|foramen infraorbitale
38524|sulcus infraorbitalis
52780|margo infraorbitalis
59408|nervus infraorbitalis
77172|regio infraorbitalis
87227|sutura infraorbitalis
69307|orbitomeatal plane
86375|sulcus infrapalpebralis
44519|subpatellar2
11964|ramus infrapatellaris nervi sapheni
10986|infrapatellar fat-pad
32343|corpus adiposum infrapatellare
32343|infrapatellar fat body
34281|plica synovialis infrapatellaris
34281|plica synovialis patellaris
14996|furnacemen's cataract
14996|glassworker's cataract
83380|thermal spectrum
44522|subscapular2
77173|regio infrascapularis
65885|intersegmental vein
44523|subsonic
56822|musculus infraspinatus
12917|subtendinous bursa of infraspinatus
32035|infraspinous fascia
44525|subspinous1
32036|infraspinatus fascia
32036|fascia infraspinata
35017|fossa infraspinata
44527|substernal2
4165|angulus infrasternalis
4165|subcostal angle
4165|subcostal arch
4165|substernal angle
21244|crista infratemporalis alaris majoris ossis sphenoidalis
21244|pterygoid ridge of sphenoid bone
35018|fossa infratemporalis
35018|zygomatic fossa
86921|facies infratemporalis corporis maxillae
86922|facies infratemporalis alaris majoris ossis sphenoidalis
59409|nervus infratrochlearis
44533|subumbilical
44534|infraclusion
65886|pars tuberalis adenohypophyseos
76417|aditus ad infundibulum
76417|recessus infundibuli
84556|infundibular stem
84822|infundibular stalk
84852|Dittrich stenosis
44539|choanoid
32037|internal spermatic fascia
81427|femoral sheath
49560|ovarian fimbria
49561|suspensory ligament of ovary
44544|infundibulum of uterine tube
44544|conus arteriosus
44547|ethmoidal infundibulum
44549|infundibulum of pituitary gland
44548|infundibulum vesicae biliaris
44548|infundibulum vesicae felleae
44552|infundibulum hypothalami
44552|hypothalamic infundibulum
44553|conus arteriosus
44555|infundibulum tubae uterinae
44555|infundibulum2
44554|infundibulum of uterine tube
44556|infundibulum of gallbladder
44557|infundibulum of gallbladder
72283|lesser wing of sphenoid (bone)
92349|ingrown nail
39048|burrowing hairs
58732|ingrowing toenail
58732|onychocryptosis
58732|unguis aduncus
58732|unguis incarnatus
44569|groin1
34283|inguinal falx
11965|rami inguinales arteriarum pudendarum externarum profundarum
13659|canalis inguinalis
13659|abdominal canal
13659|Velpeau canal
31894|falx inguinalis
31894|conjoint tendon
31894|tendo conjunctivus
31894|conjoined tendon
31894|falx aponeurotica
31894|inguinal aponeurotic fold
34282|plica inguinalis
49562|ligamentum inguinale
49562|arcus inguinalis
49562|crural arch
49562|fallopian arch
49562|fallopian ligament
49562|femoral arch
49562|Poupart ligament
69855|plexus lymphaticus inguinalis
65887|pars inguinalis ductus deferentis
77174|groin1
93653|trigonum inguinale
93653|Hesselbach triangle
93653|inguinal trigone
93929|inguinal triangle
44577|insufflation2
44578|inspiration
44580|inspire
44581|respirator2
44581|puffer
16535|unit character
44611|carnosine
4747|univalent antibody
31702|migration-inhibitory factor
44678|inial
44680|iniac
44683|craniopagus occipitalis
44684|janiceps asymmetrus
26523|loading dose
75882|initial velocity
97607|initial rate
18680|start codon
78468|starter tRNA
44686|myositis
71563|demarcation potential
90593|Rorschach test
38207|epithelial inlay
99733|casting wax
44735|aditus
44737|laryngeal inlet
44740|inborn
43665|natural immunity
43665|nonspecific immunity
76794|inborn reflex
11412|anulus iridis minor
11412|lesser ring of iris
11412|pupillary zone of iris
53004|embryoblast
48373|tunica interna bulbi
48373|nervous tunic of eyeball
48374|stratum limitans internum
48374|stratum limitans internum retinae
50684|labium internum cristae iliacae
50684|internal lip of iliac crest
52479|medial malleolus
48375|stratum nucleare internum
48377|stratum plexiforme internum
81428|vagina interna nervi optici
81428|internal sheath of optic nerve
86377|sulcus spiralis internus
86377|internal spiral sulcus
85596|stria interna medullae renalis
89474|internal table of calvaria
100484|zona interna medullae renalis
56823|musculus intercostalis intimus
5798|motor apraxia
44745|colonization1
44745|indenization
56530|functional murmur
94896|benign tumor
44747|innoxious
44749|anonyma
11253|hip bone
97291|Vieussens veins
35024|fossa innominata
86026|substantia innominata
44750|innocuous
25033|inorganic pyrophosphatase
56531|functional murmur
63466|inorganic phosphate
68409|inorganic orthophosphate
74530|inorganic diphosphatase
44769|inositol
44770|fibremia
44772|hypoxanthinosine
44774|inosinic acid
44777|inosine 5′-monophosphate
44780|inositol
44782|antialopecia factor
44782|inose
44782|inosite
44782|lipositol
44782|mouse antialopecia factor
44788|inosuria1
44789|inosituria
44802|unsanitary
44806|inscription
44807|tendinous intersection
44808|inscriptio
44810|Hexapoda
44818|semination
44825|unconscious
91658|hypodipsia
44835|sunstroke
44837|sleeplessness
44846|inhalation1
13952|complementary air
99379|complemental air
44849|inhale
88136|lactobezoar
44860|dropper
44915|inhalant4
44919|island
44919|insular area
44919|insular cortex
44919|island of Reil
6193|insula1
7177|arteriae insulares
14342|primordial cell carcinoma
20758|insula1
38897|gyri insulae
51057|lobus insula
65888|lobus insula
65889|pars insularis arteriae cerebri mediae
80241|multiple sclerosis
97292|venae insulares
97292|under vena
93473|insulin shock treatment
44694|regular insulin injection
50744|insulin lipodystrophy
50769|insulin lipoatrophy
88137|metabolic syndrome
81571|wet shock
93474|insulin coma treatment
87115|lente insulin
31704|somatomedins
44949|immunity
72994|intrinsic proteins
44960|tegument2
89314|integument
44962|integument
8615|reminiscent aura
16728|consolidation chemotherapy
95708|critical care unit
93526|action tremor
93526|kinetic tremor
93526|volitional tremor2
44979|interacinous
44980|interacinar
71192|alveolar pores
81067|septum interalveolare
81067|alveolar septum
81067|septal bone
83093|interarch distance
80592|internodal segment
26144|interalveolar space
26144|interridge distance
33116|articular disc
46377|zygapophysial joints
34284|plica interarytenoidea
34284|posterior commissure of the larynx
34285|plica interarytenoidea rimae glottidis
61159|incisura interarytenoidea
44990|interauricular1
10770|intraatrial block
92114|intraatrial conduction time2
34573|foramen subseptale
34573|ostium primum
34573|primary interatrial foramen
34574|ostium secundum
34574|secondary interatrial foramen
81069|septum interatriale
44992|interatrial
5925|auricular arc
60146|internuncial1
61481|nucleus intercalatus
61481|Staderini nucleus
15668|mesangial cell
37556|diabetic glomerulosclerosis
37556|diabetic glomerulosclerosis
97293|venae intercapitulares
10987|carotid body
59411|carotid branch of glossopharyngeal nerve (CN IX)
46378|carpal joints
49564|ligamenta intercarpalia
45003|interchondral
65890|intercartilaginous part of rima glottidis
65891|pars intercartilaginea rimae glottidis
65891|glottis respiratoria
65891|intercartilaginous part of glottic opening
82255|sinus intercavernosi anterior et posterior
82255|Ridley sinus
12334|cell bridges
12334|cytoplasmic bridges
20044|deflective occlusal contact
45008|intercartilaginous
7765|interchondral joints
7765|under joint
46379|articulationes interchondrales
46379|interchondral articulations
45009|glabella
49565|ligamentum interclaviculare
61160|jugular notch of sternum
32038|intercrural fibers of superficial ring
32038|under fiber
32889|intercrural fibers of superficial ring
28619|eminentia intercondylaris
28619|eminentia intercondyloidea
28619|intercondyloid eminence
28619|spinous process of tibia
35025|fossa intercondylaris
35025|intercondyloid fossa2
35025|intercondylic fossa
35025|intercondyloid notch
35025|popliteal notch
50416|linea intercondylaris femoris
94514|tuberculum intercondylare (mediale et laterale)
28620|intercondylar eminence
35027|intercondylar fossa
61161|intercondylar fossa
49567|lateral sacrococcygeal ligament
49568|intercostal membranes
49568|under membrane
51765|nodi lymphoidei intercostales
53926|membranae intercostales
53926|intercostal ligaments
53926|ligamenta intercostalia
59412|nervi intercostales
59934|abdominal cutaneous nerve entrapment syndrome
83094|spatium intercostale
45017|intercostohumeral
59413|nervi intercostobrachiales
59413|intercostohumeral nerves
45018|intercostobrachial
59414|intercostobrachial nerves
45022|cricothyrotomy
45023|chemokines
32890|fibrae intercrurales anuli inguinalis superficialis
32890|intercolumnar fasciae
32890|intercolumnar fibers
36157|interpeduncular nucleus
46380|articulationes intercuneiformes
49569|ligamenta intercuneiformia
45028|interdigitation4
45029|intercuspation
13660|Hirschfeld canals
64843|gingival papilla
34286|web of fingers/toes
15669|Langerhans cells1
45036|intercuspation2
83095|episcleral space
32202|semilunar fasciculus
26124|dissociation by interference
45056|leukocyte interferon
45058|fibroblast interferon
45061|antigen interferon
45061|immune interferon
45069|interleukin-6
45065|trophoblast interferon
45065|trophoblastin
49570|ligamentum interfoveolare
49570|Hesselbach ligament
11966|rami interganglionares trunci sympathici
23628|interglobular space
83096|interglobular dentin
83096|interglobular space of Owen
83096|spatium interglobulare
83097|interglobular space
18139|crena analis
18139|crena ani
18139|crena interglutealis
18139|natal cleft
18139|anal cleft
18139|crena clunium
18139|gluteal cleft
51766|nodi lymphoidei interiliaci
23690|provisional denture
23690|temporary denture
45085|intersciatic
77369|interrater reliability
45092|multicolony-stimulating factor
45093|B-cell differentiating factor
45095|B-cell stimulatory factor 2
45095|interferon-β2
45097|anionic neutrophil-activating peptide
45097|monocyte-derived neutrophil chemotactic factor
45097|neutrophil chemotactant factor
45097|neutrophil-activating factor
7180|arteriae interlobares renis
86923|facies interlobares pulmonis
97295|venae interlobares renis
7181|arteriae interlobulares
7182|cortical radiate arteries
7183|arteria interlobulares (hepatis)
26847|ductus biliferi interlobulares
26929|ductuli interlobulares
97296|venae interlobulares renis
97297|venae interlobulares hepatis
45112|intermammillary
18140|sulcus intermammarius
18140|cleavage1
45113|intermammary
45115|incisive bone
11254|incisive bone
33769|mandibulomaxillary fixation
33769|maxillomandibular fixation
77330|maxillomandibular relation
87228|sutura intermaxillaris
93042|maxillomandibular traction
59415|intermediate nerve
89315|interstitial lamella
45118|intermedius
85507|stria cochlearis intermedia
3091|primary amputation
97298|median antebrachial vein
11967|ramus atrialis intermedius arteriae coronariae sinistrae
11967|lateral atrial branch of left coronary artery
11968|ramus atrialis intermedius arteriae coronariae dextrae
11968|lateral atrial branch of right coronary artery
11968|marginal atrial branch of right coronary artery
11968|right atrial branch of right coronary artery
97299|vena intermedia basilica
97299|median basilic vein
97299|vena mediana basilica
10988|midbody
11969|ramus intermedius arteriae hepaticae propriae
12503|bronchus intermedius
97300|vena intermedia cephalica
97300|median cephalic vein
97300|vena mediana cephalica
81073|septum cervicale intermedium
19154|columna intermedia
19154|intermediate region
19154|intermediate zone
97301|median cubital vein
11255|os cuneiforme intermedium
11255|mesocuneiform
11255|middle cuneiform bone
11255|second cuneiform bone
11255|wedge bone
25180|Z line
59417|nervus cutaneus dorsalis intermedius
36159|ganglia intermedia
56824|vastus intermedius (muscle)
97303|venae hepaticae intermediae
97303|middle hepatic veins
97303|venae hepaticae mediae
41624|secondary host
6196|intermediate hypothalamic region
6196|area hypothalamica intermedia
77177|intermediate hypothalamic area
32039|fascia investientes intermediae
46542|zonula adherens
51767|nodus lymphoideus lacunaris (vasculorum) intermedius
51767|intermediate lacunar node
60643|intermediate lacunar lymph node
47699|interstitial lamella
15288|aditus glottidis superior
48378|mantle layer
50417|intermediate zone of iliac crest
51768|nodi lymphoidei lumbales intermedii
53005|interthalamic adhesion
59416|nervus intermedius
59416|intermediary nerve
59416|portio intermedia
59416|Wrisberg nerve2
65892|pars intermedia
65893|pars intermedia adenohypophyseos
65894|pars intermedia urethrae masculinae
65894|membranous urethra
65894|pars membranacea urethrae masculinae
65894|membranous part of male urethra
65895|commissure of bulbs (of vestibule)
75992|W rays
77176|intermediate column
21246|crista sacralis medialis
21246|articular crest
21246|crista sacralis intermedia
59418|nervus supraclavicularis intermedius
59418|middle supraclavicular nerve
7184|middle temporal branch of insular part of middle cerebral artery
11970|rami temporales intermedii arteriae occipitalis lateralis
11970|middle temporal branches of lateral occipital artery
11970|rami temporales medii arteriae occipitalis lateralis
56825|vastus intermedius (muscle)
97302|median antebrachial vein
48379|stratum medullare intermedium
100485|intermediate column
100486|linea intermedia cristae iliacae
100486|intermediate line of iliac crest
45120|melanotropin
19155|intermediolateral nucleus
61483|nucleus intermediolateralis
61483|intermediolateral cell column of spinal cord
11971|ramus frontalis intermediomedialis arteriae callosomarginalis
61485|nucleus intermediomedialis
34008|flexura intermediosinistra lateralis
34008|flexura intermedia lateralis
45122|intermediate4
65896|intermembranous part of rima glottidis
65897|pars intermembranacea rimae glottidis
65897|glottis vocalis
65897|intermembranous part of glottic opening
64447|mittelschmerz
64447|midpain
69856|plexus (nervosus) intermesentericus
3441|intestinal arterial arcades
3441|under arcade
46381|articulationes intermetacarpales
7766|intermetatarsal joints
7766|under joint
46382|articulationes intermetatarsales
46382|intermetatarsal articulations
45129|os intermetatarseum
71247|acute intermittent porphyria
71247|acute porphyria
7540|periodic arthralgia
18056|Charcot syndrome
18056|myasthenia angiosclerotica
26012|dyscontrol
26012|episodic dyscontrol syndrome
42021|hydrops tubae profluens
98084|controlled mechanical ventilation
73996|pulsus intercidens
84955|fractional sterilization
12918|bursae intermusculares musculorum gluteorum
12918|gluteofemoral bursa
81075|septum intermusculare
45135|interne
45136|internus
34575|internal acoustic opening
53312|meatus acusticus internus
53312|internal auditory meatus
62740|porus acusticus internus
62740|auditory pore
62740|internal acoustic foramen
62740|internal acoustic pore
62740|internal auditory foramen
62740|opening of internal acoustic meatus
62740|orifice of internal acoustic meatus
71193|internal acoustic opening
66941|concretio cordis
83577|musculus sphincter ani internus
83577|internal sphincter muscle of anus
32891|fibrae arcuatae internae
8512|precision attachment
7185|labyrinthine artery
34576|internal acoustic opening
53313|internal acoustic meatus
97304|labyrinthine veins
8956|axis internus bulbi oculi
9585|internal surface of cranial base
11974|ramus internus nervi laryngei superioris
11978|ramus internus trunci nervi accessorii
11978|internal ramus of accessory nerve
13919|medial angle of eye
14080|capsula interna
69857|plexus (nervosus) arteriae carotidis internae
7186|arteria carotis interna
59419|nervus caroticus internus
69858|plexus venosus caroticus internus
14669|body packer
97305|venae internae cerebri
97305|veins of Galen1
49571|ulnar collateral ligament of wrist joint
19854|median conjugate
27595|auris interna
63209|female internal genitalia
33770|intraosseous fixation
40230|concealed hemorrhage
7187|arteria iliaca interna
7187|arteria hypogastrica
7187|hypogastric artery
51769|nodi lymphoidei iliaci interni
97306|vena iliaca interna
78713|deep inguinal ring
56826|musculus intercostalis internus
53927|membrana intercostalis interna
97307|vena jugularis interna
33680|ethmoidal-lacrimal fistula
50685|inner lip of iliac crest
48380|stratum longitudinale internum musculus detrusoris vesicae
63210|male internal genitalia
52480|medial malleolus
7188|internal thoracic artery
69859|periarterial plexus of internal thoracic artery
7189|maxillary artery
69860|periarterial plexus of maxillary artery
54112|pachymeningitis interna
11973|rami nasales interni
61122|secondary choana
56827|musculus obliquus internus abdominis
56827|abdominal internal oblique muscle
56828|obturator internus (muscle)
21247|crista occipitalis interna
73194|protuberantia occipitalis interna
62742|apertura interna canalis carotici
62743|apertura interna canaliculi cochleae
62744|apertura interna canaliculi vestibuli
62993|ophthalmoplegia interna
67818|discontinuous phase
67818|dispersed phase
98295|podalic version
56829|medial pterygoid (muscle)
7190|arteria pudenda interna
97308|vena pudenda interna
75396|internal branch of trunk of accessory nerve
77647|tissue respiration
59420|saphenous nerve
33117|medial meniscus
81429|inner sheath of optic nerve
7191|testicular artery
32041|fascia spermatica interna
32041|infundibuliform fascia
32041|tunica vaginalis communis
56830|internal anal sphincter
86381|inner spiral sulcus
84211|esotropia
86924|facies interna
86925|basis cranii interna
86925|internal base of skull
86926|facies interna ossis frontalis
86927|facies interna ossis parietalis
89475|lamina interna calvariae
89475|inner table of skull
89475|lamina interna cranii
7192|arteria thoracica interna
7192|arteria mammaria interna
7192|internal mammary artery
69862|mammary plexus
69862|plexus mammarius
69861|periarterial plexus of internal thoracic artery
97309|vena thoracica interna
62745|internal urethral orifice
63341|ostium urethrae internum
63341|internal urethral opening
83578|musculus sphincter urethrae internus
83578|preprostatic sphincter
83578|supracollicular sphincter
83578|anulus urethralis
83578|muscular sphincter supracollicularis
83578|musculus sphincter vesicae
83578|preprostate urethral sphincter
83578|proximal urethral sphincter
83578|sphincter muscle of urinary bladder
83578|sphincter vesicae
69863|plexus venosus vertebralis internus
69863|epidural venous plexus
45139|internasal
45140|internarial
87229|sutura internasalis
45146|intern
80594|interanular segment
80594|internode
80594|Ranvier segment
80594|segmentum internodale
45151|internodal segment
45153|intercalary neuron
45154|internal
18091|freeway space
26146|freeway space
26146|interocclusal rest space1
36319|freeway space
76546|checkbite
83099|interocclusal distance1
83099|freeway space
45160|interosseous
45162|interosseal
11413|margo interosseus
11413|interosseous crest
11413|interosseous margin
11414|margo interosseus fibulae
11415|margo interosseus radii
11416|margo interosseus tibiae
11417|margo interosseus ulnae
12921|interosseous cubital bursa
14718|connecting cartilage
21248|interosseous border
12920|bursa cubitalis interossea
12920|interosseous bursa of elbow
49572|cuneocuboid interosseous ligament
49573|cuneometatarsal interosseous ligaments
38525|calcaneal sulcus
38525|sulcus tali
38526|calcaneal sulcus
38527|sulcus tali
52781|interosseous border
53928|membrana interossea antebrachii
53929|membrana interossea cruris
53929|ligamentum tibiofibulare medium
49574|ligamenta metacarpalia interossea
83100|spatia interossea metacarpi
49575|metatarsal interosseous ligaments
83101|spatia interossea metatarsi
56831|musculi interossei
59421|crural interosseous nerve
49576|ligamentum sacroiliacum interosseum
49577|talocalcaneal interosseous ligament
49578|transverse tibiofibular ligament
78580|rete ridge
11256|os interparietale
11256|Inca bone
11256|incarial bone
11256|os incae
86382|intraparietal sulcus
87230|sagittal suture
51770|nodi lymphoidei interpectorales
17867|cisterna interpeduncularis
17867|basal cistern
17867|cisterna basalis
17867|cisterna cruralis
17867|Tarin space
35029|fossa interpeduncularis
36161|interpeduncular nucleus
61487|nucleus interpeduncularis
61487|ganglion isthmi
61487|Gudden ganglion
61487|intercrural ganglion
61487|interpeduncular ganglion
7767|interphalangeal joints of hand
7767|under joint
15672|pillar cells
46383|articulationes interphalangeae pedis
46384|articulationes interphalangeae manus
46384|digital joints
46384|interphalangeal articulations
46384|phalangeal joints
45171|karyostasis
83102|mediastinum2
92957|tractus interpositospinalis
61490|nucleus interpositus
64845|gingival papilla
86928|approximal surface of tooth
25181|discus interpubicus
25181|fibrocartilago interpubica
25181|interpubic fibrocartilage
25181|lamina fibrocartilaginea interpubica
33118|interpubic disc
81078|mediastinum2
81080|septa interradicularia mandibulae et maxillae
81080|intraalveolar septa
77370|interjudge reliability
26147|interarch distance
77648|cogwheel respiration
93654|scalene hiatus
37140|brown fat
40962|brown fat
76795|scapular reflex
3092|forequarter amputation
45184|interischiadic
45185|intersection
45187|tendinous intersection
45188|intersectio
45186|tendinous intersections of rectus abdominis
45186|under intersection
32204|fasciculi proprii
65898|intersegmental vein
97310|intersegmental part of pulmonary vein
97310|partes intersegmentales venarum pulmonum
97310|infrasegmental part
33557|ansoparamedian fissure
45195|diaphragm1
83106|intervaginal subarachnoid space of optic nerve
76418|recessus intersigmoideus
45199|interspinous
50418|linea interspinalis
56832|interspinales (muscles)
69309|interspinous plane
56833|musculi interspinales
56833|interspinal muscles
56834|cervical interspinal muscle
56834|cervical interspinales muscles
56834|musculus interspinalis cervicis/colli
56835|musculus interspinalis lumborum
56835|lumbar interspinal muscle
56836|musculus interspinalis thoracis
56836|thoracic interspinal muscle
56836|thoracic interspinales muscles
45201|interspinal
49579|ligamentum interspinale
69310|planum interspinale
69310|interspinal plane
69310|Lanz line
46385|synchondroses intersternebrales
46385|under synchondrosis
45202|interstitium
61494|nucleus amygdalae interstitialis
94897|Leydig cell tumor
41498|lutropin
15673|Leydig cells
34112|tissue fluid
37142|interstitial cells
37142|under cell
47700|ground lamella
47700|intermediary system
47700|intermediate lamella
58572|myositis fibrosa
60003|Eichhorst neuritis
61495|nuclei interstitiales hypothalami anterioris
61493|nucleus interstitialis
61493|interstitial nucleus of Cajal
61496|interstitial nucleus
61500|nucleus interstitiales fasciculi longitudinalis medialis
70368|Pneumocystis jiroveci pneumonia
70367|giant cell pneumonia
71796|intramural pregnancy
37594|Clarke-Fournier glossitis
92236|connective tissue
92958|tractus interstitiospinalis
45204|interstice
45205|tarsotarsal
7768|intertarsal joints
7768|under joint
46386|articulationes intertarseae
46386|intertarsal articulations
46386|tarsal joints
19932|connexus intertendinei musculi extensoris digitorum
19932|juncturae tendinum
1277|adhesio interthalamica
1277|massa intermedia
1277|commissura cinerea
1277|commissura grisea1
1277|intermediate mass
61162|incisura intertragica
61162|incisura tragica
56837|musculi intertransversarii
56837|intertransverse muscles
49580|ligamentum intertransversarium
56838|intertransversarii (muscles)
21249|crista intertrochanterica
21249|trochanteric crest
50419|linea intertrochanterica
42734|ancylostomiasis
38528|intertubercular sulcus
38528|sulcus intertubercularis
50420|linea intertubercularis
69311|planum intertuberculare
86383|intertubercular groove
86383|bicipital groove
81431|vagina tendinis intertubercularis
45213|interureteric
45214|interureteral
21250|plica interureterica
21250|bar of bladder
21250|interureteric fold
21250|Mercier bar
21250|plica ureterica
21250|torus uretericus
21250|ureteric fold
34287|interureteric crest
83107|spatium intervaginale subarachnoidale nervi optici
83107|intersheath spaces of optic nerve
83107|Schwalbe spaces
81135|intron
94515|tuberculum intervenosum (atrii dextri)
94515|Lower tubercle
3991|angioplasty
34577|foramen interventriculare
34577|Monro foramen
34577|porta2
11979|rami interventriculares septales arteriae coronariae sinistrae/dextrae
11979|rami interventriculares septales
11979|septal branches
81081|septum interventriculare
81081|ventricular septum
14719|intervertebral disc
25182|discus intervertebralis
25182|fibrocartilago intervertebralis
25182|intervertebral cartilage
34579|foramen intervertebrale
36162|spinal ganglion
61163|vertebral notch
86929|facies intervertebralis vertebrae
87401|symphysis intervertebralis
97311|vena intervertebralis
94258|trunci (lymphatici) intestinales
3442|enteroenterostomy
3922|abdominal angina
5937|intermesenteric arterial anastomoses
5937|Riolan arc1
5937|Riolan arcades
15420|cecum
28722|pneumatosis cystoides intestinalis
33681|fecal fistula
34409|intestinal glands
34409|under gland
37143|glandulae intestinales
37143|crypts of Lieberkühn
37143|Galeati glands
37143|intestinal follicles
37143|Lieberkühn follicles
37143|Lieberkühn glands
45288|autointoxication
76373|cubilin
80015|schistosomiasis mansoni
84664|enterostasis
86930|facies intestinalis uteri
86930|posterior surface of uterus
98637|villi intestinales
45259|bowel
45259|gut1
45259|intestinum1
45263|intestine
45264|cecum1
45265|large intestine
45269|small intestine
45270|mesenteric portion of small intestine
45275|metatarsus adductus
45282|medial rotator
45285|poisoning2
45285|acute alcoholism
81002|interradicular septa of maxilla and mandible
81002|under septum
14720|articular disc
14720|meniscus lens
49581|intraarticular ligament of head of rib
49582|intraarticular ligament of costal head
49582|ligamentum capitis costae intraarticulare
49583|ligamentum sternocostale intraarticulare
10771|interatrial block
92115|interatrial conduction time
45300|endobronchial
49584|ligamenta intracapsularia
45304|endocardiac1
45304|endocardial
45304|intracordal
15124|cardiac catheter
45306|enchondral
45306|endochondral
69864|cavernous nerve plexus
29566|endoenzyme1
34113|intracellular water
92762|endotoxin
99638|intracellular fluid
40231|cerebral hemorrhage
45314|endocervical1
45317|intracardiac
45320|intraglobular2
15289|cranial cavity
36163|superior ganglion of glossopharyngeal nerve
6922|neurocranial granulomatous arteritis
65899|pars intracranialis nervi optici
65900|pars intracranialis arteriae vertebralis
70255|intracranial pneumocele
70273|intracranial pneumatocele
45324|refractory1
45324|obstinate1
29787|pharmacoresistent epilepsy
33558|fissura intraculminalis
45325|intradermal
45325|intradermic
45328|intracutaneous
90596|skin test
64895|duct papilloma
54430|secondary mesoderm
14345|carcinoma in situ
45337|intrapyretic
51771|nodi lymphoidei intraglandulares
51771|nodi lymphoidei parotidei profundi intraglandulares
51771|intraglandular parotid lymph nodes
51772|intraglandular deep parotid lymph nodes
45345|intracorpuscular
86388|sulcus intragracilis
17083|cholestasis of pregnancy
17083|cholestatic hepatosis icterus gravidarum
17083|recurrent jaundice of pregnancy
72284|processus intrajugularis
61502|nuclei intralaminares thalami
65901|pars intralaminaris nervi optici intralocularis
65902|pars intralobaris (intersegmentalis) venae posterioris lobi superioris pulmonis dextri
45354|intratubal
3764|intraosseous anesthesia
93056|trigeminal tractotomy
63692|membranous ossification
45360|intraparietal1
65903|pars intramuralis urethrae masculinae
65903|pars preprostatica urethrae masculinae
65903|preprostatic part of male urethra
71798|interstitial pregnancy
71798|tubouterine pregnancy
34114|aqueous humor
65904|pars intraocularis venae centralis retinae
65905|pars intraocularis nervi optici
5178|Caldwell-Luc operation
45372|intraosteal
3767|intramedullary anesthesia
33771|internal fixation
45373|intraosseous
26748|drusen of the optic nerve head
45376|intramural
86390|sulcus intraparietalis
86390|interparietal sulcus
86390|intraparietal sulcus of Turner
86390|Turner sulcus
86392|intraparietal sulcus
69866|parotid plexus of facial nerve
45379|endopericardiac
71799|abdominal pregnancy
45381|intrapsychic
45387|intrapersonal
10838|vasa sanguinea intrapulmonalia
51773|nodi lymphoidei intrapulmonales
51773|nodi lymphoidei pulmonales
51773|pulmonary lymph nodes
45390|intrafebrile
7194|arteriae intrarenales
77000|pyelotubular reflux
97312|venae intrenales
45394|intraspinal
12505|bronchi intrasegmentales
12505|branches of segmental bronchi
12505|rami bronchiales segmentorum
65906|pars intrasegmentalis venae pulmonum
65906|intrasegmental veins
97313|intrasegmental part of pulmonary veins
45397|intrarrhachidian
45397|intrarachidian
12923|intratendinous olecranon bursa
12924|bursa intratendinea olecrani
12924|bursa of Monro
12924|intratendinous bursa of elbow
32893|fibrae intrathalamicae
3768|endotracheal anesthesia
45445|endotracheal intubation
94393|endotracheal tube
45406|intraluminal
3093|congenital amputation
20086|intrauterine device
24210|intrauterine contraceptive device
35341|fetal fracture
77772|fetal growth restriction
49363|prenatal life
37571|glomus intravagale
94898|epithelioid hemangioendothelioma
45411|endovenous
3770|Bier block
19690|ventricular conduction
45417|essential6
31705|Castle intrinsic factor
32894|association fibers
72995|integral proteins
45420|intubator2
45424|introitus of facial canal
45425|introitus canalis
63211|penis
45431|intervening sequence
45436|intussusception
45449|introducer
45451|enlargement
45454|enlargement
45455|cervical enlargement
45456|geniculate ganglion
45457|lumbosacral enlargement
45458|tympanic enlargement
45459|introsusception
38649|auxetic growth
45470|inulinase
45471|alant starch
45471|alantin
45471|dahlin
45472|inulase
45473|alantol
32665|tsutsugamushi disease
2409|Km allotypes
4894|Km antigen
69383|gastrula
45483|hyaluronidase1
55724|chorioadenoma destruens
45490|helminthiasis
45498|β-fructofuranosidase
43555|real image
76797|paradoxic reflex
45502|β-fructofuranosidase
76799|orienting reflex
32050|fascia investiens abdominis
14722|articular cartilage
48381|fascia investiens
48382|lamina superficialis fasciae cervicalis
48382|superficial layer of deep cervical fascia
14882|refractory cast
24758|chemodifferentiation
45512|involucrum
45514|involucre
89317|autonomic (visceral motor) division of nervous system
45516|catagenesis
45526|thyroid peroxidase
45528|iodometry
45529|thyroid peroxidase
1999|radioiodinated serum albumin
37799|iodopropylidene glycerol
37799|organidin
61840|iodine value
96650|iodine number
42667|Jod-Basedow phenomenon
45546|iodophilia
45547|iodophilia
45555|chloriodized oil
45557|thyroglobulin1
45562|iodimetry
45563|iopanoic acid
45564|iophendylate
45565|iodinophil
45565|iodinophile
45565|iodinophilous
45566|tamed iodine
45567|tetraiodophenolphthalein sodium
45570|iodinated glycerol
45572|visual violet
45573|diodone
45578|thyroid peroxidase
26014|channelopathies
53410|iontophoresis
45596|iontophoresis
45598|electropherogram
45600|electropherogram
45602|electrophoresis
45603|electrophoretic
45604|ionic medication
45604|ionization3
45604|iontotherapy
45606|iontophoresis
45608|iodopanoic acid
45610|iodophendylate
45611|iophenoxic acid
45612|iophenoic acid
45619|iotrolan
45620|iotrol
45629|ipecacuanha
45630|ipecac
45636|orizaba jalap root
45638|morning glory
45648|homolateral
45657|iridial
45657|iridian
45657|iridic
45670|iridal
65907|pars iridica retinae
45671|irisin
4166|angulus iridocornealis
4166|angle of iris
4166|angulus iridis
4166|filtration angle
88141|Cogan-Reese syndrome
88141|iris-nevus syndrome
88142|Chandler syndrome
45681|Behçet syndrome
45687|tremulous iris
45692|pupillomotor
45693|iridoplegia
45695|iridoparalysis
45707|orris
45708|monocular heterochromia
45712|collarette
88143|iridocorneal endothelial syndrome
56106|chondrus2
45713|iridin2
3651|hypoferric anemia
51493|Drinker respirator
40561|incarcerated hernia
11257|os irregulare
23629|tertiary dentin
61974|dissociated nystagmus
18945|unstable colloid
15674|Türk cell
45753|fellatio
88146|Isaac-Merton syndrome
88147|Isaac syndrome
45762|pyrrol blue
20129|myocardial rigor mortis
20129|stone heart
45773|sciatic1
7195|companion artery to sciatic nerve
69867|sacral plexus
83768|ischial spine
45774|sciatic
45775|sciatic1
11258|ischium
12927|sciatic bursa of gluteus maximus
13054|weaver's bottom
75403|ramus of ischium
83769|spina ischiadica
83769|ischiadic spine
83769|sciatic spine
94717|tuber ischiadicum
94717|tuber of ischium
45776|ischiodynia
45777|sciatic1
35032|fossa ischioanalis
35032|fossa ischiorectalis
35032|ischiorectal fossa
35032|Velpeau fossa
49585|ischiofemoral ligament
56844|musculus ischiocavernosus
56844|musculus erector clitoridis
56844|musculus erector penis
45784|sciatic hernia
45786|coccygeus muscle
45787|ischialgia1
49586|ligamentum ischiofemorale
49586|ischiocapsular ligament
49586|ligamentum ischiocapsulare
32344|fat body of ischioanal fossa
35034|ischioanal fossa
45797|iliothoracopagus
45801|os ischii
45801|ischial bone
45811|ichthyocolla
45812|insula2
25581|tsutsugamushi disease
32666|tsutsugamushi disease
45819|insula1
92238|islets of Langerhans
92238|under islet
45822|islet tissue
45822|Langerhans islands
45822|pancreatic islands
45822|pancreatic islets
45829|isohemagglutinin
45835|epiandrosterone
45846|isovolumic
45847|isochroous
45852|isochromatic1
45853|isocitrate lyase
45855|isocitric acid dehydrogenase
45855|oxalosuccinic carboxylase
45856|isocitrase
45856|isocitratase
45856|isocitritase
45858|isocitrate dehydrogenase
45859|isocitrate lyase
45863|neocortex
45863|homotypic cortex
45863|neopallium
19433|equiphasic complex
45872|l-rhamnose
45874|isoenergetic
45875|isopotential
28285|electrocerebral silence
67123|abnormal ST segment
45877|isodynamogenic1
45878|isozyme
45882|diisopropyl fluorophosphate
45885|syngeneic
38208|syngraft
38208|isograft
45887|isomaltose
45890|syngraft
45890|isogeneic graft
45890|syngeneic graft
45892|isoagglutinin
91808|autoimmune neonatal thrombocytopenia
45898|genetic isolate
24261|type 2 dextrocardia
27277|warty dyskeratoma
42771|selective hypoaldosteronism
45906|syngeneic
38209|syngraft
45910|oligo-α-1
45910|6-glucosidase
45911|isogentiobiose
45916|isomerous
45924|isomeric
67124|isovolumic period
45927|isomorphous
77698|Köbner phenomenon
45929|isomorphic
45935|monoisonitrosoacetone
45935|pyruvaldoxine
45936|isosmotic
45941|autolysis
44932|NPH insulin
45943|syngeneic
38210|syngraft
45945|isoelectric
45947|isoproterenol
45951|isopropyl alcohol
45953|dimethylcarbinol
45953|isopropanol
45954|isoproterenol
45959|isoprenaline
45959|isopropylarterenol
45968|autosensitize
45970|isoosmotic
45984|methylmalonic acid
20113|isotonic exercise
30949|isotonic contraction
25183|I band
46004|sweaty feet syndrome
46005|isovalerylcoenzyme A
46007|isovaleryl-CoA
46010|isovolumic
77358|isovolumic relaxation
46011|isochoric
46011|isovolumetric
67127|isometric period of cardiac cycle
77359|isovolumetric relaxation
46012|isoenzyme
46014|psyllium seed
46019|faucial paralysis
46019|isthmoplegia
46020|isthmoparalysis
46021|rhombencephalic isthmus
46023|aortic isthmus
46029|isthmus of cartilaginous auricle
46034|isthmus of fauces
46035|isthmus of thyroid gland
46037|isthmus of cingulate gyrus
46042|isthmus of external acoustic meatus
46022|aortic isthmus
46025|isthmus of pharyngotympanic tube
46026|isthmus of cartilaginous auricle
46027|isthmus cartilaginis auris
46027|isthmus of cartilage of ear
46030|isthmus gyri cinguli
46030|isthmus of gyrus fornicatus
46030|isthmus of limbic lobe
46031|isthmus of pharyngotympanic tube
46032|isthmus meatus acustici externi
46033|isthmus faucium
46033|oropharyngeal isthmus
46038|isthmus of cingulate gyrus
46039|rhombencephalic isthmus
46041|isthmus of cingulate gyrus
46047|isthmus tubae auditivae
46047|isthmus tubae auditoriae
46047|isthmus of auditory tube
46047|isthmus of eustachian tube
46048|isthmus pharyngis
46048|pharyngeal isthmus
46051|isthmus prostatae
46054|isthmus glandulae thyroideae
46059|isthmus tubae uterinae
46060|isthmus uteri
46060|Guyon isthmus
46060|orificium internum uteri
46060|os uteri internum
46060|ostium uteri internum
46045|isthmus of pharynx
46046|choana
46050|isthmus of prostate
46052|rhombencephalic isthmus
46055|isthmus of pharyngotympanic tube
46056|isthmus of pharyngotympanic tube
46057|isthmus of uterine tube
46058|isthmus of uterus
46062|methylenesuccinic acid
46063|pruritus2
46083|pruritus1
46090|cerebral aqueduct
46086|anterior canaliculus of chorda tympani
46087|canaliculus of chorda tympani
46088|iter dentium
46089|iter dentis
88148|polysplenia
53930|membrana eboris
31776|rho factor
31789|sigma factor
2852|porphobilinogen synthase
71238|porphobilinogen synthase porphyria
42089|5-hydroxylysine
90923|chi-square test
31751|psi factor
32351|omega-3 fatty acids
16588|delta check
39660|3.6(null)helix
39660|Pauling-Corey helix
1655|α-adrenoceptor antagonist
1655|alpha-blocker
4557|α-adrenergic blocking agent
3167|glycogenase
3167|ptyalin
3167|Taka-diastase
35965|melibiase
37696|glucoinvertase
24247|limit dextrinase1
24247|pullulanase
24247|R enzyme
37649|phosphorylase
37646|1
37646|4-α-d-glucan-branching enzyme
42075|activated acetaldehyde
46981|2-oxoglutaric acid
46983|2-oxoglutarate dehydrogenase
46983|α-ketoglutarate dehydrogenase complex
19440|α-ketoglutarate dehydrogenase
47607|active pyruvate
68043|phenethicillin potassium
92322|vitamin E1
37891|orosomucoid
5152|α(null)-trypsin inhibitor
5152|human α(null)-protease inhibitor
44674|α(null)-antitrypsin
20832|β phage
67632|β corynebacteriophage
24952|penicillamine
1656|β-adrenergic receptor blocking agent
1656|β-adrenoreceptor antagonist
1656|beta-blocker
1658|β-adrenergic blocking agent
4558|β-adrenergic blocking agent
3168|glycogenase
3168|saccharogen amylase
14632|β-carotene-cleavage enzyme
14632|carotenase
29549|β-carotene 15
29549|15′-dioxygenase
20816|corticotropin2
22490|cystathionine β-lyase
35967|lactase
37697|amygdalase
37697|cellobiase
37697|gentiobiase
37710|glusulase
37710|glycuronidase
23199|mucopolysaccharidase
35619|invertase
35619|invertin
35619|saccharase
39341|chorionic gonadotropin
85453|hemolytic streptococci
42092|3-hydroxy-3-methylglutaryl-CoA
42063|3-hydroxybutyric acid
91119|F thalassemia
46972|3-oxoacyl-ACP reductase
46973|3-oxoacyl-ACP synthase
46986|3-hydroxyacyl-CoA dehydrogenase
47003|3-hydroxyacyl-CoA dehydrogenase
47014|acetyl-CoA acyltransferase
47531|cephalosporinase
47531|lactamase
47531|penicillinase1
54244|2-mercaptoethanol
91629|cystathionine β-synthase
95355|tyrosine phenol-lyase
3169|exo-1
3169|4-α-d-glucosidase
22491|cystathionine γ-lyase
37726|γ-glutamyl hydrolase
37746|carboxypeptidase G
37746|γ-glutamate (glutamate γ-) carboxypeptidase
37748|γ-glutamyltransferase
37747|γ-glutamyl transpeptidase
25541|Franklin disease
42061|4-hydroxybutyrate
42064|gamma-hydroxybutyrate
45569|glyceryl iodide
