99319|V(null)
99085|vaccine
66057|accessory nerve [CN XI]
96485|vagino-
96496|anular part of fibrous digital sheath of digits of hand and foot
96496|cruciform part of fibrous digital sheaths of hand and foot
96497|anular part of fibrous digital sheath of digits of hand and foot
96497|cruciform part of fibrous digital sheaths of hand and foot
96503|inner sheath of optic nerve
96503|external sheath of optic nerve
96585|accessory nerve [CN XI]
96602|Valentin corpuscles
96602|under corpuscle
96602|Valentin ganglion
96602|Valentin nerve
96603|Valentine position
96603|Valentine test
96635|Valleix points
96635|under point
96641|aneurysm of sinus of Valsalva
96641|Valsalva antrum
96641|Valsalva ligaments
96641|under ligament
96641|Valsalva maneuver
96641|Valsalva muscle
96641|Valsalva sinus
96641|teniae of Valsalva
96641|under tenia
96641|Valsalva test
96795|Canavan-van Bogaert-Bertrand disease
96795|van Bogaert encephalitis
96796|van Buchem syndrome
96797|van Buren sound
96797|van Buren disease
96799|Ellis-van Creveld syndrome
96801|van Deen test
96802|van den Bergh test
96803|Spigelius
96804|van der Velden test
96805|van der Waals forces
96805|under force
96806|Lobry de Bruyn-van Ekenstein transformation
96807|van Ermengen stain
96808|van Gieson stain
96809|van Helmont mirror
96809|blas
96810|van Horne canal
96817|slyke
96817|Van Slyke apparatus
96817|Van Slyke formula
96818|van't Hoff equation
96818|van't Hoff law
96818|van't Hoff theory
96818|Le Bel-van't Hoff rule
30066|van't Hoff law
51507|vanishing lung syndrome
96828|Vaquez disease
77245|immunoglobulin
37507|zoster immune globulin
96915|ileal sphincter
96915|valve of Varolius
96915|pons varolii
96924|blood capillary
96924|lymph capillary
96925|lacteal2
63230|circumventricular organs
97039|vastus intermedius (muscle)
97039|vastus lateralis (muscle)
97039|vastus medialis (muscle)
97040|VATER complex
97041|ampulla of Vater
97041|Vater corpuscles
97041|under corpuscle
97041|Vater fold
97041|Vater-Pacini corpuscles
97041|under corpuscle
97050|VDRL test
77483|asexual reproduction
15951|Langerhans cells
97485|anterior vein of septum pellucidum
97485|posterior vein of septum pellucidum
97245|great cerebral vein
4958|high frequency blood groups
4958|Blood Groups Appendix
97601|Vella fistula
97601|Thiry-Vella fistula
97616|Velpeau bandage
97616|Velpeau canal
97616|Velpeau fossa
97616|Velpeau hernia
4959|low frequency blood groups
4959|Blood Groups Appendix
97773|basal vein
97893|petrosal vein
97898|anterior pontomesencephalic vein
98005|basal vein
97888|basal vein
97966|superior veins of cerebellar hemisphere
97966|under vein
98029|veno-
98032|Venn diagram
12239|ventral primary rami of cervical spinal nerves
12239|under ramus
12239|ventral primary rami of lumbar spinal nerves
12239|under ramus
12239|ventral primary rami of sacral spinal nerves
12239|under ramus
12239|anterior ramus of spinal nerve
61796|ventral posterior nucleus of thalamus
61797|ventrobasal complex
61798|ventrobasal complex
61799|ventrobasal complex
61800|posterior hypothalamic area
75744|anterior ramus of spinal nerve
61801|medial geniculate nuclei
23126|tegmental decussations2
37259|laryngeal glands
71769|Wolff-Parkinson-White syndrome
61807|anterior horn
61808|intermediate hypothalamic area
98185|Venturi effect
98185|Venturi meter
98185|Venturi tube
98218|evoked response
98233|Verga ventricle
98233|cavum vergae
98238|Verheyen stars
98238|under star
98238|stellulae verheyenii
98238|under stellula
98239|Verhoeff elastic tissue stain
98248|vermicule
98261|Verner-Morrison syndrome
98262|Vernet syndrome
98263|Vernier acuity
98266|Verocay bodies
98266|under body
83195|spinal dura mater
49842|iliolumbar ligament
49842|sacrospinous ligament
49842|sacrotuberous ligament
71946|cephalic presentation
89003|retraction syndrome
88360|retraction syndrome
98397|Vesalius bone
98397|Vesalius foramen
98397|Vesalius vein
98398|vesico-
49843|median umbilical ligament
49843|cord of umbilical artery
12240|posterior vestibular branch of vestibulocochlear artery
12240|anterior vestibular artery
37261|greater vestibular gland
37261|lesser vestibular glands
61817|vestibular nuclei
98537|lateral vestibulospinal tract
93033|medial vestibulospinal tract
4764|Vi antigen
98592|Vicq d'Azyr bundle
98592|Vicq d'Azyr centrum semiovale
98592|Vicq d'Azyr foramen
98602|vidian artery
98602|vidian canal
98602|vidian nerve
98602|vidian vein
98603|Vierra sign
98604|Vieussens anulus
98604|Vieussens ansa
98604|Vieussens centrum
98604|Vieussens foramina
98604|under foramen
98604|Vieussens ganglia
98604|under ganglion
98604|Vieussens isthmus
98604|Vieussens limbus
98604|Vieussens loop
98604|Vieussens ring
98604|valve of Vieussens
98604|Vieussens valve
98604|Vieussens veins
98604|under vein
98604|Vieussens ventricle
98630|festooning
98655|Vincent angina
98655|Vincent bacillus
98655|Vincent disease
98655|Vincent infection
98655|Vincent spirillum
98655|Vincent tonsillitis
98672|Vineberg procedure
98679|Plummer-Vinson syndrome
36427|endemic nonbacterial infantile gastroenteritis
36427|epidemic nonbacterial gastroenteritis
72158|nucleic acid probe
85270|replicative form
98699|Virchow angle
98699|Virchow cells
98699|under cell
98699|Virchow corpuscles
98699|under corpuscle
98699|Virchow crystals
98699|under crystal
98699|Virchow disease
98699|Virchow node
98699|Virchow psammoma
98699|Virchow-Holder angle
98699|Virchow-Hassall bodies
98699|under body
98699|Virchow-Robin space
98705|rape
98705|virgin
40177|α′ hemolysis
60163|motor neuron
10546|amaurosis fugax
34712|vitalism
95776|Dam unit
99270|yolk sac
98510|vitelline artery
98510|vitelline vein
99316|Mikulicz-Vladimiroff amputation
99316|Vladimiroff-Mikulicz amputation
99317|lipoprotein
99326|Voges-Proskauer reaction
99329|Spielmeyer-Vogt disease
99328|Vogt syndrome
99331|Vogt syndrome
99327|Vogt-Koyanagi syndrome
99330|Vogt angle
99333|Vohwinkel syndrome
99352|Volhard test
99355|Volkmann canals
99355|under canal
99356|Volkmann cheilitis
99356|Volkmann contracture
99356|Volkmann spoon
99358|Vollmer test
99359|Volpe-Manhold Index
99368|Voltolini disease
99369|water
28412|voxel
99404|vomer (bone)
99435|Bruns
99436|Ebner glands
99436|under gland
99436|Ebner reticulum
99436|imbrication lines of von Ebner
99436|under line
99436|incremental lines of von Ebner
99436|under line
99437|Hansemann macrophage
99438|von Hippel-Lindau syndrome
99439|von Kossa stain
99440|Meyenburg
99441|von Recklinghausen disease
25880|neurofibromatosis
99442|Paget-von Schrötter syndrome
99443|von Willebrand disease
31833|factor VIII
99444|Voorhoeve disease
99455|Vossius lenticular ring
99470|Vulpian atrophy
